year,country,christianity,judaism,islam,buddhism,hindu,shinto,confus_tao,code,gdp,un_region,conflict_present,hdi,population,religious_population,religious_share
1990,United States,214425162,5508504,2294757,1575481,323352,59724,106818,USA,5963144000000.0,Northern America,0.0,0.88,249623000.0,224293798.0,0.8985301755046611
1995,United States,215593975,5259463,2425377,1608346,574269,57972,62455,USA,7639749000000.0,Northern America,0.0,0.89,266278000.0,225581857.0,0.8471667092287009
2000,United States,219818305,5010424,2555997,2449569,825186,56220,18093,USA,10250947997000.0,Northern America,0.0,0.89,282162411.0,230733794.0,0.8177339893796131
2005,United States,226464805,5536622,2685374,3682694,1311442,60560,90593,USA,13039199193000.0,Northern America,0.0,0.91,295516599.0,239832090.0,0.8115689298386924
2010,United States,233111307,5942248,2814750,3410236,1797698,156375,95752,USA,15048964444000.0,Northern America,0.0,0.92,309378227.0,247328366.0,0.7994368847423772
1990,Canada,24346000,350000,250000,500000,155000,0,280000,CAN,596075591360.987,Northern America,0.0,0.86,27691138.0,25881000.0,0.9346311444477291
1995,Canada,24958842,361880,125000,250000,170941,272,141722,CAN,605961090061.207,Northern America,0.0,0.88,29302311.0,26008657.0,0.8875974662885805
2000,Canada,25571687,373762,280323,360000,186882,545,3445,CAN,744773415931.587,Northern America,0.0,0.89,30685730.0,26776644.0,0.8726089944739787
2005,Canada,26057640,341229,646000,605000,193800,565,3572,CAN,1173108598778.68,Northern America,0.0,0.91,32242732.0,27847806.0,0.8636925059576217
2010,Canada,26431104,340304,670000,670000,275000,915,6940,CAN,1617343367486.26,Northern America,0.0,0.91,34005902.0,28394263.0,0.8349804395719308
1990,Cuba,7680210,1000,8000,6000,21000,0,20000,CUB,28645436569.1489,Latin America and the Caribbean,0.0,0.68,10631799.0,7736210.0,0.7276482559536726
1995,Cuba,8524160,1020,8160,6120,21420,0,20400,CUB,30429803651.2192,Latin America and the Caribbean,0.0,0.66,10925362.0,8581280.0,0.7854458277904202
2000,Cuba,8100650,500,8500,0,0,0,0,CUB,30565400000.0,Latin America and the Caribbean,0.0,0.69,11109109.0,8109650.0,0.7300000387069746
2005,Cuba,7520095,1200,7200,0,11000,0,21501,CUB,42643836100.0,Latin America and the Caribbean,0.0,0.75,11262554.0,7560996.0,0.6713393782618046
2010,Cuba,7407107,1500,8000,0,25000,0,0,CUB,59562962962.963,Latin America and the Caribbean,0.0,0.78,11297409.0,7441607.0,0.6587003267740418
1990,Haiti,5934500,160,1660,0,0,0,180,HTI,3096289800.0,Latin America and the Caribbean,0.0,0.44,6854441.0,5936500.0,0.8660808372265514
1995,Haiti,6621510,129,830,0,0,0,90,HTI,2813313278.81082,Latin America and the Caribbean,0.0,0.47,7562546.0,6622559.0,0.8757049543896989
2000,Haiti,7377600,98,0,0,0,0,0,HTI,6813566098.8675,Latin America and the Caribbean,0.0,0.48,8303151.0,7377698.0,0.8885419523262915
2005,Haiti,7998500,500,2000,0,0,0,0,HTI,7030149730.33692,Latin America and the Caribbean,0.0,0.52,9061273.0,8001000.0,0.8829885160727416
2010,Haiti,8003882,120,1750,0,0,0,0,HTI,11859312725.1448,Latin America and the Caribbean,0.0,0.45,9803294.0,8005752.0,0.8166389786943041
1990,Dominican Republic,6044752,0,1600,1470,0,0,5000,DOM,7073675544.79021,Latin America and the Caribbean,0.0,0.58,7151166.0,6052822.0,0.8464105014482953
1995,Dominican Republic,6098300,0,0,0,0,0,0,DOM,16637370839.1608,Latin America and the Caribbean,0.0,0.62,7888115.0,6098300.0,0.7730997836618761
2000,Dominican Republic,6526613,100,1873,1533,0,0,6580,DOM,24305780628.6677,Latin America and the Caribbean,0.0,0.65,8584190.0,6536699.0,0.7614811647924848
2005,Dominican Republic,7484946,100,2083,1705,0,0,7315,DOM,35777560683.9366,Latin America and the Caribbean,0.0,0.68,9225034.0,7496149.0,0.812587682603663
2010,Dominican Republic,8662283,100,0,0,0,0,0,DOM,53801053352.5005,Latin America and the Caribbean,0.0,0.71,9820175.0,8662383.0,0.8821006753952959
1990,Jamaica,1701798,600,3000,300,27100,0,6200,JAM,4592208086.69235,Latin America and the Caribbean,0.0,0.66,2379877.0,1738998.0,0.7307091921137101
1995,Jamaica,1754579,555,3078,308,28916,0,6636,JAM,6577520642.82297,Latin America and the Caribbean,0.0,0.66,2500151.0,1794072.0,0.7175854578383466
2000,Jamaica,1807362,511,3156,316,30733,0,7073,JAM,9005064474.93003,Latin America and the Caribbean,0.0,0.66,2607826.0,1849151.0,0.7090775995024208
2005,Jamaica,1890680,521,2334,319,23347,0,3536,JAM,11243865777.7131,Latin America and the Caribbean,0.0,0.69,2687066.0,1920737.0,0.7148082704332532
2010,Jamaica,1974000,531,1513,322,15961,0,0,JAM,13220549908.2494,Latin America and the Caribbean,0.0,0.71,2748568.0,1992327.0,0.7248599998253636
1990,Barbados,177173,30,1079,100,800,0,0,BRB,2012131457.26644,Latin America and the Caribbean,0.0,0.73,258582.0,179182.0,0.6929407305999644
1995,Barbados,183005,31,1885,104,859,0,0,BRB,2216974096.35559,Latin America and the Caribbean,0.0,0.74,262039.0,185884.0,0.7093753219940543
2000,Barbados,188838,32,1782,108,918,0,0,BRB,3059500000.0,Latin America and the Caribbean,0.0,0.76,262063.0,191678.0,0.731419544155413
2005,Barbados,187296,31,2041,114,1059,0,0,BRB,3819500000.0,Latin America and the Caribbean,0.0,0.78,268706.0,190541.0,0.70910586291337
2010,Barbados,185756,30,2300,120,1200,0,0,BRB,5672900000.0,Latin America and the Caribbean,0.0,0.79,275243.0,189406.0,0.6881410244765535
1990,Dominica,69480,0,0,90,140,0,0,DMA,201429629.62963,Latin America and the Caribbean,0.0,0.72,69627.0,69627.0,1.0
1995,Dominica,69050,0,69,46,140,0,0,DMA,274522222.222222,Latin America and the Caribbean,0.0,,69469.0,69305.0,0.9976392347665866
2000,Dominica,60965,0,139,92,141,0,0,DMA,333470370.37037,Latin America and the Caribbean,0.0,0.72,68511.0,61337.0,0.8952868882369255
2005,Dominica,64061,0,0,88,68,0,0,DMA,391455555.555556,Latin America and the Caribbean,0.0,0.73,68734.0,64217.0,0.934282887653854
2010,Dominica,67160,0,0,0,0,0,0,DMA,519859259.259259,Latin America and the Caribbean,0.0,0.74,68859.0,67160.0,0.9753263916118445
1990,Grenada,75257,0,0,0,0,0,0,GRD,278098762.962963,Latin America and the Caribbean,0.0,0.74,99957.0,75257.0,0.7528937443100533
1995,Grenada,77438,0,152,0,318,0,0,GRD,342172518.518519,Latin America and the Caribbean,0.0,,103869.0,77908.0,0.7500601719473567
2000,Grenada,76726,0,167,0,123,0,0,GRD,520044370.37037,Latin America and the Caribbean,0.0,0.74,107451.0,77016.0,0.7167546137309099
2005,Grenada,96820,0,500,0,250,0,0,GRD,695555555.555555,Latin America and the Caribbean,0.0,0.76,109734.0,97570.0,0.8891501266699473
2010,Grenada,94323,0,526,0,263,0,0,GRD,771014814.814815,Latin America and the Caribbean,0.0,0.78,111586.0,95112.0,0.852364992024089
1990,Mexico,80606800,105000,0,0,5400,0,0,MEX,261253675692.838,Latin America and the Caribbean,0.0,0.67,82820170.0,80717200.0,0.9746079970615854
1995,Mexico,87909596,61000,128584,11470,5705,0,5043,MEX,380157469866.849,Latin America and the Caribbean,0.0,0.68,90862455.0,88121398.0,0.9698328974272157
2000,Mexico,95812392,122001,257168,22940,6010,0,10086,MEX,742061329749.127,Latin America and the Caribbean,0.0,0.71,98625552.0,96230597.0,0.9757166885109043
2005,Mexico,97293942,128646,206112,24190,9465,0,10635,MEX,917571853529.104,Latin America and the Caribbean,0.0,0.74,105811504.0,97672990.0,0.9230847904779805
2010,Mexico,108811290,67476,3760,0,0,0,0,MEX,1105424238731.09,Latin America and the Caribbean,0.0,0.75,113623895.0,108882526.0,0.9582713741682592
1990,Belize,163920,2100,1000,600,4000,0,0,BLZ,546750912.28848,Latin America and the Caribbean,0.0,0.61,183076.0,171620.0,0.9374248945793004
1995,Belize,186321,1300,1194,721,4768,0,0,BLZ,818590250.0,Latin America and the Caribbean,0.0,0.65,204146.0,194304.0,0.951789405621467
2000,Belize,192222,0,243,0,367,0,0,BLZ,1138138100.0,Latin America and the Caribbean,0.0,0.66,240799.0,192832.0,0.8008006677768595
2005,Belize,208096,0,410,378,489,0,0,BLZ,1474298400.0,Latin America and the Caribbean,0.0,0.7,279731.0,209373.0,0.748479789512067
2010,Belize,223972,0,577,757,612,0,0,BLZ,1748988400.0,Latin America and the Caribbean,0.0,0.72,320245.0,225918.0,0.7054536370591266
1990,Guatemala,8511300,950,800,1600,0,0,3100,GTM,7650196845.21546,Latin America and the Caribbean,1.0,0.49,9024773.0,8517750.0,0.9438187531143443
1995,Guatemala,9576225,644,655,1390,0,0,0,GTM,14655404433.2771,Latin America and the Caribbean,1.0,0.52,10312996.0,9578914.0,0.9288197144651273
2000,Guatemala,11045250,1014,911,1981,0,0,3684,GTM,19288929030.0508,Latin America and the Caribbean,0.0,0.55,11697592.0,11052840.0,0.944881647436498
2005,Guatemala,12065950,1000,1100,2000,0,0,4000,GTM,26783389293.922,Latin America and the Caribbean,0.0,0.58,13087629.0,12074050.0,0.9225544214311088
2010,Guatemala,13133239,2000,2000,0,0,0,0,GTM,40676578423.4871,Latin America and the Caribbean,0.0,0.61,14500112.0,13137239.0,0.9060094846163946
1990,Honduras,4919650,290,6000,2500,0,0,400,HND,3734460116.73152,Latin America and the Caribbean,0.0,0.51,4980488.0,4928840.0,0.989629931846036
1995,Honduras,5624825,145,3000,1250,0,0,200,HND,4672346193.95203,Latin America and the Caribbean,0.0,0.54,5739637.0,5629420.0,0.9807972176637652
2000,Honduras,6330000,0,0,0,0,0,0,HND,7186638029.05875,Latin America and the Caribbean,0.0,0.55,6577773.0,6330000.0,0.96233178007207
2005,Honduras,6587486,357,10010,3854,0,0,482,HND,9757012696.56212,Latin America and the Caribbean,0.0,0.58,7478355.0,6602189.0,0.8828397421625478
2010,Honduras,7121814,397,397,0,0,0,0,HND,15839344591.9842,Latin America and the Caribbean,0.0,0.6,8365878.0,7122608.0,0.8513879834250512
1990,El Salvador,4865340,500,1550,540,0,0,700,SLV,4817542204.0,Latin America and the Caribbean,1.0,0.52,5399726.0,4868630.0,0.9016438982274286
1995,El Salvador,5288450,282,1656,301,0,0,741,SLV,8921947100.0,Latin America and the Caribbean,0.0,0.57,5762131.0,5291430.0,0.9183112983720779
2000,El Salvador,5711560,565,1763,602,0,0,783,SLV,11784927700.0,Latin America and the Caribbean,0.0,0.61,5943366.0,5715273.0,0.9616222524407886
2005,El Salvador,5803034,282,0,0,0,0,0,SLV,14698000000.0,Latin America and the Caribbean,0.0,0.64,6005578.0,5803316.0,0.9663209769317791
2010,El Salvador,6209779,648,2027,0,0,0,0,SLV,18447920000.0,Latin America and the Caribbean,0.0,0.66,6068249.0,6068249.0,1.0
1990,Nicaragua,3716900,400,710,4200,0,0,1700,NIC,1009455483.87097,Latin America and the Caribbean,0.0,0.49,4162559.0,3723910.0,0.8946203525283365
1995,Nicaragua,4307600,248,786,5017,0,0,1991,NIC,4140470000.0,Latin America and the Caribbean,0.0,0.55,4642931.0,4315642.0,0.9295081059787449
2000,Nicaragua,4898300,497,863,5835,0,0,2283,NIC,5109587049.97449,Latin America and the Caribbean,0.0,0.56,5022633.0,4907778.0,0.9771325119713107
2005,Nicaragua,4907725,0,1500,0,0,0,0,NIC,6321324279.14826,Latin America and the Caribbean,0.0,0.63,5342105.0,4909225.0,0.9189682718703582
2010,Nicaragua,5242544,0,1602,0,0,0,0,NIC,8758602232.98358,Latin America and the Caribbean,0.0,0.61,5737450.0,5244146.0,0.9140203400465363
1990,Costa Rica,2620600,3800,0,2000,80,0,0,CRI,5711687786.75989,Latin America and the Caribbean,0.0,0.66,3121706.0,2626480.0,0.8413604612349785
1995,Costa Rica,3097950,4170,0,2171,100,0,0,CRI,11578594259.8675,Latin America and the Caribbean,0.0,0.71,3535176.0,3104391.0,0.8781432664172872
2000,Costa Rica,3771380,4540,0,2343,121,0,0,CRI,15013629661.8969,Latin America and the Caribbean,0.0,0.71,3937739.0,3778384.0,0.9595313452719949
2005,Costa Rica,4057108,2687,0,1135,519,0,0,CRI,20040642476.9817,Latin America and the Caribbean,0.0,0.75,4261240.0,4061449.0,0.9531143516910571
2010,Costa Rica,3925741,3800,0,1200,558,0,0,CRI,37658616951.8038,Latin America and the Caribbean,0.0,0.77,4555962.0,3931299.0,0.8628910864489212
1990,Panama,2292500,1133,35000,12200,2666,0,1200,PAN,6433967000.0,Latin America and the Caribbean,0.0,0.67,2455583.0,2344699.0,0.9548441245928156
1995,Panama,2552070,3400,11666,0,0,0,0,PAN,9573813700.0,Latin America and the Caribbean,0.0,0.69,2724557.0,2567136.0,0.9422214326952969
2000,Panama,2773500,3778,12655,2033,9138,0,0,PAN,11966497048.6488,Latin America and the Caribbean,0.0,0.72,3010369.0,2801104.0,0.9304852660919641
2005,Panama,3161160,5000,10000,12315,450,0,0,PAN,16623906739.3121,Latin America and the Caribbean,0.0,0.75,3313026.0,3188925.0,0.9625414952976523
2010,Panama,4166894,6590,13181,16233,593,0,0,PAN,30231009532.9507,Latin America and the Caribbean,0.0,0.78,3628535.0,3628535.0,1.0
1990,Colombia,30980000,8750,20000,1300,8000,0,0,COL,47844090709.9908,Latin America and the Caribbean,1.0,0.61,32440069.0,31018050.0,0.9561647356545389
1995,Colombia,33756907,6500,0,0,0,0,0,COL,92507279383.0387,Latin America and the Caribbean,1.0,0.66,35804662.0,33763407.0,0.9429891280638258
2000,Colombia,39996945,7500,32248,1124,6832,0,0,COL,99875074951.0278,Latin America and the Caribbean,1.0,0.67,39089934.0,39089934.0,1.0
2005,Colombia,41606496,7500,25700,1500,7500,0,0,COL,145600529605.803,Latin America and the Caribbean,1.0,0.71,42128977.0,41648696.0,0.9885997469152883
2010,Colombia,44910647,8095,27740,1619,8095,0,0,COL,286498534094.963,Latin America and the Caribbean,1.0,0.73,44777319.0,44777319.0,1.0
1990,Guyana,303900,60,57600,1500,252000,0,0,GUY,396582263.291139,Latin America and the Caribbean,0.0,0.5,749894.0,615060.0,0.8201959210235047
1995,Guyana,367200,38,55800,0,232500,0,0,GUY,621626785.915493,Latin America and the Caribbean,0.0,0.54,758388.0,655538.0,0.8643834026909708
2000,Guyana,430500,16,54000,750,213000,0,0,GUY,712667896.727512,Latin America and the Caribbean,0.0,0.57,764832.0,698266.0,0.912966507677503
2005,Guyana,429477,22,55781,375,219706,0,0,GUY,824880550.343965,Latin America and the Caribbean,0.0,0.61,760914.0,705361.0,0.926991749396121
2010,Guyana,427919,29,57562,0,226412,0,0,GUY,3432912516.92427,Latin America and the Caribbean,0.0,0.65,749256.0,711922.0,0.9501719038619644
1990,Suriname,235351,525,65091,1400,82885,0,0,SUR,388400000.0,Latin America and the Caribbean,0.0,0.68,412493.0,385252.0,0.9339600914439761
1995,Suriname,225995,0,67800,0,110430,0,0,SUR,691590497.737557,Latin America and the Caribbean,0.0,,429606.0,404225.0,0.9409202850984391
2000,Suriname,234934,191,69493,617,102101,0,0,SUR,947671969.69697,Latin America and the Caribbean,0.0,0.68,476643.0,407336.0,0.8545934798161308
2005,Suriname,274703,276,82468,893,121100,0,405,SUR,1793410397.38738,Latin America and the Caribbean,0.0,0.68,519313.0,479845.0,0.9239995917683556
2010,Suriname,271680,290,110936,0,155084,0,0,SUR,4368370997.92126,Latin America and the Caribbean,0.0,0.7,549923.0,537990.0,0.978300598447419
1990,Ecuador,9874700,1400,0,1200,0,0,0,ECU,15239272611.5809,Latin America and the Caribbean,0.0,0.64,10473673.0,9877300.0,0.9430598033755684
1995,Ecuador,8978500,0,0,0,0,0,0,ECU,24432884442.2211,Latin America and the Caribbean,1.0,0.67,11590514.0,8978500.0,0.7746420909374684
2000,Ecuador,11477020,1300,1200,4422,0,0,0,ECU,17539454727.3637,Latin America and the Caribbean,0.0,0.68,12689206.0,11483942.0,0.90501659441891
2005,Ecuador,12136581,1150,1350,5941,0,0,0,ECU,40278849000.0,Latin America and the Caribbean,0.0,0.71,13846163.0,12145022.0,0.8771398978908452
2010,Ecuador,12830327,1000,1500,7460,0,0,0,ECU,68151329000.0,Latin America and the Caribbean,0.0,0.74,15076695.0,12840287.0,0.8516645723747811
1990,Peru,21346550,4500,250,7000,0,0,0,PER,26410386962.8019,Latin America and the Caribbean,1.0,0.62,22014771.0,21358300.0,0.9701804302211456
1995,Peru,23290887,3763,232,13121,0,0,0,PER,53312793687.3836,Latin America and the Caribbean,1.0,0.65,24348919.0,23308003.0,0.9572500117972383
2000,Peru,23532720,3027,5600,8200,0,0,0,PER,51744749133.213,Latin America and the Caribbean,0.0,0.68,26598331.0,23549547.0,0.8853768681952262
2005,Peru,26698560,3000,6200,8500,0,0,0,PER,76060606060.6061,Latin America and the Caribbean,0.0,0.69,28101180.0,26716260.0,0.9507166602968274
2010,Peru,27579681,3000,6000,10200,0,0,0,PER,147527631520.729,Latin America and the Caribbean,0.0,0.72,29086019.0,27598881.0,0.9488710366310357
1990,Brazil,138033011,86423,50000,236403,2666,2000,0,BRA,390725626002.866,Latin America and the Caribbean,0.0,0.62,149143223.0,138410503.0,0.928037494536376
1995,Brazil,151406004,87862,68293,278083,2560,2701,0,BRA,769333330411.575,Latin America and the Caribbean,0.0,0.67,161735073.0,151845503.0,0.9388532751952943
2000,Brazil,146447175,92000,86586,319764,2455,105000,0,BRA,655448188259.351,Latin America and the Caribbean,0.0,0.67,174018282.0,147052980.0,0.8450432811421503
2005,Brazil,157380092,99500,60876,281882,4065,130475,0,BRA,891633826625.407,Latin America and the Caribbean,0.0,0.72,184688101.0,157956890.0,0.8552629495064222
2010,Brazil,168313010,107000,35167,244000,5675,155951,0,BRA,2208838108484.35,Latin America and the Caribbean,0.0,0.72,193701929.0,168860803.0,0.8717559183419387
1990,Paraguay,4142546,2400,0,6200,0,0,0,PRY,5812114523.01187,Latin America and the Caribbean,0.0,0.6,4035747.0,4035747.0,1.0
1995,Paraguay,4624128,0,0,0,0,0,0,PRY,9062131475.02318,Latin America and the Caribbean,0.0,0.64,4579806.0,4579806.0,1.0
2000,Paraguay,5329016,1365,1000,5524,0,0,0,PRY,8855705139.55857,Latin America and the Caribbean,0.0,0.66,5100868.0,5100868.0,1.0
2005,Paraguay,5367889,1500,1270,4516,0,0,0,PRY,10737500188.1123,Latin America and the Caribbean,0.0,0.68,5448097.0,5375175.0,0.9866151428654812
2010,Paraguay,6138983,3208,3873,14783,0,0,0,PRY,27260886405.2341,Latin America and the Caribbean,0.0,0.7,5737971.0,5737971.0,1.0
1990,Chile,12353325,9600,2000,750,0,0,0,CHL,33428580448.2715,Latin America and the Caribbean,0.0,0.7,13437176.0,12365675.0,0.920258467999526
1995,Chile,13585000,0,0,0,0,0,0,CHL,73820425701.6603,Latin America and the Caribbean,0.0,0.74,14527381.0,13585000.0,0.935130702498957
2000,Chile,14197856,11127,1603,1812,0,0,0,CHL,78339750721.364,Latin America and the Caribbean,0.0,0.76,15503635.0,14212398.0,0.9167139190260865
2005,Chile,14273550,20900,4000,2100,0,0,0,CHL,122294145163.192,Latin America and the Caribbean,0.0,0.8,16348778.0,14300550.0,0.8747167525303726
2010,Chile,15587652,20664,4500,2700,0,0,0,CHL,217051209238.534,Latin America and the Caribbean,0.0,0.81,17181464.0,15615516.0,0.9088582905391531
1990,Argentina,29470753,620873,0,0,0,0,0,ARG,141352654305.163,Latin America and the Caribbean,0.0,0.72,32755901.0,30091626.0,0.918662747210037
1995,Argentina,31986560,695360,0,0,0,0,0,ARG,258031750000.0,Latin America and the Caribbean,0.0,0.75,35070020.0,32681920.0,0.9319048007386366
2000,Argentina,33280506,296256,555480,5985,1811,0,0,ARG,284203750000.0,Latin America and the Caribbean,0.0,0.78,37213984.0,34140038.0,0.917398094221785
2005,Argentina,32627326,425000,600000,6912,1879,0,0,ARG,198737095012.282,Latin America and the Caribbean,0.0,0.81,39216789.0,33661117.0,0.8583343475673135
2010,Argentina,34400709,275000,611000,7236,1967,0,0,ARG,423627422092.49,Latin America and the Caribbean,0.0,0.83,41288694.0,35295912.0,0.854856586163757
1990,Uruguay,2262800,30500,450,60,0,0,0,URY,9298807850.29979,Latin America and the Caribbean,0.0,0.7,3104403.0,2293810.0,0.7388892485930467
1995,Uruguay,2286480,63720,0,0,0,0,0,URY,19297663096.5506,Latin America and the Caribbean,0.0,0.73,3189440.0,2350200.0,0.7368691682552423
2000,Uruguay,2470035,45873,167,21,0,0,0,URY,22823270892.1094,Latin America and the Caribbean,0.0,0.75,3266206.0,2516096.0,0.7703421033455943
2005,Uruguay,2705243,9918,1000,32,0,0,0,URY,17362857683.8545,Latin America and the Caribbean,0.0,0.78,3285771.0,2716193.0,0.8266531660301342
2010,Uruguay,2746709,10070,1015,32,0,0,0,URY,41950361211.9581,Latin America and the Caribbean,0.0,0.78,3318580.0,2757826.0,0.8310259207251294
1990,United Kingdom,48498500,310000,1050000,120000,375000,0,11531,GBR,1093169389204.55,Europe,1.0,0.8,57247586.0,50365031.0,0.879775629316492
1995,United Kingdom,48904250,295603,1459221,153245,471355,0,13413,GBR,1349094208616.06,Europe,0.0,0.84,58019030.0,51297087.0,0.8841424442980174
2000,United Kingdom,42458524,281207,1828442,186491,567710,0,15296,GBR,1671597821152.97,Europe,0.0,0.86,58892514.0,45337670.0,0.7698375722252238
2005,United Kingdom,40989298,272103,2264221,217659,692355,0,19720,GBR,2551361818181.82,Europe,0.0,0.9,60401206.0,44455356.0,0.7360011321628247
2010,United Kingdom,38957273,263000,2700000,248827,817000,0,24144,GBR,2496740681057.14,Europe,0.0,0.91,62766365.0,43010244.0,0.6852435058171682
1990,Ireland,3335763,1581,7500,0,0,0,0,IRL,49305632408.4929,Europe,0.0,0.74,3513974.0,3344844.0,0.9518693080825299
1995,Ireland,3486468,1750,15081,726,2360,0,0,IRL,69139823232.3232,Europe,0.0,0.81,3608841.0,3506385.0,0.9716097217915669
2000,Ireland,3529605,1865,19163,466,3767,0,0,IRL,100207610429.909,Europe,0.0,0.85,3805174.0,3554866.0,0.934219039654954
2005,Ireland,3855152,2065,27678,521,4214,0,0,IRL,211876989655.907,Europe,0.0,0.9,4159914.0,3889630.0,0.9350265414140773
2010,Ireland,4150307,1984,25700,781,0,0,0,IRL,221732824603.484,Europe,0.0,0.91,4560155.0,4178772.0,0.9163662200078725
1990,Netherlands,11346000,26000,533000,48000,80000,0,0,NLD,318799003993.707,Europe,0.0,0.85,14951510.0,12033000.0,0.8048016554849644
1995,Netherlands,11215247,25471,626500,102930,84674,0,0,NLD,452967334614.329,Europe,0.0,0.89,15459006.0,12054822.0,0.7797928275595468
2000,Netherlands,10625781,24942,780000,157860,95000,0,0,NLD,417649282153.726,Europe,0.0,0.89,15925513.0,11683583.0,0.7336393496397887
2005,Netherlands,10570926,25786,897600,194208,105264,0,0,NLD,688133699635.797,Europe,0.0,0.91,16319868.0,11793784.0,0.722664178411247
2010,Netherlands,9626041,25700,963526,201012,107151,0,0,NLD,852464982433.335,Europe,0.0,0.92,16615394.0,10923430.0,0.6574282860821717
1990,Belgium,8495449,32100,315000,20000,0,0,0,BEL,205331747947.851,Europe,0.0,0.81,9967379.0,8862549.0,0.8891554138756036
1995,Belgium,8222233,32000,403904,21939,0,0,0,BEL,288025588396.278,Europe,0.0,0.88,10136811.0,8680076.0,0.8562925756433656
2000,Belgium,7909604,40000,350000,20000,0,0,0,BEL,236792460312.471,Europe,0.0,0.88,10251250.0,8319604.0,0.8115697110108523
2005,Belgium,8139550,50000,400000,10000,6500,0,0,BEL,385714762230.039,Europe,0.0,0.91,10478617.0,8606050.0,0.8212963600062871
2010,Belgium,7526165,30000,543818,32629,7500,0,0,BEL,481556503720.001,Europe,0.0,0.91,10895586.0,8140112.0,0.7471018080165674
1990,Luxembourg,352790,700,3900,0,0,0,0,LUX,12778792853.6939,Europe,0.0,0.79,381850.0,357390.0,0.9359434332853215
1995,Luxembourg,376823,699,5850,0,0,0,0,LUX,20853093869.7318,Europe,0.0,0.82,408625.0,383372.0,0.9382000611807892
2000,Luxembourg,404690,600,6000,0,0,0,0,LUX,21230182989.3036,Europe,0.0,0.86,436300.0,411290.0,0.9426770570708228
2005,Luxembourg,436200,650,9000,0,0,0,0,LUX,37672280120.4794,Europe,0.0,0.88,465158.0,445850.0,0.958491523310359
2010,Luxembourg,460637,600,10139,0,0,0,0,LUX,56213985987.4168,Europe,0.0,0.91,506953.0,471376.0,0.9298218967044283
1990,France,44618413,575000,1810000,307948,40000,0,0,FRA,1257649439826.53,Europe,0.0,0.79,58261012.0,47351361.0,0.8127452540645879
1995,France,43939194,581390,2677400,378182,42302,0,0,FRA,1595219345511.89,Europe,0.0,0.84,59541294.0,47618468.0,0.7997553429053792
2000,France,42875006,620000,4450000,594540,0,0,0,FRA,1360959069477.49,Europe,0.0,0.84,60918661.0,48539546.0,0.7967927266162335
2005,France,42399613,600000,5500000,609960,0,0,0,FRA,2192146403028.17,Europe,0.0,0.88,63180854.0,49109573.0,0.7772856789811673
2010,France,44023361,480000,4950000,650755,51000,0,0,FRA,2646230027988.34,Europe,0.0,0.88,65026211.0,50155116.0,0.7713061429951685
1995,Monaco,29105,539,136,0,0,0,0,MCO,3130309995.30848,Europe,0.0,,31609.0,29780.0,0.9421367332088962
2000,Monaco,28250,500,1197,0,0,0,0,MCO,2654462665.26893,Europe,0.0,0.8,32455.0,29947.0,0.922723771375751
2005,Monaco,27399,500,730,0,0,0,0,MCO,4204652898.73103,Europe,0.0,,32210.0,28629.0,0.8888233467867122
2010,Monaco,26550,500,264,0,0,0,0,MCO,5367561569.59548,Europe,0.0,0.86,33163.0,27314.0,0.8236287428760969
1990,Liechtenstein,27120,40,600,0,0,0,0,LIE,1421509216.37424,Europe,0.0,0.87,28742.0,27760.0,0.9658339711919839
1995,Liechtenstein,28428,41,1319,0,0,0,0,LIE,2428525060.69927,Europe,0.0,,30776.0,29788.0,0.9678970626462179
2000,Liechtenstein,29285,26,1593,66,0,0,0,LIE,2483889858.32312,Europe,0.0,0.87,32645.0,30970.0,0.9486904579568081
2005,Liechtenstein,30158,33,1776,0,0,0,0,LIE,3659319116.88057,Europe,0.0,0.9,34753.0,31967.0,0.9198342589128996
2010,Liechtenstein,31031,40,1960,148,0,0,0,LIE,5082337238.44718,Europe,0.0,0.92,36022.0,33179.0,0.9210760091055467
1990,Switzerland,6064100,17600,152200,1030,1800,0,0,CHE,265763573999.424,Europe,0.0,0.85,6715519.0,6236730.0,0.9287040956923805
1995,Switzerland,6091621,17750,231500,10480,12311,0,0,CHE,352835806342.495,Europe,0.0,0.87,7040687.0,6363662.0,0.9038410598283946
2000,Switzerland,6119143,17900,310800,19931,22823,0,0,CHE,279216033870.204,Europe,0.0,0.88,7184250.0,6490597.0,0.9034480982705223
2005,Switzerland,6408536,17923,312354,24170,23129,0,0,CHE,418284865884.998,Europe,0.0,0.91,7437115.0,6786112.0,0.9124656536842579
2010,Switzerland,6303993,17500,322000,25431,24336,0,0,CHE,598851028906.58,Europe,0.0,0.94,7824909.0,6693260.0,0.8553786376301629
1990,Spain,37464150,12800,170000,16500,0,0,0,ESP,536175326477.31,Europe,0.0,0.76,38867322.0,37663450.0,0.9690261140193811
1995,Spain,37249500,29583,300000,13838,0,0,0,ESP,614170002668.802,Europe,0.0,0.8,39724050.0,37592921.0,0.9463516685735719
2000,Spain,34100000,52000,450000,12000,0,0,0,ESP,598102854756.08,Europe,0.0,0.83,40567864.0,34614000.0,0.8532369365071821
2005,Spain,36380000,35000,1100000,9000,0,0,0,ESP,1154667551775.88,Europe,0.0,0.86,43653155.0,37524000.0,0.8595942263508789
2010,Spain,37121529,12000,1400000,10200,0,0,0,ESP,1427989078916.67,Europe,0.0,0.87,46576897.0,38543729.0,0.8275289141739091
1995,Andorra,62680,257,448,0,207,0,0,AND,1178745282.8678,Europe,0.0,,63912.0,63592.0,0.994993115533859
2000,Andorra,72946,0,500,0,0,0,0,AND,1432606296.26722,Europe,0.0,0.82,65685.0,65685.0,1.0
2005,Andorra,74445,0,400,0,0,0,0,AND,3161084846.97686,Europe,0.0,0.84,77421.0,74845.0,0.9667273737099753
2010,Andorra,77546,0,769,0,300,0,0,AND,3449925693.58181,Europe,0.0,0.86,80706.0,78615.0,0.9740911456397294
1990,Portugal,9344537,500,20000,50000,0,0,0,PRT,78713860216.5659,Europe,0.0,0.7,9983218.0,9415037.0,0.9430863875756295
1995,Portugal,9263964,467,28910,52650,0,0,0,PRT,118122007430.012,Europe,0.0,0.77,10026176.0,9345991.0,0.9321590803911681
2000,Portugal,8437963,1773,35000,55300,7000,0,0,PRT,118605192877.388,Europe,0.0,0.79,10289898.0,8537036.0,0.8296521500990583
2005,Portugal,8780641,2482,62993,57449,6693,0,0,PRT,197253876704.921,Europe,0.0,0.81,10503330.0,8910258.0,0.8483269591643793
2010,Portugal,9123319,3192,90987,59598,6386,0,0,PRT,238443864993.217,Europe,0.0,0.83,10573100.0,9283482.0,0.8780283928081641
1990,Germany,62557600,47000,2850000,75000,45000,0,0,DEU,1778162195860.07,Europe,0.0,0.83,79433029.0,65574600.0,0.8255331670658058
1995,Germany,60917960,135319,3258506,79843,68954,0,0,DEU,2593053091306.13,Europe,0.0,0.87,81678051.0,64460582.0,0.7892032340487655
2000,Germany,56327135,187500,3000000,80000,62500,0,0,DEU,1966980701145.1,Europe,0.0,0.89,82211508.0,59657135.0,0.7256543086400994
2005,Germany,54399203,189000,3500000,82000,70000,0,0,DEU,2893393187361.87,Europe,0.0,0.92,82469422.0,58240203.0,0.7062036035610871
2010,Germany,57827992,119000,4000000,245000,97500,0,0,DEU,3467093769666.67,Europe,0.0,0.93,81776930.0,62289492.0,0.761700054037245
1990,Poland,37050000,4940,4500,900,0,0,0,POL,65977748210.5263,Europe,0.0,0.72,38110782.0,37060340.0,0.972437143903266
1995,Poland,37293803,1410,5303,1458,0,0,0,POL,142838527115.448,Europe,0.0,0.75,38594998.0,37301974.0,0.9664976274904846
2000,Poland,36631210,1400,2500,0,0,0,0,POL,172953527033.013,Europe,0.0,0.79,38258629.0,36635110.0,0.9575646320206612
2005,Poland,35958000,1400,2700,1984,0,0,0,POL,306999913150.525,Europe,0.0,0.83,38165445.0,35964084.0,0.9423205729685583
2010,Poland,34539629,1600,5100,1500,0,0,0,POL,478111630683.514,Europe,0.0,0.84,38042794.0,34547829.0,0.9081306961838818
1990,Austria,6433500,7205,157415,0,0,0,0,AUT,165811372382.912,Europe,0.0,0.82,7677850.0,6598120.0,0.8593707873949087
1995,Austria,6996880,8687,242116,5717,4198,0,0,AUT,240094169510.031,Europe,0.0,0.86,7948278.0,7257598.0,0.9131031904017449
2000,Austria,6445987,8320,346502,0,0,0,0,AUT,196181599831.287,Europe,0.0,0.87,8011566.0,6800809.0,0.8488738656087961
2005,Austria,6285258,8309,372536,0,0,0,0,AUT,313952317330.776,Europe,0.0,0.9,8227829.0,6666103.0,0.8101897839636677
2010,Austria,6124531,8298,398571,0,0,0,0,AUT,389827789217.634,Europe,0.0,0.9,8363404.0,6531400.0,0.7809499576966508
1990,Hungary,8053776,100000,16458,1000,0,0,0,HUN,34478360678.756,Europe,0.0,0.72,10373988.0,8171234.0,0.7876656498927895
1995,Hungary,7811791,56435,20072,2206,0,0,0,HUN,46577614588.9926,Europe,0.0,0.74,10328965.0,7890504.0,0.7639201023529463
2000,Hungary,7462967,12666,3150,5139,0,0,0,HUN,47275954428.9586,Europe,0.0,0.77,10210971.0,7483922.0,0.7329295127760131
2005,Hungary,7066031,11815,3825,2569,0,0,0,HUN,113098237570.929,Europe,0.0,0.82,10087065.0,7084240.0,0.7023093436990839
2010,Hungary,6669095,10965,4500,0,0,0,0,HUN,131898737241.166,Europe,0.0,0.83,10000023.0,6684560.0,0.6684544625547362
1995,Czechia,3076314,7210,1050,10746,0,0,0,CZE,60572381311.2283,Europe,0.0,0.78,10327253.0,3095320.0,0.29972345985907384
2000,Czechia,3098330,3900,3699,6826,1062,0,0,CZE,62175642238.0847,Europe,0.0,0.81,10255063.0,3113817.0,0.30363704250281054
2005,Czechia,2675520,5611,2518,3413,531,0,0,CZE,137264185596.1,Europe,0.0,0.86,10211216.0,2687593.0,0.2632000929174351
2010,Czechia,2252712,7322,1338,0,0,0,0,CZE,211168667286.27,Europe,0.0,0.87,10474410.0,2261372.0,0.2158949286881075
1990,Italy,48669553,38359,600000,4100,0,0,0,ITA,1183945130898.51,Europe,0.0,0.78,56719240.0,49312012.0,0.869405372850553
1995,Italy,47718067,38088,640000,6233,0,0,0,ITA,1177369428265.78,Europe,0.0,0.82,56844303.0,48402388.0,0.8514905706557788
2000,Italy,48955835,30200,950063,60338,0,0,0,ITA,1149661363439.38,Europe,0.0,0.84,56942108.0,49996436.0,0.8780222186365141
2005,Italy,50346000,30000,1000000,60000,75000,0,0,ITA,1864982261286.85,Europe,0.0,0.88,58166682.0,51511000.0,0.8855756977852028
2010,Italy,48018881,39000,700000,8831,7923,0,0,ITA,2144936254535.0,Europe,0.0,0.88,59819407.0,48774635.0,0.8153647360629971
1995,San Marino,22799,0,5,0,0,0,0,SMR,0.0,Europe,0.0,,25158.0,22804.0,0.9064313538437078
2000,San Marino,25650,0,5,0,0,0,0,SMR,1007661366.66959,Europe,0.0,0.88,26799.0,25655.0,0.9573118399940296
2005,San Marino,29450,0,6,0,0,0,0,SMR,1786514058.22344,Europe,0.0,0.89,29836.0,29456.0,0.9872637082718864
2010,San Marino,28088,0,6,0,0,0,0,SMR,1881191925.32503,Europe,0.0,0.9,33270.0,28094.0,0.844424406372107
1990,Malta,350140,50,1250,0,40,0,0,MLT,2547328747.50761,Europe,0.0,0.73,354170.0,351480.0,0.9924047773668012
1995,Malta,365041,53,1093,0,40,0,0,MLT,3709396044.85885,Europe,0.0,0.76,377419.0,366227.0,0.9703459550261115
2000,Malta,371280,97,728,9,0,0,0,MLT,4036809815.46617,Europe,0.0,0.78,390087.0,372114.0,0.9539256627367741
2005,Malta,387285,58,2838,810,42,0,0,MLT,6393234992.55141,Europe,0.0,0.84,403834.0,391033.0,0.968301331735317
2010,Malta,401633,60,4122,0,0,0,0,MLT,9097044159.26912,Europe,0.0,0.86,414508.0,405815.0,0.9790281490345181
1990,Albania,976398,305,1367520,0,0,0,0,ALB,2028553750.0,Europe,0.0,0.65,3286542.0,2344223.0,0.7132794895059914
1995,Albania,1049187,302,1948860,0,0,0,0,ALB,2905092798.61916,Europe,0.0,0.64,3187784.0,2998349.0,0.9405747064418417
2000,Albania,715990,300,2051467,0,0,0,0,ALB,3584570164.85195,Europe,0.0,0.68,3089027.0,2767757.0,0.8959963768526464
2005,Albania,837479,299,1931812,0,0,0,0,ALB,8256658249.8128,Europe,0.0,0.72,3011487.0,2769590.0,0.9196752302101918
2010,Albania,685221,0,2013180,0,0,0,0,ALB,12086545641.299,Europe,0.0,0.77,2913021.0,2698401.0,0.9263239090964329
2010,Montenegro,478002,0,120289,119,0,0,0,MNE,4136936189.28052,Europe,0.0,0.81,619428.0,598410.0,0.966068695635328
1995,Croatia,4188925,810,85130,0,0,0,0,HRV,22772394546.6058,Europe,1.0,0.71,4620030.0,4274865.0,0.9252894461724275
2000,Croatia,4154923,498,57231,0,0,0,0,HRV,22134411297.473,Europe,0.0,0.76,4468302.0,4212652.0,0.9427858725753093
2005,Croatia,4098533,526,61127,0,0,0,0,HRV,45013119281.806,Europe,0.0,0.81,4310145.0,4160186.0,0.9652078990381994
2010,Croatia,4042145,553,65023,0,0,0,0,HRV,58975205417.3439,Europe,0.0,0.82,4295427.0,4107721.0,0.9563009684485384
1990,Serbia,17356386,5576,2837717,0,0,0,0,SRB,0.0,Europe,0.0,0.69,7897937.0,7897937.0,1.0
1995,Serbia,7885123,4852,2003930,0,0,0,0,SRB,17921892655.3672,Europe,0.0,0.69,7628264.0,7628264.0,1.0
2000,Serbia,9757747,1113,340084,0,0,0,0,SRB,7326373882.11044,Europe,0.0,0.69,7516346.0,7516346.0,1.0
2005,Serbia,7134892,814,248670,0,0,0,0,SRB,28334256180.8801,Europe,0.0,0.74,7440769.0,7384376.0,0.9924210790578232
2010,Serbia,6652741,586,226117,0,0,0,0,SRB,43536629233.1424,Europe,0.0,0.77,7291436.0,6879444.0,0.9434964525506361
1995,Slovenia,1780836,330,47700,0,0,0,0,SVN,21367422159.3207,Europe,0.0,0.77,1989872.0,1828866.0,0.9190872578738732
2000,Slovenia,1580712,100,48019,0,0,0,0,SVN,20159190701.6789,Europe,0.0,0.82,1988925.0,1628831.0,0.8189504380507058
2005,Slovenia,1478349,152,54815,0,0,0,0,SVN,35947936823.7781,Europe,0.0,0.88,2000474.0,1533316.0,0.7664763451062099
2010,Slovenia,1375987,205,61611,0,0,0,0,SVN,47793117240.9001,Europe,0.0,0.89,2048583.0,1437803.0,0.7018524511821098
1990,Greece,9754560,6600,202500,0,0,0,0,GRC,96529587274.2906,Europe,0.0,0.76,10196792.0,9963660.0,0.9771367308463289
1995,Greece,10021758,6009,235000,0,0,0,0,GRC,134974613913.811,Europe,0.0,0.79,10562153.0,10262767.0,0.9716548321161415
2000,Greece,10176670,4860,220000,0,0,0,0,GRC,125760166224.805,Europe,0.0,0.82,10805808.0,10401530.0,0.9625869717470457
2005,Greece,10580420,5500,240000,0,0,0,0,GRC,242315668619.405,Europe,0.0,0.86,10987314.0,10825920.0,0.985310877617587
2010,Greece,10682948,5648,272000,0,0,0,0,GRC,296417644404.034,Europe,0.0,0.87,11121341.0,10960596.0,0.9855462574162595
1990,Cyprus,505680,150,129390,0,0,0,0,CYP,5591130217.66965,Asia,0.0,0.73,788351.0,635220.0,0.8057578413676142
1995,Cyprus,519135,145,155523,0,0,0,0,CYP,9933137128.07244,Asia,0.0,0.78,862695.0,674803.0,0.7822034438590696
2000,Cyprus,559042,141,175000,0,0,0,0,CYP,9985847313.85485,Asia,0.0,0.8,947667.0,734183.0,0.7747267763887525
2005,Cyprus,576604,144,169999,0,0,0,0,CYP,18433412510.8817,Asia,0.0,0.84,1036151.0,746747.0,0.720693219424582
2010,Cyprus,606674,147,164999,0,0,0,0,CYP,25799940077.6075,Asia,0.0,0.86,1127816.0,771820.0,0.6843492200855459
1990,Bulgaria,6884000,4200,1110295,0,0,0,0,BGR,20632090909.0909,Europe,0.0,0.7,8718289.0,7998495.0,0.9174386166827
1995,Bulgaria,6629941,4053,1092780,0,0,0,0,BGR,18991484420.36,Europe,0.0,0.71,8406067.0,7726774.0,0.9191901515893224
2000,Bulgaria,6876100,3907,999156,0,0,0,0,BGR,13245990274.4581,Europe,0.0,0.72,8170172.0,7879163.0,0.9643815332161918
2005,Bulgaria,6403059,2953,985578,0,0,0,0,BGR,29868657858.0082,Europe,0.0,0.78,7658972.0,7391590.0,0.9650890485041596
2010,Bulgaria,6206119,2000,972000,0,0,0,0,BGR,50689051382.4361,Europe,0.0,0.79,7395599.0,7180119.0,0.9708637528887113
1990,Romania,21180551,9670,45928,0,0,0,0,ROU,38247882300.4904,Europe,0.0,0.71,23201835.0,21236149.0,0.9152788561766774
1995,Romania,21446333,8217,61592,0,0,0,0,ROU,37430162102.6125,Europe,0.0,0.7,22684270.0,21516142.0,0.9485049331541195
2000,Romania,21984877,7500,67257,0,0,0,0,ROU,37253739511.1273,Europe,0.0,0.72,22442971.0,22059634.0,0.9829195074038994
2005,Romania,21407729,8500,76128,0,0,0,0,ROU,98454380120.0761,Europe,0.0,0.76,21319685.0,21319685.0,1.0
2010,Romania,20899522,9500,85000,0,0,0,0,ROU,170064350671.827,Europe,0.0,0.81,20246871.0,20246871.0,1.0
1990,Russian Federation,68566005,2854190,28541901,550000,0,0,0,RUS,517014446227.929,Europe,1.0,0.74,147969406.0,100512096.0,0.6792762011898594
1995,Russian Federation,32225158,897498,14777400,552705,0,0,0,RUS,395537185734.854,Europe,1.0,0.71,148375787.0,48452761.0,0.3265543656391861
2000,Russian Federation,105985210,622175,20570760,1796711,0,0,0,RUS,259710142196.943,Europe,1.0,0.73,146596869.0,128974856.0,0.8797927055317941
2005,Russian Federation,103229800,606000,20035960,1750000,0,0,0,RUS,764015973481.11,Europe,1.0,0.78,143518814.0,125621760.0,0.8752982030634674
2010,Russian Federation,105697556,194000,16482000,0,0,0,0,RUS,1524916715223.95,Europe,1.0,0.8,142849468.0,122373556.0,0.856660915251011
1995,Estonia,647267,1622,3982,487,487,0,0,EST,4502970889.06373,Europe,0.0,0.72,1436634.0,653845.0,0.45512287750394326
2000,Estonia,401015,3200,1726,774,190,0,36,EST,5686579747.53524,Europe,0.0,0.8,1396985.0,406941.0,0.29129947708815773
2005,Estonia,390579,2450,1863,1087,275,0,106,EST,14109491356.7964,Europe,0.0,0.85,1354775.0,396360.0,0.29256518610101306
2010,Estonia,380141,1700,2000,1401,361,0,176,EST,19524355419.038,Europe,0.0,0.86,1331475.0,385779.0,0.2897380724384611
1995,Latvia,1359175,10389,6108,121,723,0,0,LVA,5608208784.9401,Europe,0.0,0.7,2485056.0,1376516.0,0.5539174972314507
2000,Latvia,1285590,6005,300,100,500,0,0,LVA,7761252607.18424,Europe,0.0,0.76,2367550.0,1292495.0,0.5459208886823932
2005,Latvia,1324373,6100,380,87,127,0,0,LVA,16306935905.4138,Europe,0.0,0.82,2238799.0,1331067.0,0.5945451110171123
2010,Latvia,1772369,6000,320,167,205,0,0,LVA,23468324572.3343,Europe,0.0,0.83,2097555.0,1779061.0,0.8481594046401644
1995,Lithuania,3172884,5681,7614,788,631,0,0,LTU,7921210339.58439,Europe,0.0,0.71,3629102.0,3187598.0,0.87834345796839
2000,Lithuania,3115606,5500,3012,429,279,0,0,LTU,11550695727.2335,Europe,0.0,0.77,3499536.0,3124826.0,0.8929258050210085
2005,Lithuania,2935356,5750,2869,214,139,0,0,LTU,26105207115.3129,Europe,0.0,0.83,3322528.0,2944328.0,0.8861710119523447
2010,Lithuania,2755107,6000,2727,0,0,0,0,LTU,36638128534.0643,Europe,0.0,0.85,3097282.0,2763834.0,0.8923417370455774
1995,Ukraine,39860991,242562,995335,19335,4969,0,0,UKR,48213856468.5718,Europe,0.0,0.7,51665539.0,41123192.0,0.795950120640375
2000,Ukraine,41626200,151368,353192,50456,0,0,0,UKR,32375083934.8241,Europe,0.0,0.7,49556660.0,42181216.0,0.8511714873439816
2005,Ukraine,39703750,143162,393000,0,0,0,0,UKR,89238865118.5263,Europe,0.0,0.76,47585556.0,40239912.0,0.8456329059179218
2010,Ukraine,39196664,67000,456000,46005,0,0,0,UKR,141209170427.233,Europe,0.0,0.77,46456003.0,39765669.0,0.8559855870510427
1995,Belarus,7159892,29500,15000,1329,0,0,0,BLR,13972683273.5692,Europe,0.0,0.69,10193831.0,7205721.0,0.7068707534978753
2000,Belarus,5989515,27350,16000,664,0,0,0,BLR,12736856827.9847,Europe,0.0,0.71,9979610.0,6033529.0,0.6045856501406368
2005,Belarus,4892500,25200,17000,0,0,0,0,BLR,30210091836.8294,Europe,0.0,0.77,9663915.0,4934700.0,0.5106315608115345
2010,Belarus,5394257,12000,19000,0,0,0,0,BLR,57231904542.8755,Europe,0.0,0.79,9483836.0,5425257.0,0.572053017365547
1995,Armenia,3288527,706,8316,210,0,0,0,ARM,1468317435.20148,Asia,0.0,0.63,3307581.0,3297759.0,0.9970304582110008
2000,Armenia,3416610,821,750,0,0,0,0,ARM,1911563668.85006,Asia,0.0,0.66,3221100.0,3221100.0,1.0
2005,Armenia,3054651,599,850,0,0,0,0,ARM,4900469511.10191,Asia,0.0,0.71,3146400.0,3056100.0,0.9713005339435545
2010,Armenia,3086654,565,1000,0,0,0,0,ARM,9260285755.62424,Asia,0.0,0.74,3044800.0,3044800.0,1.0
1995,Georgia,4581948,19753,595870,0,0,0,0,GEO,2693732611.81599,Asia,0.0,,4657722.0,4657722.0,1.0
2000,Georgia,4406616,13750,458374,0,0,0,0,GEO,3057475335.18846,Asia,0.0,0.69,4077131.0,4077131.0,1.0
2005,Georgia,3851060,12875,434000,0,0,0,0,GEO,6410912049.87105,Asia,0.0,0.74,3902469.0,3902469.0,1.0
2010,Georgia,3553010,12000,440787,0,0,0,0,GEO,12426907967.1578,Asia,0.0,0.76,3786695.0,3786695.0,1.0
1995,Azerbaijan,291437,22951,6738299,0,0,0,0,AZE,2417331192.9526,Asia,1.0,0.62,7684850.0,7052687.0,0.9177390580167473
2000,Azerbaijan,236459,12500,6960600,0,0,0,0,AZE,5272615722.96892,Asia,0.0,0.64,8048600.0,7209559.0,0.8957531744651244
2005,Azerbaijan,228500,10000,8056320,0,0,0,0,AZE,13245421880.834,Asia,1.0,0.69,8391850.0,8294820.0,0.9884375912343524
2010,Azerbaijan,218200,8000,8595234,0,0,0,0,AZE,52909294791.9262,Asia,0.0,0.73,9054332.0,8821434.0,0.9742777269488241
1990,Finland,4437525,1250,7800,2000,0,0,0,FIN,141446120354.533,Europe,0.0,0.81,4986431.0,4448575.0,0.8921360788908941
1995,Finland,4444851,1241,12181,2677,0,0,0,FIN,134060457516.34,Europe,0.0,0.86,5107790.0,4460950.0,0.8733620606955258
2000,Finland,4468908,1232,16563,3354,0,0,0,FIN,125967821110.589,Europe,0.0,0.89,5176209.0,4490057.0,0.8674412103529823
2005,Finland,4422378,1249,23712,4879,0,0,0,FIN,204859368790.661,Europe,0.0,0.91,5246096.0,4452218.0,0.848672612929691
2010,Finland,4258941,1277,24245,4988,0,0,0,FIN,249429613683.334,Europe,0.0,0.91,5363352.0,4289451.0,0.7997705539371647
1990,Sweden,7833833,15500,137000,24573,0,0,0,SWE,261466577008.853,Europe,0.0,0.81,8558835.0,8010906.0,0.9359808899225187
1995,Sweden,7933826,15813,205268,30641,0,0,0,SWE,267050453506.792,Europe,0.0,0.87,8826939.0,8185548.0,0.9273370983984369
2000,Sweden,7734793,20031,350550,3505,3505,0,0,SWE,262903560280.282,Europe,0.0,0.9,8872109.0,8112384.0,0.9143692891960638
2005,Sweden,7630100,19250,350000,15000,8500,0,0,SWE,391688455928.597,Europe,0.0,0.91,9029572.0,8022850.0,0.8885083368292539
2010,Sweden,7133814,19781,562741,0,0,0,0,SWE,492750897239.447,Europe,0.0,0.91,9378126.0,7716336.0,0.8228014850728174
1990,Norway,3819633,820,13919,27809,0,0,0,NOR,119791843059.572,Europe,0.0,0.84,4241473.0,3862181.0,0.9105754062326932
1995,Norway,3962924,821,18778,34737,0,0,0,NOR,152029612324.788,Europe,0.0,0.89,4359184.0,4017260.0,0.9215623841526304
2000,Norway,3956900,1200,62000,40000,0,0,0,NOR,171457201935.968,Europe,0.0,0.91,4490967.0,4060100.0,0.9040591925970509
2005,Norway,4168814,1300,76621,9505,3782,0,0,NOR,309978579743.888,Europe,0.0,0.94,4623291.0,4260022.0,0.9214263173137923
2010,Norway,4103723,823,99500,13450,5203,0,0,NOR,431052143940.438,Europe,0.0,0.94,4889252.0,4222699.0,0.8636697392566388
1990,Denmark,4777340,6700,55000,11272,3400,0,0,DNK,138217740684.484,Europe,0.0,0.84,5140939.0,4853712.0,0.9441294673988546
1995,Denmark,4703433,6737,108747,13840,5564,0,0,DNK,184848481008.139,Europe,0.0,0.86,5233373.0,4838321.0,0.9245129288510489
2000,Denmark,4551334,6159,174507,3941,0,0,0,DNK,164043817223.59,Europe,0.0,0.89,5339616.0,4735941.0,0.8869441173297855
2005,Denmark,4544945,7000,200000,4423,0,0,0,DNK,265150087711.985,Europe,0.0,0.92,5419432.0,4756368.0,0.8776506467836481
2010,Denmark,4527237,2153,222000,4487,206,0,0,DNK,322345594075.47,Europe,0.0,0.91,5547683.0,4756083.0,0.8573097994243724
1990,Iceland,246069,0,50,0,150,0,0,ISL,6694851159.32729,Europe,0.0,0.83,254826.0,246269.0,0.9664202239959816
1995,Iceland,257027,0,221,0,440,0,0,ISL,7372640168.67697,Europe,0.0,0.86,267468.0,257688.0,0.9634348781910359
2000,Iceland,268427,0,135,455,0,0,0,ISL,9140168922.35677,Europe,0.0,0.9,281205.0,269017.0,0.9566579541615547
2005,Iceland,277615,0,321,597,0,0,0,ISL,17146410560.5279,Europe,0.0,0.94,296734.0,278533.0,0.9386622362115565
2010,Iceland,290063,0,1589,1087,0,0,0,ISL,13922711576.5124,Europe,0.0,0.93,318041.0,292739.0,0.9204442194559821
1990,Cabo Verde,327320,0,7600,0,0,0,0,CPV,306890962.649533,Africa,0.0,0.59,375428.0,334920.0,0.8921018144624269
1995,Cabo Verde,368620,52,9828,0,0,0,0,CPV,487148993.533109,Africa,0.0,,418104.0,378500.0,0.9052771559229282
2000,Cabo Verde,406199,55,11856,0,0,0,0,CPV,539227277.626411,Africa,0.0,0.59,453317.0,418110.0,0.9223347017649901
2005,Cabo Verde,438406,0,11400,0,0,0,0,CPV,972241676.907662,Africa,0.0,0.62,485115.0,449806.0,0.9272151963967307
2010,Cabo Verde,450220,0,15200,0,0,0,0,CPV,1824751467.92957,Africa,0.0,0.65,509784.0,465420.0,0.9129749070194435
1990,Guinea-Bissau,115320,0,318120,0,0,0,0,GNB,634187269.235013,Africa,0.0,0.41,973669.0,433440.0,0.4451615487398695
1995,Guinea-Bissau,142554,0,374150,0,0,0,0,GNB,660195402.013602,Africa,0.0,,1119949.0,516704.0,0.46136386567602633
2000,Guinea-Bissau,145500,0,505200,0,0,0,0,GNB,391345597.488269,Africa,0.0,0.41,1234741.0,650700.0,0.5269931102960054
2005,Guinea-Bissau,158866,0,556919,0,0,0,0,GNB,639776040.688424,Africa,0.0,0.41,1381585.0,715785.0,0.5180897302735626
2010,Guinea-Bissau,160848,0,589777,0,0,0,0,GNB,940112538.936436,Africa,0.0,0.44,1566347.0,750625.0,0.47922012172270895
1990,Equatorial Guinea,318600,0,6960,0,150,0,0,GNQ,112119411.489965,Africa,0.0,0.51,474274.0,325710.0,0.6867549138261848
1995,Equatorial Guinea,339545,0,11653,0,188,0,0,GNQ,141853360.867855,Africa,0.0,,571264.0,351386.0,0.6151026495630741
2000,Equatorial Guinea,394530,0,18700,0,227,0,0,GNQ,1045998496.43872,Africa,0.0,0.51,703279.0,413457.0,0.5878989703943954
2005,Equatorial Guinea,526785,0,24665,0,305,0,0,GNQ,8217369092.65224,Africa,0.0,0.57,947367.0,551755.0,0.5824089291689493
2010,Equatorial Guinea,622914,0,27500,0,349,0,0,GNQ,16314443436.2903,Africa,0.0,0.61,1189085.0,650763.0,0.5472804719595319
1990,Mali,156000,0,7163200,0,0,0,0,MLI,3248417790.51435,Africa,1.0,0.24,9178830.0,7319200.0,0.7974001043706006
1995,Mali,222939,0,9557550,0,0,0,0,MLI,3373322735.39126,Africa,0.0,0.27,10185365.0,9780489.0,0.9602492399634182
2000,Mali,368900,0,10080350,0,0,0,0,MLI,3521570875.90793,Africa,0.0,0.32,11559290.0,10449250.0,0.9039698805030413
2005,Mali,325211,0,10607200,0,0,0,0,MLI,7429066951.48251,Africa,0.0,0.37,13538647.0,10932411.0,0.8074965688964341
2010,Mali,407068,0,12754822,0,0,0,0,MLI,12710739159.4045,Africa,0.0,0.41,15945198.0,13161890.0,0.8254453786023855
1990,Senegal,400000,0,6407000,830,0,0,0,SEN,7390967360.42121,Africa,1.0,0.37,7720523.0,6807830.0,0.8817835268413811
1995,Senegal,411998,0,7328829,1015,0,0,0,SEN,6326342633.4034,Africa,1.0,0.38,8848101.0,7741842.0,0.8749721550420819
2000,Senegal,377758,0,8852140,1242,0,0,0,SEN,6013185003.97525,Africa,1.0,0.39,9968260.0,9231140.0,0.9260532931524659
2005,Senegal,433919,0,10159120,1300,0,0,0,SEN,11009033437.939,Africa,0.0,0.43,11235472.0,10594339.0,0.942936709735025
2010,Senegal,421345,0,11346069,1631,0,0,0,SEN,16121315909.0758,Africa,0.0,0.47,12635413.0,11769045.0,0.9314333453128917
1990,Benin,1306920,0,870000,0,0,0,0,BEN,1959965330.14765,Africa,0.0,0.35,5281479.0,2176920.0,0.4121799973075724
1995,Benin,1837275,0,1190640,0,0,0,0,BEN,2169627137.9207,Africa,0.0,0.38,6226773.0,3027915.0,0.48627354811232076
2000,Benin,2635093,0,1505807,0,0,0,0,BEN,3519991440.47913,Africa,0.0,0.41,7221619.0,4140900.0,0.5734032770213993
2005,Benin,3161071,0,1692233,0,6198,0,0,BEN,6567654954.38903,Africa,0.0,0.46,8426144.0,4859502.0,0.5767171792933992
2010,Benin,3514394,0,2325715,0,0,0,0,BEN,9535345015.78355,Africa,0.0,0.48,9797484.0,5840109.0,0.5960825248604642
1990,Mauritania,8930,0,1972970,0,0,0,0,MRT,1506914407.82047,Africa,0.0,0.4,1951878.0,1951878.0,1.0
1995,Mauritania,8088,0,2261160,0,0,0,0,MRT,2091726101.43014,Africa,0.0,0.44,2312017.0,2269248.0,0.9815014335967253
2000,Mauritania,7248,0,2597000,0,0,0,0,MRT,1779520886.47015,Africa,0.0,0.46,2613441.0,2604248.0,0.9964824153290623
2005,Mauritania,7489,0,2789760,0,0,0,0,MRT,2936019525.60241,Africa,0.0,0.5,2939059.0,2797249.0,0.9517498627962215
2010,Mauritania,8718,0,3212166,0,0,0,0,MRT,5628878797.98257,Africa,0.0,0.51,3390965.0,3220884.0,0.949842891330344
1990,Niger,65400,0,6970000,0,0,0,0,NER,3512356507.88599,Africa,0.0,0.21,8286059.0,7035400.0,0.8490646759816699
1995,Niger,52829,0,8450430,0,0,0,0,NER,2302537562.24406,Africa,0.0,0.24,9714529.0,8503259.0,0.8753135638382468
2000,Niger,379700,0,9817950,0,0,0,0,NER,2241753192.81158,Africa,0.0,0.26,11509630.0,10197650.0,0.8860102366453135
2005,Niger,446864,0,11590000,0,0,0,0,NER,4383315964.58718,Africa,0.0,0.3,13756192.0,12036864.0,0.8750142481291334
2010,Niger,584548,0,13714412,0,0,0,0,NER,7851192502.30917,Africa,0.0,0.34,16548835.0,14298960.0,0.864046321085442
1990,Guinea,220000,0,3847000,4458,0,0,0,GIN,3888320665.52218,Africa,0.0,0.27,6434374.0,4071458.0,0.6327667617704535
1995,Guinea,280000,0,4997320,5573,0,0,0,GIN,5385704166.43341,Africa,0.0,0.31,7553249.0,5282893.0,0.6994199449799682
2000,Guinea,534351,0,6315500,6500,0,0,0,GIN,4367458866.71537,Africa,1.0,0.34,8428832.0,6856351.0,0.8134402251699879
2005,Guinea,737678,0,7837850,8200,0,0,0,GIN,4282468636.90501,Africa,0.0,0.4,9245844.0,8583728.0,0.9283877166865458
2010,Guinea,819087,0,8702832,9000,0,0,0,GIN,6853467145.53089,Africa,0.0,0.42,10396086.0,9530919.0,0.9167795456867133
1990,Burkina Faso,1340000,0,4376500,0,0,0,0,BFA,3101300778.56414,Africa,0.0,0.3,9159356.0,5716500.0,0.624115931294733
1995,Burkina Faso,1601000,0,5100000,0,0,0,0,BFA,2379517975.28056,Africa,0.0,,10386722.0,6701000.0,0.6451506067072942
2000,Burkina Faso,2561541,0,6804090,0,0,0,0,BFA,2968370087.59759,Africa,0.0,0.3,11925546.0,9365631.0,0.7853419038423901
2005,Burkina Faso,2891500,0,7425160,0,0,0,0,BFA,6146353173.34929,Africa,0.0,0.33,13932123.0,10316660.0,0.7404944673543292
2010,Burkina Faso,4574351,0,9023117,0,0,0,0,BFA,10109619740.6994,Africa,0.0,0.37,16176498.0,13597468.0,0.8405693247079806
1990,Liberia,866520,0,433260,0,0,0,0,LBR,384400000.0,Africa,1.0,0.4,2223667.0,1299780.0,0.5845209736889562
1995,Liberia,998800,0,441600,0,0,0,0,LBR,134800000.0,Africa,1.0,,2169162.0,1440400.0,0.6640352357269766
2000,Liberia,1230057,0,630800,0,0,0,0,LBR,874000000.0,Africa,1.0,0.43,2928117.0,1860857.0,0.6355131984138612
2005,Liberia,2281310,0,466760,0,0,0,0,LBR,949000000.0,Africa,0.0,0.45,3301015.0,2748070.0,0.8324924303585413
2010,Liberia,3542240,0,468918,0,0,0,0,LBR,1998000000.0,Africa,0.0,0.46,4058890.0,4011158.0,0.9882401346180852
1990,Sierra Leone,452150,0,1798650,0,2050,0,0,SLE,649644097.566129,Africa,0.0,0.31,4196828.0,2252850.0,0.5367982676440397
1995,Sierra Leone,419499,0,2433100,0,2270,0,0,SLE,870740291.519248,Africa,1.0,0.31,4179179.0,2854869.0,0.6831171864138865
2000,Sierra Leone,856198,0,2813860,0,2490,0,0,SLE,635866403.776065,Africa,1.0,0.32,4423611.0,3672548.0,0.8302149533491981
2005,Sierra Leone,1057208,0,3147566,0,2797,0,0,SLE,2545275312.60512,Africa,0.0,0.37,5501712.0,4207571.0,0.7647748555358769
2010,Sierra Leone,1169246,0,3396544,0,3000,0,0,SLE,4262805966.78755,Africa,0.0,0.42,6222714.0,4568790.0,0.7342117924751161
1990,Ghana,8280300,0,2930000,340,3200,0,0,GHA,5889106573.46088,Africa,0.0,0.44,15394648.0,11213840.0,0.728424579763045
1995,Ghana,10150510,0,3464972,372,3621,0,0,GHA,6464382807.67884,Africa,0.0,0.46,17399017.0,13619475.0,0.782772670433048
2000,Ghana,10986230,0,3787000,404,4042,0,0,GHA,4982850662.20851,Africa,0.0,0.5,19637087.0,14777676.0,0.7525391113254222
2005,Ghana,12666130,0,3404843,431,4333,0,0,GHA,10744568381.4456,Africa,0.0,0.52,22449438.0,16075737.0,0.7160863893341116
2010,Ghana,16879326,0,4223515,0,0,0,0,GHA,32197655566.5347,Africa,0.0,0.57,25474995.0,21102841.0,0.8283746866289866
1990,Togo,1467000,0,650000,0,0,0,0,TGO,2299665505.61434,Africa,0.0,0.4,3998761.0,2117000.0,0.5294139859821579
1995,Togo,1777899,0,735300,0,0,0,0,TGO,1849110468.19569,Africa,0.0,0.42,4410832.0,2513199.0,0.5697788988562702
2000,Togo,1917880,0,555480,0,0,0,0,TGO,2106848752.27753,Africa,0.0,0.44,5140037.0,2473360.0,0.48119497972485414
2005,Togo,2513727,0,731169,0,0,0,0,TGO,3221910408.46516,Africa,0.0,0.46,5844631.0,3244896.0,0.555192620372441
2010,Togo,2797212,0,815854,0,0,0,0,TGO,4746386893.22553,Africa,0.0,0.47,6732590.0,3613066.0,0.5366532047844886
1990,Cameroon,6038000,0,2435000,55,0,0,0,CMR,12314482627.8454,Africa,0.0,0.44,11331821.0,8473055.0,0.7477222769403081
1995,Cameroon,7036810,0,2920940,100,0,0,0,CMR,10864772470.9043,Africa,0.0,0.43,13058516.0,9957850.0,0.7625560209138619
2000,Cameroon,7566370,0,2896320,181,0,0,0,CMR,10566579294.9831,Africa,0.0,0.43,14912631.0,10462871.0,0.7016113387369405
2005,Cameroon,8938935,0,3499500,326,0,0,0,CMR,19509852206.9341,Africa,0.0,0.47,17074594.0,12438761.0,0.728495271981284
2010,Cameroon,9868484,0,4265362,359,0,0,0,CMR,27507501821.0296,Africa,0.0,0.52,19668066.0,14134205.0,0.7186372569626317
1990,Nigeria,44038540,800,42899000,5000,0,0,0,NGA,54035795387.8086,Africa,0.0,0.38,97120925.0,86943340.0,0.8952070833345132
1995,Nigeria,47688800,801,52361000,5477,0,0,0,NGA,140919776986.364,Africa,0.0,0.4,110819428.0,100056078.0,0.9028748821912346
2000,Nigeria,49263166,200,60000000,5954,0,0,0,NGA,69171451627.2465,Africa,0.0,0.43,126382494.0,109269320.0,0.8645922116396911
2005,Nigeria,56317628,100,66214665,7000,0,0,0,NGA,175670569969.346,Africa,0.0,0.48,145017253.0,122539393.0,0.844998718876574
2010,Nigeria,64726375,100,78284656,8229,0,0,0,NGA,366990417129.04,Africa,1.0,0.49,166642886.0,143019360.0,0.8582386169188164
1990,Gabon,806600,0,40000,0,0,0,0,GAB,5952293764.84777,Africa,0.0,0.6,983734.0,846600.0,0.8605984951216488
1995,Gabon,946880,0,79645,0,0,0,0,GAB,4958845648.04778,Africa,0.0,0.64,1123213.0,1026525.0,0.9139183752324804
2000,Gabon,936379,0,147120,0,0,0,0,GAB,5080483628.53013,Africa,0.0,0.63,1275572.0,1083499.0,0.8494220631998821
2005,Gabon,963099,0,157560,0,0,0,0,GAB,9582783990.85345,Africa,0.0,0.67,1463495.0,1120659.0,0.7657415980239085
2010,Gabon,1047752,0,210332,0,0,0,0,GAB,14372593020.2885,Africa,0.0,0.66,1719879.0,1258084.0,0.7314956459146253
1990,Central African Republic,1853000,0,455000,0,0,0,0,CAF,1440711459.16967,Africa,0.0,0.33,2871910.0,2308000.0,0.8036463538202799
1995,Central African Republic,2159140,0,490950,0,0,0,0,CAF,1115389673.69197,Africa,0.0,0.33,3348052.0,2650090.0,0.7915319116907383
2000,Central African Republic,1662483,0,565474,0,0,0,0,CAF,916777282.691659,Africa,0.0,0.32,3833416.0,2227957.0,0.581193640345843
2005,Central African Republic,2017690,0,615150,0,0,0,0,CAF,1337894378.73743,Africa,1.0,0.35,4288810.0,2632840.0,0.6138859030826733
2010,Central African Republic,2215305,0,675397,0,0,0,0,CAF,2142591540.40068,Africa,1.0,0.36,4492995.0,2890702.0,0.6433797500331071
1990,Chad,1808050,0,2672890,612,0,0,0,TCD,1738605557.76313,Africa,1.0,0.29,5982833.0,4481552.0,0.7490685432804158
1995,Chad,1955305,0,3167500,765,0,0,0,TCD,1445919894.57661,Africa,0.0,,7089064.0,5123570.0,0.7227428049739711
2000,Chad,2274495,0,4124505,918,0,0,0,TCD,1388506771.58756,Africa,1.0,0.29,8512093.0,6399918.0,0.7518618511334404
2005,Chad,3306270,0,5530260,1543,0,0,0,TCD,8655892392.92919,Africa,1.0,0.34,10328092.0,8838073.0,0.8557314361645888
2010,Chad,3909470,0,6347232,1771,0,0,0,TCD,14058506663.7252,Africa,1.0,0.36,12312575.0,10258473.0,0.8331703969315923
1990,Uganda,13556620,2000,1843204,727,132000,0,1650,UGA,4304399310.30967,Africa,1.0,0.33,17569897.0,15536201.0,0.8842511142780177
1995,Uganda,15511805,2200,2156905,908,157600,0,1800,UGA,5755818842.49246,Africa,1.0,0.36,20665667.0,17831218.0,0.8628426074996757
2000,Uganda,17829965,1500,2634881,1090,162000,0,2004,UGA,6193246837.09687,Africa,1.0,0.39,24000150.0,20631440.0,0.8596379605960796
2005,Uganda,21257472,2676,3117551,1722,170000,0,2461,UGA,9239221763.05793,Africa,1.0,0.47,27963289.0,24551882.0,0.878004086000041
2010,Uganda,25921856,2000,3734278,2005,182000,0,2863,UGA,26673441430.7857,Africa,0.0,0.5,32390802.0,29845002.0,0.9214036132850307
1990,Kenya,18867000,1600,1680000,200,120000,0,48000,KEN,8572359038.16958,Africa,0.0,0.48,22892651.0,20716800.0,0.9049541706637645
1995,Kenya,24049800,1693,2032672,461,135801,0,53027,KEN,9046320255.40507,Africa,0.0,0.49,26601751.0,26273454.0,0.9876588199024944
2000,Kenya,23881200,1787,2406400,722,135000,0,58054,KEN,12705350097.8044,Africa,0.0,0.49,30642890.0,26483163.0,0.8642514788911881
2005,Kenya,29036215,1500,3193162,1118,145000,0,60000,KEN,18737895512.7378,Africa,0.0,0.53,35796484.0,32436995.0,0.9061503079464452
2010,Kenya,32402646,1300,4198090,1266,175000,0,77561,KEN,45405615063.7551,Africa,0.0,0.55,41598567.0,36855863.0,0.8859887649495234
1990,Burundi,4891200,0,105893,0,5000,0,0,BDI,1132101252.51817,Africa,0.0,0.28,5587052.0,5002093.0,0.8953009565688668
1995,Burundi,5424155,0,59820,0,5312,0,0,BDI,1000428393.88528,Africa,1.0,0.29,6066316.0,5489287.0,0.904879831515536
2000,Burundi,5623798,0,234324,0,5624,0,0,BDI,870486065.883137,Africa,1.0,0.3,6470194.0,5863746.0,0.906270507499466
2005,Burundi,6632591,0,224601,0,6422,0,0,BDI,1117113079.73645,Africa,1.0,0.35,7587299.0,6863614.0,0.9046188900687847
2010,Burundi,7641386,0,214879,0,7220,0,0,BDI,2032135192.01248,Africa,0.0,0.4,9376444.0,7863485.0,0.8386425600152894
1990,Rwanda,5702750,0,556056,0,10000,0,0,RWA,2550185679.08109,Africa,1.0,0.32,7375307.0,6268806.0,0.8499722113262539
1995,Rwanda,4359705,0,362880,0,5193,0,0,RWA,1293535193.49248,Africa,0.0,0.29,5674118.0,4727778.0,0.8332181318752976
2000,Rwanda,6779963,0,328674,0,387,0,0,RWA,2068836754.37431,Africa,1.0,0.33,8213931.0,7109024.0,0.8654837738471385
2005,Rwanda,8064826,0,449600,0,440,0,0,RWA,2933819766.17656,Africa,0.0,0.43,9054528.0,8514866.0,0.9403986602062526
2010,Rwanda,9252868,0,475843,0,517,0,0,RWA,6124756654.12346,Africa,0.0,0.48,10317553.0,9729228.0,0.9429782430000602
1990,Djibouti,23660,0,484500,0,130,0,0,DJI,452328087.282876,Africa,0.0,0.32,579538.0,508290.0,0.8770606931728376
1995,Djibouti,26408,0,564940,0,192,0,0,DJI,497723960.589913,Africa,0.0,0.32,633074.0,591540.0,0.9343931357155719
2000,Djibouti,10397,0,622050,0,255,0,0,DJI,551230861.856505,Africa,0.0,0.33,747318.0,632702.0,0.8466302163202278
2005,Djibouti,11125,0,784875,0,321,0,0,DJI,708633194.726566,Africa,0.0,0.38,839167.0,796321.0,0.9489422248491659
2010,Djibouti,12256,0,860869,0,352,0,0,DJI,1128611700.3618,Africa,0.0,0.42,930251.0,873477.0,0.9389691599364043
1990,Ethiopia,29253960,10000,16540480,0,3600,0,0,ETH,12478943895.1691,Africa,1.0,0.29,47609755.0,45808040.0,0.9621566000497167
1995,Ethiopia,32575450,10975,19270180,0,4130,0,0,ETH,7855205206.93405,Africa,0.0,,57537335.0,51860735.0,0.9013405817283682
2000,Ethiopia,38159809,11950,20608195,0,4661,0,0,ETH,8242349617.8638,Africa,1.0,0.29,67411494.0,58784615.0,0.8720265864453323
2005,Ethiopia,42171769,8500,27234000,0,5471,0,0,ETH,12401139453.9738,Africa,1.0,0.35,78367470.0,69419740.0,0.8858234162720833
2010,Ethiopia,50654152,4500,28332765,0,6130,0,0,ETH,29933790334.3418,Africa,1.0,0.41,90538514.0,78997547.0,0.8725297501569332
1995,Eritrea,1539364,0,1542000,0,685,0,0,ERI,578015625.0,Africa,0.0,,2025267.0,2025267.0,1.0
2000,Eritrea,1812203,0,1925000,0,770,0,0,ERI,706370815.584416,Africa,1.0,0.47,2247031.0,2247031.0,1.0
2005,Eritrea,2012850,0,2370690,0,895,0,0,ERI,1098424685.66169,Africa,0.0,0.47,2661215.0,2661215.0,1.0
2010,Eritrea,3009808,0,2100000,0,1047,0,0,ERI,1589515447.15447,Africa,0.0,0.46,2945186.0,2945186.0,1.0
1990,Angola,9307500,0,91671,900,0,0,0,AGO,11229515599.3048,Africa,1.0,0.38,11626360.0,9400071.0,0.8085136706587445
1995,Angola,9875230,0,114089,1000,0,0,0,AGO,5538749259.94714,Africa,1.0,,13699778.0,9990319.0,0.7292321817185651
2000,Angola,10839535,0,130000,1101,0,0,0,AGO,9129594970.15301,Africa,1.0,0.38,16194869.0,10970636.0,0.6774143094334385
2005,Angola,15029280,0,175000,1200,0,0,0,AGO,41396636383.3725,Africa,0.0,0.46,19291161.0,15205480.0,0.7882096883645313
2010,Angola,17034849,0,198750,1634,0,0,0,AGO,95546919754.7633,Africa,0.0,0.52,23294825.0,17235233.0,0.7398738990312226
1990,Mozambique,5384000,160,2264160,591,22000,0,0,MOZ,0.0,Africa,1.0,0.24,13094537.0,7670911.0,0.5858100213852541
1995,Mozambique,7432920,178,2787680,738,26842,0,0,MOZ,3061646173.73938,Africa,0.0,0.26,15960530.0,10248358.0,0.6421063711543413
2000,Mozambique,7571947,197,4329600,886,31685,0,0,MOZ,5930685214.61595,Africa,0.0,0.3,18129653.0,11934315.0,0.6582759747249437
2005,Mozambique,8746666,194,4224000,1695,31266,0,0,MOZ,8868504899.94673,Africa,0.0,0.37,20304569.0,13003821.0,0.6404381693598126
2010,Mozambique,10340024,218,5320442,1900,35165,0,0,MOZ,11411894723.864,Africa,0.0,0.41,22999235.0,15697749.0,0.6825335277455967
1990,Zambia,6080800,1000,80000,2400,10000,0,0,ZMB,3288381797.32415,Africa,0.0,0.42,7786169.0,6174200.0,0.7929702013917242
1995,Zambia,6410000,1091,89054,2575,11235,0,0,ZMB,3806983413.16416,Africa,0.0,0.41,8785763.0,6513955.0,0.7414216613855849
2000,Zambia,7513167,1183,62500,2751,12470,0,0,ZMB,3600632111.41414,Africa,0.0,0.42,10017631.0,7592071.0,0.7578708978200535
2005,Zambia,9953669,1522,62405,3512,57205,0,0,ZMB,8331870169.14977,Africa,0.0,0.48,11718819.0,10078313.0,0.8600109789220228
2010,Zambia,11344499,1682,71124,3912,65198,0,0,ZMB,20265559483.8548,Africa,0.0,0.53,13965594.0,11486415.0,0.822479516445917
1990,Zimbabwe,6548714,9400,80000,700,13500,0,0,ZWE,8788301546.04498,Africa,0.0,0.48,10137281.0,6652314.0,0.6562227090281901
1995,Zimbabwe,8271850,10132,82767,437,15385,0,0,ZWE,7115000000.0,Africa,0.0,0.48,10974599.0,8380571.0,0.7636334594093142
2000,Zimbabwe,7563983,10864,84200,175,17270,0,0,ZWE,6693250000.0,Africa,0.0,0.43,11892055.0,7676492.0,0.6455143370931264
2005,Zimbabwe,9865000,11432,72150,184,17939,0,0,ZWE,5758250000.0,Africa,0.0,0.46,12483432.0,9966705.0,0.7983946241706608
2010,Zimbabwe,9961179,11326,130448,182,18005,0,0,ZWE,12047750000.0,Africa,0.0,0.48,13356548.0,10121140.0,0.7577661533504017
1990,Malawi,5352920,152,1657800,0,15433,0,0,MWI,2737087861.62245,Africa,0.0,0.3,9545852.0,7026305.0,0.7360584471663714
1995,Malawi,6730375,183,1566080,0,21689,0,0,MWI,2033701497.97085,Africa,0.0,0.37,10150117.0,8318327.0,0.8195301591104812
2000,Malawi,6890909,197,1688144,0,23379,0,0,MWI,2537307580.32808,Africa,0.0,0.38,11315942.0,8602629.0,0.7602220831460607
2005,Malawi,8664396,237,1801506,0,28137,0,0,MWI,5320409651.47544,Africa,0.0,0.43,12840031.0,10494276.0,0.8173092416988713
2010,Malawi,10452600,278,2110934,0,32970,0,0,MWI,10128323010.6049,Africa,0.0,0.46,14826463.0,12596782.0,0.849614773260487
1990,South Africa,28864199,114400,436871,65549,664743,0,1130,ZAF,126048140141.869,Africa,0.0,0.64,40746268.0,30146892.0,0.7398687899466032
1995,South Africa,35332102,91116,490700,25500,91116,0,0,ZAF,171735933897.331,Africa,0.0,0.65,44541554.0,36030534.0,0.8089195540865054
2000,South Africa,31630111,75749,654000,98000,560000,0,1615,ZAF,151752757215.309,Africa,0.0,0.63,47159719.0,33019475.0,0.7001626748454545
2005,South Africa,37919459,78642,749500,128535,655165,0,1808,ZAF,288867217196.534,Africa,0.0,0.62,49490033.0,39533109.0,0.798809509785536
2010,South Africa,40488807,81536,845000,159070,750331,0,2001,ZAF,417363822801.713,Africa,0.0,0.68,52344051.0,42326745.0,0.8086257022789467
1990,Namibia,1248000,1600,200,0,0,0,0,NAM,2789921853.53112,Africa,0.0,0.6,1369303.0,1249800.0,0.9127271319788243
1995,Namibia,1400596,1792,3068,0,0,0,0,NAM,3978514206.31168,Africa,0.0,0.6,1602170.0,1405456.0,0.8772202700088005
2000,Namibia,1471479,0,11874,0,0,0,0,NAM,3922232164.83175,Africa,0.0,0.55,1818647.0,1483353.0,0.8156354696650862
2005,Namibia,1693277,0,9700,0,3311,0,0,NAM,7248374837.72056,Africa,0.0,0.56,1966582.0,1706288.0,0.8676414204950518
2010,Namibia,1865944,2466,10200,0,3500,0,0,NAM,11431412421.1316,Africa,0.0,0.58,2109811.0,1882110.0,0.8920751669225347
1990,Lesotho,1612530,0,850,0,1100,0,0,LSO,596410263.743849,Africa,0.0,0.48,1809696.0,1614480.0,0.8921277385815076
1995,Lesotho,1824570,0,920,0,1196,0,0,LSO,1001894000.27846,Africa,0.0,0.48,1951437.0,1826686.0,0.9360722380481665
2000,Lesotho,1907000,0,1000,0,1292,0,0,LSO,887291687.920796,Africa,0.0,0.46,2003913.0,1909292.0,0.952781882247383
2005,Lesotho,1842825,0,1200,0,1155,0,0,LSO,1682343527.49221,Africa,0.0,0.45,1953076.0,1845180.0,0.9447558620350668
2010,Lesotho,1972951,0,1600,0,1213,0,0,LSO,2234754241.91918,Africa,0.0,0.47,1996251.0,1975764.0,0.9897372624985535
1990,Botswana,704700,250,2300,0,1550,0,0,BWA,3790636324.44775,Africa,0.0,0.59,1305696.0,708800.0,0.5428522412567703
1995,Botswana,835638,293,3372,0,1894,0,0,BWA,4730599121.92704,Africa,0.0,0.58,1498836.0,841197.0,0.5612335172093544
2000,Botswana,874624,337,40549,905,2238,0,0,BWA,5788329609.15755,Africa,0.0,0.58,1677382.0,918653.0,0.5476707154363168
2005,Botswana,1138738,348,42500,934,2306,0,0,BWA,9918907108.09702,Africa,0.0,0.62,1839877.0,1184826.0,0.6439702219224437
2010,Botswana,1250799,0,49529,1009,2494,0,0,BWA,12637273429.1339,Africa,0.0,0.65,2033111.0,1303831.0,0.6412984829652685
1990,Madagascar,5896410,200,239700,3000,7000,0,0,MDG,3931334875.01376,Africa,0.0,0.44,12055639.0,6146310.0,0.5098286370386506
1995,Madagascar,8113115,219,288038,3493,8123,0,0,MDG,3838100903.74974,Africa,0.0,,14051275.0,8412988.0,0.5987348479052612
2000,Madagascar,9825986,0,460434,0,0,0,0,MDG,4629247203.84524,Africa,0.0,0.44,16516338.0,10286420.0,0.622802706023575
2005,Madagascar,10372048,262,797849,0,0,0,0,MDG,5859269752.61332,Africa,0.0,0.47,19159707.0,11170159.0,0.5830026001963391
2010,Madagascar,12031782,308,1123633,5135,11912,0,0,MDG,9982711338.07029,Africa,0.0,0.49,22183340.0,13172770.0,0.5938136457359442
1990,Comoros,5000,0,512540,0,0,0,0,COM,401561021.549642,Africa,0.0,0.46,444596.0,444596.0,1.0
1995,Comoros,4193,0,601259,0,0,0,0,COM,392774713.634182,Africa,0.0,,490586.0,490586.0,1.0
2000,Comoros,300,0,680512,0,0,0,0,COM,339504306.290689,Africa,0.0,0.46,536080.0,536080.0,1.0
2005,Comoros,500,0,588339,0,0,0,0,COM,655375095.906176,Africa,0.0,0.5,592677.0,588839.0,0.9935242973828915
2010,Comoros,850,0,666746,0,0,0,0,COM,907978730.887844,Africa,0.0,0.52,654836.0,654836.0,1.0
1990,Mauritius,351790,0,175000,2700,465960,0,0,MUS,2689212760.18576,Africa,0.0,0.62,1058775.0,995450.0,0.9401903142782934
1995,Mauritius,356110,0,190740,2786,493680,0,0,MUS,4094741652.30048,Africa,0.0,0.65,1122457.0,1043316.0,0.9294930674404454
2000,Mauritius,373012,0,184647,4040,561300,0,0,MUS,4726108622.47661,Africa,0.0,0.68,1186873.0,1122999.0,0.9461829530202474
2005,Mauritius,394747,0,207525,3145,610000,0,0,MUS,6576108447.47531,Africa,0.0,0.72,1228254.0,1215417.0,0.9895485787141748
2010,Mauritius,416484,0,221778,2251,622238,0,0,MUS,10144716154.9356,Africa,0.0,0.76,1250400.0,1250400.0,1.0
1990,Seychelles,67950,0,160,0,380,0,30,SYC,392163560.868669,Africa,0.0,0.76,69507.0,68520.0,0.985799991367776
1995,Seychelles,72574,0,515,0,970,0,30,SYC,540733047.733048,Africa,0.0,,75304.0,74089.0,0.9838653989163922
2000,Seychelles,72320,0,516,0,1013,0,0,SYC,654212394.27164,Africa,0.0,0.76,81131.0,73849.0,0.9102439264892581
2005,Seychelles,76719,0,987,165,1593,0,31,SYC,977899381.818182,Africa,0.0,,82858.0,79495.0,0.9594124888363224
2010,Seychelles,81121,0,1459,331,2174,0,62,SYC,981616542.328454,Africa,0.0,0.77,89770.0,85147.0,0.9485017266347332
1990,Morocco,334470,15000,23923175,0,0,0,0,MAR,30179954774.9899,Africa,0.0,0.45,24375551.0,24272645.0,0.9957783108164406
1995,Morocco,1805,12000,26102400,0,0,0,0,MAR,39030285468.3841,Africa,0.0,0.48,26399429.0,26116205.0,0.9892715861392305
2000,Morocco,25000,5000,28002800,0,0,0,0,MAR,43017455401.8445,Africa,0.0,0.52,28423435.0,28032800.0,0.9862565872140366
2005,Morocco,301720,5000,29843108,0,0,0,0,MAR,68852658068.6673,Africa,0.0,0.57,30358144.0,30149828.0,0.9931380521813191
2010,Morocco,317760,6000,31430015,0,0,0,0,MAR,100865329473.44,Africa,0.0,0.6,32467016.0,31753775.0,0.9780318277478903
1990,Algeria,128400,600,24146000,0,0,0,0,DZA,62048507531.3357,Africa,0.0,0.59,25375810.0,24275000.0,0.9566197098733006
1995,Algeria,9000,0,27208500,0,0,0,0,DZA,41764291671.7711,Africa,1.0,0.61,28470191.0,27217500.0,0.9559999088169095
2000,Algeria,4455,566,30865165,0,0,0,0,DZA,54790398570.3282,Africa,1.0,0.65,30903893.0,30870186.0,0.9989092959906378
2005,Algeria,263248,526,32576940,0,0,0,0,DZA,107046618669.707,Africa,1.0,0.69,33109249.0,32840714.0,0.9918894264258304
2010,Algeria,285330,0,35309660,0,0,0,0,DZA,177785053939.531,Africa,1.0,0.72,36188236.0,35594990.0,0.9836066615681406
1990,Tunisia,76350,3600,8070750,0,0,0,0,TUN,12290568181.8182,Africa,0.0,0.57,8324509.0,8150700.0,0.9791208106087699
1995,Tunisia,50790,44790,8823630,0,0,0,0,TUN,18030876599.3444,Africa,0.0,0.61,9161258.0,8919210.0,0.9735791743884955
2000,Tunisia,23895,1911,9490140,0,0,0,0,TUN,21473528160.7782,Africa,0.0,0.65,9764935.0,9515946.0,0.974501724793867
2005,Tunisia,25000,2000,9928710,0,0,0,0,TUN,32272186694.8043,Africa,0.0,0.69,10255472.0,9955710.0,0.9707705310881839
2010,Tunisia,37346,1500,10443506,0,0,0,0,TUN,46206091937.9628,Africa,0.0,0.71,10765980.0,10482352.0,0.9736551619081588
1990,Libya,99999,33,4026470,5066,1266,0,0,LBY,28904183602.4818,Africa,0.0,0.72,4445239.0,4132834.0,0.9297214390497339
1995,Libya,103533,0,5144790,0,0,0,0,LBY,25541379186.6458,Africa,0.0,0.71,4906843.0,4906843.0,1.0
2000,Libya,168150,0,5436850,0,0,0,0,LBY,38270954138.1128,Africa,0.0,0.75,5305021.0,5305021.0,1.0
2005,Libya,118460,0,5745310,0,0,0,0,LBY,47334691241.4924,Africa,0.0,0.75,5858798.0,5858798.0,1.0
2010,Libya,195273,0,6310833,0,0,0,0,LBY,75380825062.4216,Africa,0.0,0.77,6497839.0,6497839.0,1.0
1990,Sudan,4132500,1200,17384983,0,500,0,0,SDN,33641222222.2222,Africa,1.0,0.32,22021481.0,21519183.0,0.9771905440873845
1995,Sudan,4478143,0,18694900,0,0,0,0,SDN,13830363899.9163,Africa,1.0,,24672143.0,23173043.0,0.9392391654020488
2000,Sudan,3502171,0,20053200,0,0,0,0,SDN,12257299147.2936,Africa,1.0,0.42,27816745.0,23555371.0,0.8468054403921091
2005,Sudan,2927790,0,24777900,0,0,0,0,SDN,35182711987.974,Africa,1.0,,31262444.0,27705690.0,0.8862291764521033
2010,Sudan,2867533,0,28488914,0,0,0,0,SDN,58962978034.4828,Africa,1.0,0.49,35414399.0,31356447.0,0.8854151951018567
1990,Iraq,398350,180,17354880,900,0,0,0,IRQ,180408064516.129,Asia,1.0,0.5,17581206.0,17581206.0,1.0
1995,Iraq,300395,0,19693100,0,0,0,0,IRQ,12894029888.1122,Asia,1.0,0.54,20825860.0,19993495.0,0.9600321427302402
2000,Iraq,433000,0,21959250,0,0,0,0,IRQ,48364250943.9051,Asia,0.0,0.58,24424056.0,22392250.0,0.9168112781922871
2005,Iraq,559260,0,26984295,0,0,0,0,IRQ,50065104667.8159,Asia,1.0,0.61,28407448.0,27543555.0,0.9695892077317189
2010,Iraq,600000,0,30210000,0,0,0,0,IRQ,138516722649.573,Asia,1.0,0.63,31045366.0,30810000.0,0.9924186430915326
1990,Syrian Arab Republic,965500,4000,11003964,0,0,0,0,SYR,12308624417.8268,Asia,0.0,0.56,12579208.0,11973464.0,0.9518456169895593
1995,Syrian Arab Republic,1408597,2500,12767400,0,0,0,0,SYR,11396706586.8263,Asia,0.0,0.59,14616801.0,14178497.0,0.9700136849369434
2000,Syrian Arab Republic,1487128,2500,14512500,0,0,0,0,SYR,18937052543.4373,Asia,0.0,0.59,16637888.0,16002128.0,0.9617884192993726
2005,Syrian Arab Republic,1363314,0,16505580,0,0,0,0,SYR,28858965517.2414,Asia,0.0,0.65,18814091.0,17868894.0,0.9497612188651581
2010,Syrian Arab Republic,1530971,0,18372466,0,0,0,0,SYR,61390830874.7007,Asia,0.0,0.66,22482421.0,19903437.0,0.88528886635474
1990,Lebanon,1200000,0,1355000,0,0,0,0,LBN,2838485353.96187,Asia,1.0,0.71,3595175.0,2555000.0,0.7106747237617084
1995,Lebanon,1222699,0,1782299,0,0,0,0,LBN,11718795528.5556,Asia,0.0,,3960735.0,3004998.0,0.758697060015376
2000,Lebanon,1267291,0,1870739,65640,0,0,0,LBN,17260364842.4544,Asia,0.0,0.71,4329340.0,3203670.0,0.7399903911450706
2005,Lebanon,1661374,0,2204280,75018,0,0,0,LBN,21497336498.8391,Asia,0.0,0.71,4671102.0,3940672.0,0.8436279062199884
2010,Lebanon,1660967,0,2203740,75000,0,0,0,LBN,38443907042.1227,Asia,0.0,0.75,5041288.0,3939707.0,0.7814881831785845
1990,Jordan,132850,0,4043700,0,0,0,0,JOR,4160087507.83472,Asia,0.0,0.62,3621908.0,3621908.0,1.0
1995,Jordan,389838,0,4973140,0,0,0,0,JOR,6727597031.96347,Asia,0.0,0.65,4752096.0,4752096.0,1.0
2000,Jordan,200070,0,6468930,0,0,0,0,JOR,8460789844.8519,Asia,0.0,0.68,5386945.0,5386945.0,1.0
2005,Jordan,164190,0,5308810,0,0,0,0,JOR,12588998589.5628,Asia,0.0,0.71,6029587.0,5473000.0,0.9076906925797738
2010,Jordan,183363,0,5928782,0,0,0,0,JOR,27133804225.3521,Asia,0.0,0.73,7297043.0,6112145.0,0.837619430226737
1990,Israel,114699,3681659,813000,0,0,0,0,ISR,62016729540.7093,Asia,1.0,0.78,4660000.0,4609358.0,0.989132618025751
1995,Israel,159900,4549500,813000,0,0,0,0,ISR,105497418058.646,Asia,1.0,0.81,5545000.0,5522400.0,0.9959242560865644
2000,Israel,133399,4914100,856800,0,0,0,0,ISR,136512300542.025,Asia,1.0,0.84,6289000.0,5904299.0,0.9388295436476387
2005,Israel,145399,5275699,1124000,0,0,0,0,ISR,147519922009.047,Asia,1.0,0.86,6930100.0,6545098.0,0.9444449575042208
2010,Israel,152400,5573299,1524000,0,0,0,0,ISR,239679036634.372,Asia,1.0,0.89,7623600.0,7249699.0,0.9509547982580409
1990,Saudi Arabia,503400,0,14103600,53000,160000,0,0,SAU,117630173564.753,Asia,0.0,0.7,10640691.0,10640691.0,1.0
1995,Saudi Arabia,557000,0,17695000,0,0,0,0,SAU,143343124165.554,Asia,0.0,0.7,13289245.0,13289245.0,1.0
2000,Saudi Arabia,650000,0,19351440,0,216070,0,0,SAU,189514933333.333,Asia,0.0,0.75,16177722.0,16177722.0,1.0
2005,Saudi Arabia,924760,0,21051150,0,231190,0,0,SAU,328459608764.111,Asia,0.0,0.78,20559890.0,20559890.0,1.0
2010,Saudi Arabia,782723,0,24477606,0,260907,0,0,SAU,528207466666.667,Asia,0.0,0.8,23978487.0,23978487.0,1.0
1990,Kuwait,101000,0,1919999,0,19500,0,0,KWT,18427777777.7778,Asia,1.0,0.7,1684819.0,1684819.0,1.0
1995,Kuwait,79768,0,1507350,0,0,0,0,KWT,27186980646.5448,Asia,0.0,0.76,1681513.0,1587118.0,0.9438630566638497
2000,Kuwait,0,0,1591600,0,78880,0,0,KWT,37718743480.0751,Asia,0.0,0.78,1954709.0,1670480.0,0.8545926785009943
2005,Kuwait,0,0,2035048,0,89800,0,0,KWT,80798630136.9863,Asia,0.0,0.8,2236788.0,2124848.0,0.9499550247944821
2010,Kuwait,0,0,2478497,0,107823,0,0,KWT,115416245241.742,Asia,0.0,0.81,2943372.0,2586320.0,0.8786928733439062
1990,Bahrain,26450,250,434354,120,14000,0,0,BHR,4809511005.31915,Asia,0.0,0.73,514797.0,475174.0,0.923031796999594
1995,Bahrain,30392,0,546500,0,0,0,0,BHR,6651180851.06383,Asia,0.0,0.74,558879.0,558879.0,1.0
2000,Bahrain,54220,0,559513,0,0,0,0,BHR,9062898936.17021,Asia,0.0,0.78,637582.0,613733.0,0.962594615280858
2005,Bahrain,87600,0,782844,0,13540,0,0,BHR,15968723404.2553,Asia,0.0,0.79,888822.0,883984.0,0.9945568404022402
2010,Bahrain,120985,0,1106174,0,0,0,0,BHR,26805984042.5532,Asia,0.0,0.81,1228543.0,1227159.0,0.9988734623045348
1990,Qatar,34500,0,416600,9000,11500,0,0,QAT,7360439423.07692,Asia,0.0,0.76,440175.0,440175.0,1.0
1995,Qatar,27781,0,500600,0,0,0,0,QAT,8137911978.02198,Asia,0.0,0.79,514325.0,514325.0,1.0
2000,Qatar,86566,0,281530,12901,158611,0,0,QAT,17759890109.8901,Asia,0.0,0.79,644989.0,539608.0,0.8366158182542648
2005,Qatar,63210,0,553335,17760,26640,0,0,QAT,44530494505.4945,Asia,0.0,0.82,825408.0,660945.0,0.8007494475459409
2010,Qatar,245603,0,798733,36603,450000,0,0,QAT,123627197802.198,Asia,0.0,0.83,1616832.0,1530939.0,0.9468757421921387
1990,United Arab Emirates,48384,0,1790000,3600,12500,0,0,ARE,50701443748.2975,Asia,0.0,0.72,1898220.0,1854484.0,0.976959467290409
1995,United Arab Emirates,58280,0,2221440,0,0,0,0,ARE,65743666575.8649,Asia,0.0,0.75,2434662.0,2279720.0,0.9363599546877555
2000,United Arab Emirates,167815,0,1582317,4882,622455,0,0,ARE,104337372362.151,Asia,0.0,0.79,3493575.0,2377469.0,0.6805261086422933
2005,United Arab Emirates,273823,0,2566912,7990,1018725,0,0,ARE,180617467964.602,Asia,0.0,0.82,4664790.0,3867450.0,0.8290726913751745
2010,United Arab Emirates,445461,0,4208337,22000,1387654,0,0,ARE,307736419332.88,Asia,0.0,0.83,6869838.0,6063452.0,0.8826193572541303
1990,Oman,93400,0,1710525,13000,90000,0,0,OMN,13310273081.9246,Asia,0.0,0.7,1763954.0,1763954.0,1.0
1995,Oman,106500,0,2139556,0,0,0,0,OMN,15722236671.0013,Asia,0.0,,2120528.0,2120528.0,1.0
2000,Oman,71500,0,2376959,5400,65252,0,0,OMN,22259557867.3602,Asia,0.0,0.7,2282131.0,2282131.0,1.0
2005,Oman,83500,0,2412319,5140,75084,0,0,OMN,35506892067.6203,Asia,0.0,0.76,2459802.0,2459802.0,1.0
2010,Oman,99499,0,2678195,8900,78000,0,0,OMN,64993498049.4148,Asia,0.0,0.8,2757446.0,2757446.0,1.0
1990,Afghanistan,7000,130,15295070,4169,75000,0,0,AFG,0.0,Asia,1.0,0.28,12045660.0,12045660.0,1.0
1995,Afghanistan,6609,66,19026255,4357,46133,0,0,AFG,0.0,Asia,1.0,0.33,17065836.0,17065836.0,1.0
2000,Afghanistan,6219,0,22162133,4544,47000,0,0,AFG,3521418059.92345,Asia,1.0,0.34,20130327.0,20130327.0,1.0
2005,Afghanistan,24955,0,25497000,4012,8250,0,0,AFG,6203256538.70967,Asia,1.0,0.42,24404567.0,24404567.0,1.0
2010,Afghanistan,7287,0,26880000,2500,8000,0,0,AFG,15856668555.8336,Asia,1.0,0.45,28284089.0,26897787.0,0.9509865069368153
1995,Turkmenistan,405810,0,4013010,580,0,0,0,TKM,2482228439.71407,Asia,0.0,,4191203.0,4191203.0,1.0
2000,Turkmenistan,401310,0,3968510,573,0,0,0,TKM,2904663310.9825,Asia,0.0,0.65,4582677.0,4370393.0,0.9536768574350756
2005,Turkmenistan,474120,0,4688520,677,0,0,0,TKM,8103901996.37024,Asia,0.0,0.65,5052257.0,5052257.0,1.0
2010,Turkmenistan,505440,700,4998243,722,0,0,0,TKM,22583157894.7368,Asia,0.0,0.7,5564356.0,5505105.0,0.989351687778424
1995,Tajikistan,121000,8800,4960600,3700,0,0,0,TJK,1231561860.39946,Asia,1.0,0.55,5948584.0,5094100.0,0.8563550586156302
2000,Tajikistan,185640,2000,5878600,0,0,0,0,TJK,860541842.263697,Asia,0.0,0.55,6284735.0,6066240.0,0.9652340154358139
2005,Tajikistan,205500,2000,6507500,0,0,0,0,TJK,2312352020.6689,Asia,0.0,0.61,6924720.0,6715000.0,0.9697142989175014
2010,Tajikistan,150000,2000,6692802,5600,0,0,0,TJK,5642221099.17704,Asia,0.0,0.63,7652141.0,6850402.0,0.8952268391290751
1995,Uzbekistan,2269000,57000,19967200,0,0,0,0,UZB,13350461264.9969,Asia,0.0,,22917589.0,22293200.0,0.972755031081149
2000,Uzbekistan,2611800,30000,21399840,0,649,0,0,UZB,13760513969.314,Asia,1.0,0.6,24787054.0,24042289.0,0.9699534684517168
2005,Uzbekistan,1548350,10000,23811970,0,0,0,0,UZB,14307509838.8053,Asia,0.0,0.64,26356975.0,25370320.0,0.9625656965566041
2010,Uzbekistan,1408027,4200,26189329,0,0,0,0,UZB,49765676402.4495,Asia,0.0,0.68,28385506.0,27601556.0,0.9723820318721815
1995,Kazakhstan,4526802,14400,7551000,17200,0,0,0,KAZ,20374302652.3819,Asia,0.0,0.66,16730536.0,12109402.0,0.7237904392303989
2000,Kazakhstan,4070200,5500,7569340,0,0,0,0,KAZ,18291990662.0356,Asia,0.0,0.68,15501103.0,11645040.0,0.7512394440576261
2005,Kazakhstan,4614100,4200,7750583,0,0,0,0,KAZ,57123671733.8952,Asia,0.0,0.75,15968117.0,12368883.0,0.7745987206882314
2010,Kazakhstan,4731595,3300,9678983,0,0,0,0,KAZ,148047348240.643,Asia,0.0,0.77,16836810.0,14413878.0,0.856093167292379
1990,China,51058998,2008,17280251,139886419,15734,0,3015016,CHN,361560229445.507,Asia,0.0,0.48,1135185000.0,211258426.0,0.18610043825455763
1995,China,63606575,2282,18541200,161089585,16491,0,3717684,CHN,738190896227.55,Asia,0.0,0.54,1204855000.0,246973817.0,0.20498219038805499
2000,China,71553248,2500,20000000,102204641,18000,0,5200000,CHN,1223754919971.05,Asia,0.0,0.59,1262645000.0,198978389.0,0.15758854547398515
2005,China,75625755,2500,32592998,164268711,18000,0,4432647,CHN,2317551298052.05,Asia,0.0,0.65,1303720000.0,276940611.0,0.21242338155432147
2010,China,78030424,2579,33629356,169491958,18572,0,4573592,CHN,6192564874453.29,Asia,0.0,0.7,1337705000.0,285746481.0,0.21360948863912446
1990,Mongolia,22487,0,95000,921911,0,0,0,MNG,2560785660.0,Asia,0.0,0.58,2098710.0,1039398.0,0.4952556570464714
1995,Mongolia,27257,0,93880,1145806,0,0,0,MNG,1452165005.2384,Asia,0.0,0.57,2224945.0,1266943.0,0.5694266599848535
2000,Mongolia,23242,0,79860,1732962,0,0,0,MNG,1136896123.61298,Asia,0.0,0.6,2388299.0,1836064.0,0.7687747639638085
2005,Mongolia,24882,0,85500,1850000,0,0,0,MNG,2523471601.10421,Asia,0.0,0.67,2536407.0,1960382.0,0.7728972519000302
2010,Mongolia,53170,0,82380,1455388,0,0,0,MNG,7189481998.90094,Asia,0.0,0.7,2738622.0,1590938.0,0.580926465937979
1990,Japan,3704340,2350,160000,92138500,21000,94522831,1014,JPN,3185904656663.85,Asia,0.0,0.85,123478000.0,123478000.0,1.0
1995,Japan,3764159,1935,176936,92849280,22601,96049245,1268,JPN,5545563663889.7,Asia,0.0,0.87,125472000.0,125472000.0,1.0
2000,Japan,2975133,1400,190000,83732611,23700,97000000,1521,JPN,4968359075956.59,Asia,0.0,0.88,126843000.0,126843000.0,1.0
2005,Japan,2999997,1220,195000,89000000,24660,107000000,1546,JPN,4831467035389.8,Asia,0.0,0.9,127773000.0,127773000.0,1.0
2010,Japan,2499998,1000,195001,88035713,23500,108000000,1500,JPN,5759071769013.11,Asia,0.0,0.9,128070000.0,128070000.0,1.0
1990,India,41734851,9000,101000000,5950000,622022768,0,3800000,IND,320979026420.035,Asia,1.0,0.43,864972221.0,774516619.0,0.895423691300255
1995,India,45798549,9061,109916520,9159710,679818545,0,4003348,IND,360281909643.489,Asia,1.0,0.47,960301044.0,848705733.0,0.8837913259625697
2000,India,24080014,5000,137840709,7955207,827578868,0,4225000,IND,468395521654.458,Asia,1.0,0.49,1057922733.0,1001684798.0,0.9468411697321945
2005,India,26026922,5000,148985354,8598398,894489961,0,4566598,IND,820383763511.445,Asia,1.0,0.55,1154676322.0,1082672233.0,0.9376413219634723
2010,India,27973830,5000,160130000,9241589,961401054,0,4908196,IND,1675615519484.96,Asia,1.0,0.57,1243481564.0,1163659669.0,0.9358077374760339
1990,Bhutan,15200,0,17000,1213370,329000,0,0,BTN,287765007.112863,Asia,0.0,0.58,589287.0,589287.0,1.0
1995,Bhutan,16414,0,10889,1378300,283200,0,0,BTN,290490983.815778,Asia,0.0,,547989.0,547989.0,1.0
2000,Bhutan,17600,0,21240,1764913,250000,0,0,BTN,460733418.399276,Asia,0.0,0.58,596863.0,596863.0,1.0
2005,Bhutan,9530,0,6720,551176,81509,0,0,BTN,860391000.221655,Asia,0.0,,661865.0,648935.0,0.9804642940780975
2010,Bhutan,8454,0,6947,583740,72169,0,0,BTN,1708880730.20989,Asia,0.0,0.58,701632.0,671310.0,0.956783613062118
1990,Pakistan,3836000,700,106633800,75000,1420000,0,0,PAK,40010423970.4576,Asia,1.0,0.39,116155576.0,111965500.0,0.9639270352376368
1995,Pakistan,3391078,781,124026804,85697,1742788,0,0,PAK,60636071684.1918,Asia,1.0,0.42,134582253.0,129247148.0,0.9603580347254255
2000,Pakistan,2660210,0,149741271,90000,3442626,0,0,PAK,99484802344.5277,Asia,1.0,0.43,154879127.0,154879127.0,1.0
2005,Pakistan,2617319,0,147326963,88548,3387120,0,0,PAK,145208562960.767,Asia,1.0,0.48,175453212.0,153419950.0,0.8744208683965273
2010,Pakistan,2863590,0,161189415,96880,3705824,0,0,PAK,196709621849.586,Asia,1.0,0.5,199239047.0,167855709.0,0.8424839986310515
1990,Bangladesh,109764,0,96922495,656030,11525325,0,0,BGD,31598340778.2164,Asia,1.0,0.4,111633717.0,109213614.0,0.9783210389742734
1995,Bangladesh,96734,0,105238920,650902,11750000,0,0,BGD,37939748768.6567,Asia,0.0,0.43,122600370.0,117736556.0,0.9603279011311303
2000,Bangladesh,83705,0,115722880,645775,12011415,0,0,BGD,53369787318.6245,Asia,0.0,0.49,134544304.0,128463775.0,0.9548064925884934
2005,Bangladesh,189142,88,123921312,764759,12950000,0,0,BGD,69476001239.419,Asia,0.0,0.52,144715786.0,137825301.0,0.9523860859243096
2010,Bangladesh,294580,177,132119746,883744,13256161,0,0,BGD,115275540051.262,Asia,0.0,0.56,152201981.0,146554408.0,0.9628942214622029
1990,Myanmar,2488600,350,1080000,32049350,660000,0,2700,MMR,2115193513.29556,Asia,1.0,0.33,39817251.0,36281000.0,0.9111879672456544
1995,Myanmar,3157420,186,1804240,33355000,719974,0,2491,MMR,5289174942.53404,Asia,1.0,0.38,42605338.0,39039311.0,0.9163009339346163
2000,Myanmar,3210000,50,1824440,34909000,45611,0,2281,MMR,8905066163.58643,Asia,1.0,0.41,45290841.0,39991382.0,0.8829904924927315
2005,Myanmar,4429920,25,2214960,41406500,55374,0,2891,MMR,11986972418.5103,Asia,1.0,0.46,47438365.0,47438365.0,1.0
2010,Myanmar,4565000,25,2450000,43983776,58808,0,3070,MMR,49540813342.4834,Asia,1.0,0.51,49024382.0,49024382.0,1.0
1990,Sri Lanka,1313600,0,1500000,11650720,2209090,120,0,LKA,8032551173.24014,Asia,1.0,0.64,16352458.0,16352458.0,1.0
1995,Sri Lanka,1448959,0,1448960,12447280,2535680,135,0,LKA,13029697560.9756,Asia,1.0,0.67,17564068.0,17564068.0,1.0
2000,Sri Lanka,1187918,0,1453159,12985000,1312980,0,0,LKA,16595882818.6857,Asia,1.0,0.69,19293054.0,16939057.0,0.8779873316064942
2005,Sri Lanka,1573438,0,1376759,13537599,2950200,155,0,LKA,24405791044.7761,Asia,1.0,0.72,20216524.0,19438151.0,0.9614981784207809
2010,Sri Lanka,1495578,0,1975865,14467488,2565831,0,0,LKA,58636049434.1871,Asia,0.0,0.74,20879089.0,20504762.0,0.9820716794683906
1990,Maldives,360,0,214230,1100,190,0,0,MDV,215043969.849246,Asia,0.0,0.64,224762.0,215880.0,0.9604826438632865
1995,Maldives,883,0,241460,1474,574,0,0,MDV,398988954.970263,Asia,0.0,,256649.0,244391.0,0.9522382709459223
2000,Maldives,1300,0,280280,1200,0,0,0,MDV,624337145.284622,Asia,0.0,0.64,282019.0,282019.0,1.0
2005,Maldives,1335,0,288120,1233,0,0,0,MDV,1163362437.5,Asia,0.0,0.66,306429.0,290688.0,0.9486308410757468
2010,Maldives,1441,0,311056,1331,0,0,0,MDV,2588176054.6875,Asia,0.0,0.69,360792.0,313828.0,0.8698308166478192
1990,Nepal,524000,0,710000,1992210,13039920,0,4000,NPL,3627560239.48997,Asia,0.0,0.4,19524573.0,16270130.0,0.8333155352488375
1995,Nepal,542797,0,643680,2574720,14833760,0,5003,NPL,4401104417.67068,Asia,0.0,0.44,22245439.0,18599960.0,0.8361246545864974
2000,Nepal,399997,0,1005060,2584440,18952560,0,0,NPL,5494252207.90502,Asia,1.0,0.46,24546509.0,22942057.0,0.9346362450155336
2005,Nepal,387848,0,1083715,2490269,20350000,0,1607,NPL,8130258377.90964,Asia,1.0,0.5,26309458.0,24313439.0,0.924133024709213
2010,Nepal,375697,0,1162370,2396099,21551492,0,3214,NPL,16002656434.4746,Asia,0.0,0.54,27341952.0,25488872.0,0.9322257606187005
1990,Thailand,1658000,80,2233560,48579930,180000,320,0,THA,85343190719.0107,Asia,0.0,0.58,54738329.0,52651890.0,0.96188339983853
1995,Thailand,594009,81,2376040,52866890,119901,344,0,THA,169278916592.843,Asia,0.0,0.63,59098232.0,55957265.0,0.9468517603030832
2000,Thailand,613987,200,6139900,53417130,50000,0,0,THA,126392224253.794,Asia,0.0,0.66,63007815.0,60221217.0,0.9557737718725844
2005,Thailand,360998,200,6483900,56409930,55000,0,0,THA,189318408468.595,Asia,1.0,0.71,66017420.0,63310028.0,0.958989733315843
2010,Thailand,403998,200,6733346,58580120,56000,0,0,THA,341104766329.17,Asia,1.0,0.74,68579447.0,65773664.0,0.959087115415206
1990,Cambodia,94200,0,200000,7253800,20000,0,0,KHM,1402541176.5121,Asia,1.0,0.38,7374752.0,7374752.0,1.0
1995,Cambodia,113049,0,208888,8360600,22005,0,0,KHM,3441205692.9166,Asia,1.0,0.4,10018497.0,8704542.0,0.8688470935310956
2000,Cambodia,74823,0,240111,10783820,0,0,0,KHM,3694168979.32019,Asia,0.0,0.43,12462336.0,11098754.0,0.8905837557260533
2005,Cambodia,66012,0,266914,12792905,0,0,0,KHM,7066296463.3598,Asia,0.0,0.51,13439202.0,13125831.0,0.9766823208699446
2010,Cambodia,57199,0,293716,14801990,0,0,0,KHM,13808673288.0696,Asia,0.0,0.54,14500726.0,14500726.0,1.0
1990,Viet Nam,4682900,0,61710,5960970,27980,0,0,VNM,6471740805.56984,Asia,0.0,0.49,65504552.0,10733560.0,0.16385975741044684
1995,Viet Nam,5906662,0,63329,6641370,37860,0,0,VNM,20736164458.9505,Asia,0.0,0.56,72049940.0,12649221.0,0.1755618533478307
2000,Viet Nam,6869052,0,84832,39916000,45000,0,0,VNM,31172518403.3162,Asia,0.0,0.6,77154011.0,46914884.0,0.6080679849554419
2005,Viet Nam,8334760,0,88606,41553000,47000,0,0,VNM,57633255738.1992,Asia,0.0,0.65,81088313.0,50023366.0,0.6168998237760848
2010,Viet Nam,8004439,0,93736,43079830,50000,0,0,VNM,147201173196.979,Asia,0.0,0.68,87455152.0,51228005.0,0.5857631463495713
1990,Malaysia,1421116,0,10409703,3233048,1315000,0,1568,MYS,44024585239.6137,Asia,0.0,0.65,17833171.0,16380435.0,0.9185374266864822
1995,Malaysia,1711549,0,12317727,3765398,1354849,0,1674,MYS,88705342902.7113,Asia,0.0,0.69,20330599.0,19151197.0,0.9419888218738661
2000,Malaysia,1890213,0,13243537,4226360,1379128,0,1500,MYS,93789736842.1053,Asia,0.0,0.73,22967816.0,20740738.0,0.903034837966309
2005,Malaysia,2114485,0,15480000,4829980,1538564,0,750,MYS,143534405818.501,Asia,0.0,0.74,25836071.0,23963779.0,0.9275318603978135
2010,Malaysia,2338758,0,17263000,5433600,1698000,0,0,MYS,255017638455.59,Asia,0.0,0.77,28655776.0,26733358.0,0.9329134203170767
1990,Singapore,352000,580,552000,452400,150000,700,0,SGP,36144336768.7023,Asia,0.0,0.78,3047132.0,1507680.0,0.4947865730792102
1995,Singapore,484916,671,578219,503449,180472,838,0,SGP,87812540788.4293,Asia,0.0,0.85,3524506.0,1748565.0,0.49611633516867326
2000,Singapore,586418,300,598618,1708366,160911,0,0,SGP,96076539925.7409,Asia,0.0,0.86,4027887.0,3054613.0,0.7583661110651814
2005,Singapore,758539,300,662809,1698436,209482,0,277213,SGP,127807848728.398,Asia,0.0,0.91,4265762.0,3606779.0,0.8455181043855705
2010,Singapore,930663,300,727000,1688506,258053,0,554426,SGP,239807980591.24,Asia,0.0,0.92,5076732.0,4158948.0,0.8192175596426993
1990,Brunei Darussalam,25450,0,154330,24800,2000,0,0,BRN,6039881086.68157,Asia,0.0,0.78,255292.0,206580.0,0.8091910439810099
1995,Brunei Darussalam,32854,0,177600,29600,2394,0,0,BRN,7700144069.1419,Asia,0.0,0.78,291195.0,242448.0,0.8325967135424716
2000,Brunei Darussalam,32798,0,219760,42640,0,0,0,BRN,6570999087.56742,Asia,0.0,0.79,326424.0,295198.0,0.9043391417297748
2005,Brunei Darussalam,37997,30,254600,49400,0,0,0,BRN,10547202620.5286,Asia,0.0,0.81,358916.0,342027.0,0.9529444215359583
2010,Brunei Darussalam,12362,30,335000,28848,0,0,0,BRN,13707121038.4383,Asia,0.0,0.82,392332.0,376240.0,0.9589837178715985
1990,Philippines,56991959,850,2828080,61480,1200,0,0,PHL,50508286641.5746,Asia,1.0,0.6,62854666.0,59883569.0,0.9527306851014052
1995,Philippines,63749979,575,3724151,83681,1770,0,0,PHL,84644328727.4825,Asia,1.0,0.61,70546246.0,67560156.0,0.9576718795214135
2000,Philippines,70508000,300,4055030,76510,0,0,0,PHL,83669788376.9213,Asia,1.0,0.64,79625397.0,74639840.0,0.9373873514250736
2005,Philippines,76584168,300,4464773,96877,0,0,0,PHL,107419977318.166,Asia,1.0,0.66,88015962.0,81146118.0,0.92194774852316
2010,Philippines,84493445,300,5113771,105000,0,0,0,PHL,208368893151.144,Asia,1.0,0.67,96337125.0,89712516.0,0.9312351391013589
1990,Indonesia,19334118,0,151124692,1794830,2692245,0,0,IDN,106140727333.636,Asia,1.0,0.53,183501098.0,174945885.0,0.9533778648016591
1995,Indonesia,21812609,0,165377245,1762215,3508122,0,0,IDN,202132028723.115,Asia,0.0,0.57,199888057.0,192460191.0,0.9628398709183511
2000,Indonesia,24291100,0,179629800,1729600,4324000,0,0,IDN,165021012077.81,Asia,1.0,0.6,216077790.0,209974500.0,0.9717542001887376
2005,Indonesia,24867812,0,190589900,1824640,3961700,0,0,IDN,285868619196.085,Asia,1.0,0.64,230871650.0,221244052.0,0.9582989163026296
2010,Indonesia,25444526,0,201550000,1919680,3599400,0,0,IDN,755094157621.936,Asia,0.0,0.67,246305322.0,232513606.0,0.9440056110521233
2005,Timor-Leste,972160,0,7936,0,0,0,0,TLS,462267954.030558,Asia,0.0,0.56,948311.0,948311.0,1.0
2010,Timor-Leste,1105222,0,7894,1127,0,0,0,TLS,881909347.096515,Asia,0.0,0.64,1084679.0,1084679.0,1.0
1990,Australia,14059050,83000,160000,140000,46000,0,3150,AUS,311840666465.053,Oceania,0.0,0.86,17065128.0,14491200.0,0.8491703080105816
1995,Australia,14418100,88526,244308,250361,78619,0,3937,AUS,368725126225.126,Oceania,0.0,0.88,18004882.0,15083851.0,0.8377645018723255
2000,Australia,14578660,93000,308616,360723,111239,0,4725,AUS,416901962163.479,Oceania,0.0,0.9,19028802.0,15456963.0,0.8122930177107314
2005,Australia,14609098,96167,346715,428295,142765,0,5200,AUS,696811489612.816,Oceania,0.0,0.91,20176844.0,15628240.0,0.7745631576474498
2010,Australia,13150670,97335,476290,528977,180000,0,0,AUS,1152566632022.13,Oceania,0.0,0.92,22031750.0,14433272.0,0.6551123719178005
1990,Papua New Guinea,3513400,460,900,5500,0,0,0,PNG,3219729083.06487,Oceania,1.0,0.39,3896481.0,3520260.0,0.9034459554659704
1995,Papua New Guinea,3891350,513,1094,6691,0,0,0,PNG,4636057476.42568,Oceania,1.0,0.44,4644278.0,3899648.0,0.8396672206099635
2000,Papua New Guinea,4614720,0,4000,2000,0,0,0,PNG,3521339699.07407,Oceania,0.0,0.46,5537064.0,4620720.0,0.8345072406603933
2005,Papua New Guinea,5873280,0,5090,2545,0,0,0,PNG,4865892972.27595,Oceania,0.0,0.47,6535905.0,5880915.0,0.8997858751006937
2010,Papua New Guinea,6611410,813,1832,2865,0,0,0,PNG,14250786674.7766,Oceania,0.0,0.5,7633523.0,6616920.0,0.8668238767342419
1990,New Zealand,2830080,4600,5800,26700,17800,0,0,NZL,45495129385.0475,Oceania,0.0,0.81,3329800.0,2884980.0,0.8664123971409694
1995,New Zealand,2698123,4462,21630,43473,46554,0,0,NZL,63918703506.9075,Oceania,0.0,0.86,3673400.0,2814242.0,0.7661136821473294
2000,New Zealand,2535249,7500,35000,41709,60000,0,0,NZL,52623281956.7031,Oceania,0.0,0.89,3857700.0,2679458.0,0.6945739689452264
2005,New Zealand,2235307,4445,46326,86935,82063,0,0,NZL,114720129550.095,Oceania,0.0,0.92,4133900.0,2455076.0,0.5938885797914802
2010,New Zealand,2361557,4696,48943,91846,86698,0,0,NZL,146887902524.052,Oceania,0.0,0.92,4350700.0,2593740.0,0.5961661341853035
1990,Vanuatu,130480,0,0,200,0,0,0,VUT,168879207.244148,Oceania,0.0,0.56,148063.0,130680.0,0.8825972727825317
1995,Vanuatu,149450,0,0,287,0,0,0,VUT,249333250.082507,Oceania,0.0,,167137.0,149737.0,0.895893787731023
2000,Vanuatu,165300,0,0,374,0,0,0,VUT,272014627.835262,Oceania,0.0,0.56,186281.0,165674.0,0.8893768017135403
2005,Vanuatu,179580,0,0,440,0,0,0,VUT,394962433.029368,Oceania,0.0,0.56,210760.0,180020.0,0.8541468969443917
2010,Vanuatu,205190,0,0,476,0,0,0,VUT,670712979.682038,Oceania,0.0,0.58,238248.0,205666.0,0.8632433430710856
1990,Solomon Islands,304000,0,440,1050,0,0,0,SLB,214877666.846068,Oceania,0.0,0.55,331435.0,305490.0,0.921719190791558
1995,Solomon Islands,358780,0,717,1228,0,0,0,SLB,469443201.503274,Oceania,0.0,,384733.0,360725.0,0.9375982824452282
2000,Solomon Islands,408480,0,1000,1500,0,0,0,SLB,419842674.227652,Oceania,0.0,0.49,440469.0,410980.0,0.9330509071012943
2005,Solomon Islands,447270,0,1094,1642,0,0,0,SLB,552881356.697517,Oceania,0.0,0.55,483080.0,450006.0,0.9315351494576468
2010,Solomon Islands,482878,0,1700,1750,0,0,0,SLB,898128551.289162,Oceania,0.0,0.55,532968.0,486328.0,0.9124900556881463
2000,Kiribati,97970,0,0,13,0,0,0,KIR,74910527.2586758,Oceania,0.0,0.55,88613.0,88613.0,1.0
2005,Kiribati,88320,0,0,24,0,0,0,KIR,113895437.324786,Oceania,0.0,0.59,98035.0,88344.0,0.9011475493446218
2010,Kiribati,98880,0,0,13,0,0,0,KIR,165458433.127645,Oceania,0.0,0.58,108704.0,98893.0,0.9097457315278187
2000,Tuvalu,10450,0,0,0,0,0,0,TUV,15073975.5349377,Oceania,0.0,0.6,9544.0,9544.0,1.0
2005,Tuvalu,9700,0,10,0,0,0,0,TUV,22909979.8163078,Oceania,0.0,0.62,9940.0,9710.0,0.9768611670020121
2010,Tuvalu,9764,0,10,0,0,0,0,TUV,32105408.4771121,Oceania,0.0,0.62,10614.0,9774.0,0.9208592425098926
1990,Fiji,415840,100,50600,0,243000,0,0,FJI,1337017559.49728,Oceania,0.0,0.63,773316.0,709540.0,0.9175291859989966
1995,Fiji,485735,104,47760,0,238800,0,0,FJI,1970301486.20561,Oceania,0.0,0.65,798746.0,772399.0,0.9670145452997574
2000,Fiji,449482,0,54323,0,264163,0,0,FJI,1678219507.89829,Oceania,0.0,0.67,840909.0,767968.0,0.913259341973983
2005,Fiji,448500,111,57750,0,247500,0,0,FJI,2980403844.72096,Oceania,0.0,0.68,882379.0,753861.0,0.8543505681798864
2010,Fiji,549963,0,51559,0,240609,0,0,FJI,3140166712.79624,Oceania,0.0,0.7,910419.0,842131.0,0.9249927780505459
2000,Tonga,89100,0,0,132,110,0,0,TON,204848487.806485,Oceania,0.0,0.68,102677.0,89342.0,0.8701267080261402
2005,Tonga,91044,0,0,123,103,0,0,TON,261823805.433238,Oceania,0.0,0.71,105671.0,91270.0,0.8637185225842473
2010,Tonga,98745,0,0,126,105,0,0,TON,366887374.989696,Oceania,0.0,0.71,107400.0,98976.0,0.9215642458100559
2000,Nauru,12870,0,0,0,0,0,0,NRU,26930980.3429002,Oceania,0.0,0.59,10168.0,10168.0,1.0
2005,Nauru,12610,0,0,200,0,0,190,NRU,30070666.0652533,Oceania,0.0,0.59,10049.0,10049.0,1.0
2010,Nauru,9638,0,0,0,0,0,0,NRU,47562844.6104251,Oceania,0.0,0.56,10043.0,9638.0,0.9596734043612466
1995,Marshall Islands,53240,0,0,0,0,0,0,MHL,120230000.0,Oceania,0.0,,48266.0,48266.0,1.0
2000,Marshall Islands,57400,0,0,0,0,0,0,MHL,114838500.0,Oceania,0.0,0.67,50706.0,50706.0,1.0
2005,Marshall Islands,51347,0,0,0,0,0,0,MHL,138000000.0,Oceania,0.0,,51906.0,51347.0,0.9892305321157477
2010,Marshall Islands,50971,0,0,0,0,0,0,MHL,161100000.0,Oceania,0.0,0.67,52044.0,50971.0,0.9793828299131504
1995,Palau,12470,0,340,170,20,0,0,PLW,121018500.0,Oceania,0.0,,17195.0,13000.0,0.7560337307356789
2000,Palau,15570,0,450,162,24,0,0,PLW,149551483.154297,Oceania,0.0,0.75,19178.0,16206.0,0.8450307644175618
2005,Palau,18100,0,500,150,0,0,0,PLW,190961685.180664,Oceania,0.0,0.76,19819.0,18750.0,0.9460618598314748
2010,Palau,18391,0,470,182,27,0,0,PLW,188042373.657227,Oceania,0.0,0.78,18396.0,18396.0,1.0
1990,Samoa,159500,0,37,15,0,0,0,WSM,125766269.755358,Oceania,0.0,0.66,169042.0,159552.0,0.9438601057725299
1995,Samoa,161677,0,43,16,0,0,0,WSM,224865731.381903,Oceania,0.0,0.66,174571.0,161736.0,0.9264769062444507
2000,Samoa,174600,0,50,18,0,0,0,WSM,258856139.798489,Oceania,0.0,0.67,181685.0,174668.0,0.961378209538487
2005,Samoa,177510,0,58,18,0,0,0,WSM,476801793.159429,Oceania,0.0,0.69,186978.0,177586.0,0.949769491597942
2010,Samoa,180140,0,61,19,0,0,0,WSM,680260907.153983,Oceania,0.0,0.7,193023.0,180220.0,0.9336711169135284
