,year,country,Christianity,Judaism,Islam,Buddhism,Hindu,Shinto,Confus_Tao,code,gdp,un_region,hdi,conflict_present
9,1990,United States,214425162,5508504,2294757,1575481,323352,59724,106818,USA,5963144000000.0,Northern America,0.875,0.0
10,1995,United States,215593975,5259463,2425377,1608346,574269,57972,62455,USA,7639749000000.0,Northern America,0.0,0.0
11,2000,United States,219818305,5010424,2555997,2449569,825186,56220,18093,USA,10250947997000.0,Northern America,0.894,0.0
12,2005,United States,226464805,5536622,2685374,3682694,1311442,60560,90593,USA,13039199193000.0,Northern America,0.0,0.0
13,2010,United States,233111307,5942248,2814750,3410236,1797698,156375,95752,USA,15048964444000.0,Northern America,0.916,0.0
23,1990,Canada,24346000,350000,250000,500000,155000,0,280000,CAN,596075591360.987,Northern America,0.861,0.0
24,1995,Canada,24958842,361880,125000,250000,170941,272,141722,CAN,605961090061.207,Northern America,0.0,0.0
25,2000,Canada,25571687,373762,280323,360000,186882,545,3445,CAN,744773415931.587,Northern America,0.89,0.0
26,2005,Canada,26057640,341229,646000,605000,193800,565,3572,CAN,1173108598778.68,Northern America,0.0,0.0
27,2010,Canada,26431104,340304,670000,670000,275000,915,6940,CAN,1617343367486.26,Northern America,0.911,0.0
31,1990,Bahamas,209670,400,0,0,0,0,0,BHS,3166000000.0,Latin America and the Caribbean,0.76,0.0
32,1995,Bahamas,253645,0,0,0,0,0,0,BHS,3429000000.0,Latin America and the Caribbean,0.0,0.0
33,2000,Bahamas,297045,300,0,0,0,0,92,BHS,8076470000.0,Latin America and the Caribbean,0.788,0.0
34,2005,Bahamas,313950,317,0,0,0,0,97,BHS,9836200000.0,Latin America and the Caribbean,0.0,0.0
35,2010,Bahamas,302657,305,0,0,0,0,93,BHS,10095760000.0,Latin America and the Caribbean,0.8,0.0
54,1990,Cuba,7680210,1000,8000,6000,21000,0,20000,CUB,28645436569.1489,Latin America and the Caribbean,0.684,0.0
56,1995,Cuba,8524160,1020,8160,6120,21420,0,20400,CUB,30429803651.2192,Latin America and the Caribbean,0.0,0.0
58,2000,Cuba,8100650,500,8500,0,0,0,0,CUB,30565400000.0,Latin America and the Caribbean,0.694,0.0
60,2005,Cuba,7520095,1200,7200,0,11000,0,21501,CUB,42643836100.0,Latin America and the Caribbean,0.0,0.0
62,2010,Cuba,7407107,1500,8000,0,25000,0,0,CUB,59562962962.963,Latin America and the Caribbean,0.779,0.0
82,1990,Haiti,5934500,160,1660,0,0,0,180,HTI,3096289800.0,Latin America and the Caribbean,0.441,0.0
84,1995,Haiti,6621510,129,830,0,0,0,90,HTI,2813313278.81082,Latin America and the Caribbean,0.0,0.0
86,2000,Haiti,7377600,98,0,0,0,0,0,HTI,6813566098.8675,Latin America and the Caribbean,0.485,0.0
88,2005,Haiti,7998500,500,2000,0,0,0,0,HTI,7030149730.33692,Latin America and the Caribbean,0.0,0.0
90,2010,Haiti,8003882,120,1750,0,0,0,0,HTI,11859312725.1448,Latin America and the Caribbean,0.449,0.0
110,1990,Dominican Republic,6044752,0,1600,1470,0,0,5000,DOM,7073675544.79021,Latin America and the Caribbean,0.579,0.0
112,1995,Dominican Republic,6098300,0,0,0,0,0,0,DOM,16637370839.1608,Latin America and the Caribbean,0.0,0.0
114,2000,Dominican Republic,6526613,100,1873,1533,0,0,6580,DOM,24305780628.6677,Latin America and the Caribbean,0.646,0.0
116,2005,Dominican Republic,7484946,100,2083,1705,0,0,7315,DOM,35777560683.9366,Latin America and the Caribbean,0.0,0.0
118,2010,Dominican Republic,8662283,100,0,0,0,0,0,DOM,53801053352.5005,Latin America and the Caribbean,0.707,0.0
126,1990,Jamaica,1701798,600,3000,300,27100,0,6200,JAM,4592208086.69235,Latin America and the Caribbean,0.664,0.0
127,1995,Jamaica,1754579,555,3078,308,28916,0,6636,JAM,6577520642.82297,Latin America and the Caribbean,0.0,0.0
128,2000,Jamaica,1807362,511,3156,316,30733,0,7073,JAM,9005064474.93003,Latin America and the Caribbean,0.657,0.0
129,2005,Jamaica,1890680,521,2334,319,23347,0,3536,JAM,11243865777.7131,Latin America and the Caribbean,0.0,0.0
130,2010,Jamaica,1974000,531,1513,322,15961,0,0,JAM,13220549908.2494,Latin America and the Caribbean,0.711,0.0
137,1990,Trinidad And Tobago,760400,600,80190,3900,315900,0,5000,TTO,5068000000.0,Latin America and the Caribbean,0.656,1.0
138,1995,Trinidad And Tobago,776469,602,82830,3966,323710,0,5039,TTO,5329217747.21258,Latin America and the Caribbean,0.0,0.0
139,2000,Trinidad And Tobago,792540,605,85470,4032,331520,0,5078,TTO,8154342116.10311,Latin America and the Caribbean,0.708,0.0
140,2005,Trinidad And Tobago,754060,611,75085,4118,283514,0,2539,TTO,15982389018.4041,Latin America and the Caribbean,0.0,0.0
141,2010,Trinidad And Tobago,729270,0,65700,0,240100,0,0,TTO,22157920592.3669,Latin America and the Caribbean,0.785,0.0
146,1990,Barbados,177173,30,1079,100,800,0,0,BRB,2012131457.26644,Latin America and the Caribbean,0.728,0.0
147,1995,Barbados,183005,31,1885,104,859,0,0,BRB,2216974096.35559,Latin America and the Caribbean,0.0,0.0
148,2000,Barbados,188838,32,1782,108,918,0,0,BRB,3059500000.0,Latin America and the Caribbean,0.76,0.0
149,2005,Barbados,187296,31,2041,114,1059,0,0,BRB,3819500000.0,Latin America and the Caribbean,0.0,0.0
150,2010,Barbados,185756,30,2300,120,1200,0,0,BRB,5672900000.0,Latin America and the Caribbean,0.792,0.0
153,1990,Dominica,69480,0,0,90,140,0,0,DMA,201429629.62963,Latin America and the Caribbean,0.721,0.0
154,1995,Dominica,69050,0,69,46,140,0,0,DMA,274522222.222222,Latin America and the Caribbean,0.0,0.0
155,2000,Dominica,60965,0,139,92,141,0,0,DMA,333470370.37037,Latin America and the Caribbean,0.721,0.0
156,2005,Dominica,64061,0,0,88,68,0,0,DMA,391455555.555556,Latin America and the Caribbean,0.0,0.0
157,2010,Dominica,67160,0,0,0,0,0,0,DMA,519859259.259259,Latin America and the Caribbean,0.735,0.0
161,1990,Grenada,75257,0,0,0,0,0,0,GRD,278098762.962963,Latin America and the Caribbean,0.779,0.0
162,1995,Grenada,77438,0,152,0,318,0,0,GRD,342172518.518519,Latin America and the Caribbean,0.0,0.0
163,2000,Grenada,76726,0,167,0,123,0,0,GRD,520044370.37037,Latin America and the Caribbean,0.779,0.0
164,2005,Grenada,96820,0,500,0,250,0,0,GRD,695555555.555555,Latin America and the Caribbean,0.0,0.0
165,2010,Grenada,94323,0,526,0,263,0,0,GRD,771014814.814815,Latin America and the Caribbean,0.779,0.0
168,1990,Saint Lucia,131057,0,0,0,1200,0,0,LCA,579629629.62963,Latin America and the Caribbean,0.666,0.0
169,1995,Saint Lucia,135978,0,352,0,1293,0,0,LCA,762962962.962963,Latin America and the Caribbean,0.0,0.0
170,2000,Saint Lucia,141130,0,705,0,1386,0,0,LCA,932592592.592592,Latin America and the Caribbean,0.692,0.0
171,2005,Saint Lucia,146156,0,434,0,939,0,0,LCA,1135555555.55556,Latin America and the Caribbean,0.0,0.0
172,2010,Saint Lucia,151183,0,164,0,492,0,0,LCA,1482385185.18519,Latin America and the Caribbean,0.731,0.0
175,1990,Saint Vincent And The Grenadines,91423,0,1500,0,3450,0,0,VCT,240366666.666667,Latin America and the Caribbean,0.691,0.0
176,1995,Saint Vincent And The Grenadines,96441,0,750,0,3640,0,0,VCT,316007407.407407,Latin America and the Caribbean,0.0,0.0
177,2000,Saint Vincent And The Grenadines,98157,0,798,0,912,0,0,VCT,427946037.037037,Latin America and the Caribbean,0.691,0.0
178,2005,Saint Vincent And The Grenadines,95826,0,451,0,612,0,0,VCT,579948925.925926,Latin America and the Caribbean,0.0,0.0
179,2010,Saint Vincent And The Grenadines,93496,0,104,0,312,0,0,VCT,720447888.888889,Latin America and the Caribbean,0.756,0.0
182,1990,Antigua And Barbuda,47650,0,300,0,50,0,0,ATG,478718518.518519,Latin America and the Caribbean,0.808,0.0
183,1995,Antigua And Barbuda,52032,0,287,0,52,0,0,ATG,616051851.851852,Latin America and the Caribbean,0.0,0.0
184,2000,Antigua And Barbuda,56415,0,274,0,54,0,0,ATG,901003703.703704,Latin America and the Caribbean,0.808,0.0
185,2005,Antigua And Barbuda,67920,0,137,0,27,0,0,ATG,1143896296.2963,Latin America and the Caribbean,0.0,0.0
186,2010,Antigua And Barbuda,79425,0,0,0,0,0,0,ATG,1298348148.14815,Latin America and the Caribbean,0.808,0.0
188,1990,Saint Kitts And Nevis,35517,0,0,0,162,0,0,KNA,217259259.259259,Latin America and the Caribbean,0.79,0.0
189,1995,Saint Kitts And Nevis,36837,0,64,0,266,0,0,KNA,313485185.185185,Latin America and the Caribbean,0.0,0.0
190,2000,Saint Kitts And Nevis,38155,0,129,0,370,0,0,KNA,421695769.843918,Latin America and the Caribbean,0.79,0.0
191,2005,Saint Kitts And Nevis,41839,0,135,0,426,0,0,KNA,547203703.703704,Latin America and the Caribbean,0.0,0.0
192,2010,Saint Kitts And Nevis,45525,0,141,0,481,0,0,KNA,778718518.518518,Latin America and the Caribbean,0.79,0.0
202,1990,Mexico,80606800,105000,0,0,5400,0,0,MEX,261253675692.838,Latin America and the Caribbean,0.666,0.0
203,1995,Mexico,87909596,61000,128584,11470,5705,0,5043,MEX,380157469866.849,Latin America and the Caribbean,0.0,0.0
204,2000,Mexico,95812392,122001,257168,22940,6010,0,10086,MEX,742061329749.127,Latin America and the Caribbean,0.709,0.0
205,2005,Mexico,97293942,128646,206112,24190,9465,0,10635,MEX,917571853529.104,Latin America and the Caribbean,0.0,0.0
206,2010,Mexico,108811290,67476,3760,0,0,0,0,MEX,1105424238731.09,Latin America and the Caribbean,0.747,0.0
209,1990,Belize,163920,2100,1000,600,4000,0,0,BLZ,546750912.28848,Latin America and the Caribbean,0.609,0.0
210,1995,Belize,186321,1300,1194,721,4768,0,0,BLZ,818590250.0,Latin America and the Caribbean,0.0,0.0
211,2000,Belize,192222,0,243,0,367,0,0,BLZ,1138138100.0,Latin America and the Caribbean,0.657,0.0
212,2005,Belize,208096,0,410,378,489,0,0,BLZ,1474298400.0,Latin America and the Caribbean,0.0,0.0
213,2010,Belize,223972,0,577,757,612,0,0,BLZ,1748988400.0,Latin America and the Caribbean,0.72,0.0
223,1990,Guatemala,8511300,950,800,1600,0,0,3100,GTM,7650196845.21546,Latin America and the Caribbean,0.49,1.0
224,1995,Guatemala,9576225,644,655,1390,0,0,0,GTM,14655404433.2771,Latin America and the Caribbean,0.0,1.0
225,2000,Guatemala,11045250,1014,911,1981,0,0,3684,GTM,19288929030.0508,Latin America and the Caribbean,0.551,0.0
226,2005,Guatemala,12065950,1000,1100,2000,0,0,4000,GTM,26783389293.922,Latin America and the Caribbean,0.0,0.0
227,2010,Guatemala,13133239,2000,2000,0,0,0,0,GTM,40676578423.4871,Latin America and the Caribbean,0.613,0.0
237,1990,Honduras,4919650,290,6000,2500,0,0,400,HND,3734460116.73152,Latin America and the Caribbean,0.513,0.0
238,1995,Honduras,5624825,145,3000,1250,0,0,200,HND,4672346193.95203,Latin America and the Caribbean,0.0,0.0
239,2000,Honduras,6330000,0,0,0,0,0,0,HND,7186638029.05875,Latin America and the Caribbean,0.553,0.0
240,2005,Honduras,6587486,357,10010,3854,0,0,482,HND,9757012696.56212,Latin America and the Caribbean,0.0,0.0
241,2010,Honduras,7121814,397,397,0,0,0,0,HND,15839344591.9842,Latin America and the Caribbean,0.596,0.0
251,1990,El Salvador,4865340,500,1550,540,0,0,700,SLV,4817542204.0,Latin America and the Caribbean,0.519,1.0
252,1995,El Salvador,5288450,282,1656,301,0,0,741,SLV,8921947100.0,Latin America and the Caribbean,0.0,0.0
253,2000,El Salvador,5711560,565,1763,602,0,0,783,SLV,11784927700.0,Latin America and the Caribbean,0.609,0.0
254,2005,El Salvador,5803034,282,0,0,0,0,0,SLV,14698000000.0,Latin America and the Caribbean,0.0,0.0
255,2010,El Salvador,6209779,648,2027,0,0,0,0,SLV,18447920000.0,Latin America and the Caribbean,0.657,0.0
265,1990,Nicaragua,3716900,400,710,4200,0,0,1700,NIC,1009455483.87097,Latin America and the Caribbean,0.487,0.0
266,1995,Nicaragua,4307600,248,786,5017,0,0,1991,NIC,4140470000.0,Latin America and the Caribbean,0.0,0.0
267,2000,Nicaragua,4898300,497,863,5835,0,0,2283,NIC,5109587049.97449,Latin America and the Caribbean,0.563,0.0
268,2005,Nicaragua,4907725,0,1500,0,0,0,0,NIC,6321324279.14826,Latin America and the Caribbean,0.0,0.0
269,2010,Nicaragua,5242544,0,1602,0,0,0,0,NIC,8758602232.98358,Latin America and the Caribbean,0.611,0.0
279,1990,Costa Rica,2620600,3800,0,2000,80,0,0,CRI,5711687786.75989,Latin America and the Caribbean,0.659,0.0
280,1995,Costa Rica,3097950,4170,0,2171,100,0,0,CRI,11578594259.8675,Latin America and the Caribbean,0.0,0.0
281,2000,Costa Rica,3771380,4540,0,2343,121,0,0,CRI,15013629661.8969,Latin America and the Caribbean,0.709,0.0
282,2005,Costa Rica,4057108,2687,0,1135,519,0,0,CRI,20040642476.9817,Latin America and the Caribbean,0.0,0.0
283,2010,Costa Rica,3925741,3800,0,1200,558,0,0,CRI,37658616951.8038,Latin America and the Caribbean,0.769,0.0
293,1990,Panama,2292500,1133,35000,12200,2666,0,1200,PAN,6433967000.0,Latin America and the Caribbean,0.672,0.0
294,1995,Panama,2552070,3400,11666,0,0,0,0,PAN,9573813700.0,Latin America and the Caribbean,0.0,0.0
295,2000,Panama,2773500,3778,12655,2033,9138,0,0,PAN,11966497048.6488,Latin America and the Caribbean,0.722,0.0
296,2005,Panama,3161160,5000,10000,12315,450,0,0,PAN,16623906739.3121,Latin America and the Caribbean,0.0,0.0
297,2010,Panama,4166894,6590,13181,16233,593,0,0,PAN,30231009532.9507,Latin America and the Caribbean,0.775,0.0
307,1990,Colombia,30980000,8750,20000,1300,8000,0,0,COL,47844090709.9908,Latin America and the Caribbean,0.614,1.0
308,1995,Colombia,33756907,6500,0,0,0,0,0,COL,92507279383.0387,Latin America and the Caribbean,0.0,1.0
309,2000,Colombia,39996945,7500,32248,1124,6832,0,0,COL,99875074951.0278,Latin America and the Caribbean,0.672,1.0
310,2005,Colombia,41606496,7500,25700,1500,7500,0,0,COL,145600529605.803,Latin America and the Caribbean,0.0,1.0
311,2010,Colombia,44910647,8095,27740,1619,8095,0,0,COL,286498534094.963,Latin America and the Caribbean,0.732,1.0
321,1990,Venezuela (Bolivarian Republic Of),18614680,39000,620,2370,0,0,0,VEN,48606952194.7752,Latin America and the Caribbean,0.657,0.0
322,1995,Venezuela (Bolivarian Republic Of),20231080,0,0,0,0,0,0,VEN,77389487770.0883,Latin America and the Caribbean,0.0,0.0
323,2000,Venezuela (Bolivarian Republic Of),22762053,15804,26506,9845,0,0,0,VEN,117146466002.661,Latin America and the Caribbean,0.699,0.0
324,2005,Venezuela (Bolivarian Republic Of),25077176,16159,28185,11011,0,0,0,VEN,145513489651.872,Latin America and the Caribbean,0.0,0.0
325,2010,Venezuela (Bolivarian Republic Of),27392300,16515,29864,12177,0,0,0,VEN,393192354510.653,Latin America and the Caribbean,0.759,0.0
330,1990,Guyana,303900,60,57600,1500,252000,0,0,GUY,396582263.291139,Latin America and the Caribbean,0.496,0.0
331,1995,Guyana,367200,38,55800,0,232500,0,0,GUY,621626785.915493,Latin America and the Caribbean,0.0,0.0
332,2000,Guyana,430500,16,54000,750,213000,0,0,GUY,712667896.727512,Latin America and the Caribbean,0.57,0.0
333,2005,Guyana,429477,22,55781,375,219706,0,0,GUY,824880550.343965,Latin America and the Caribbean,0.0,0.0
334,2010,Guyana,427919,29,57562,0,226412,0,0,GUY,3432912516.92427,Latin America and the Caribbean,0.65,0.0
338,1990,Suriname,235351,525,65091,1400,82885,0,0,SUR,388400000.0,Latin America and the Caribbean,0.696,0.0
339,1995,Suriname,225995,0,67800,0,110430,0,0,SUR,691590497.737557,Latin America and the Caribbean,0.0,0.0
340,2000,Suriname,234934,191,69493,617,102101,0,0,SUR,947671969.69697,Latin America and the Caribbean,0.696,0.0
341,2005,Suriname,274703,276,82468,893,121100,0,405,SUR,1793410397.38738,Latin America and the Caribbean,0.0,0.0
342,2010,Suriname,271680,290,110936,0,155084,0,0,SUR,4368370997.92126,Latin America and the Caribbean,0.696,0.0
352,1990,Ecuador,9874700,1400,0,1200,0,0,0,ECU,15239272611.5809,Latin America and the Caribbean,0.645,0.0
353,1995,Ecuador,8978500,0,0,0,0,0,0,ECU,24432884442.2211,Latin America and the Caribbean,0.0,1.0
354,2000,Ecuador,11477020,1300,1200,4422,0,0,0,ECU,17539454727.3637,Latin America and the Caribbean,0.684,0.0
355,2005,Ecuador,12136581,1150,1350,5941,0,0,0,ECU,40278849000.0,Latin America and the Caribbean,0.0,0.0
356,2010,Ecuador,12830327,1000,1500,7460,0,0,0,ECU,68151329000.0,Latin America and the Caribbean,0.736,0.0
366,1990,Peru,21346550,4500,250,7000,0,0,0,PER,26410386962.8019,Latin America and the Caribbean,0.62,1.0
367,1995,Peru,23290887,3763,232,13121,0,0,0,PER,53312793687.3836,Latin America and the Caribbean,0.0,1.0
368,2000,Peru,23532720,3027,5600,8200,0,0,0,PER,51744749133.213,Latin America and the Caribbean,0.675,0.0
369,2005,Peru,26698560,3000,6200,8500,0,0,0,PER,76060606060.6061,Latin America and the Caribbean,0.0,0.0
370,2010,Peru,27579681,3000,6000,10200,0,0,0,PER,147527631520.729,Latin America and the Caribbean,0.725,0.0
380,1990,Brazil,138033011,86423,50000,236403,2666,2000,0,BRA,390725626002.866,Latin America and the Caribbean,0.62,0.0
381,1995,Brazil,151406004,87862,68293,278083,2560,2701,0,BRA,769333330411.575,Latin America and the Caribbean,0.0,0.0
382,2000,Brazil,146447175,92000,86586,319764,2455,105000,0,BRA,655448188259.351,Latin America and the Caribbean,0.668,0.0
383,2005,Brazil,157380092,99500,60876,281882,4065,130475,0,BRA,891633826625.407,Latin America and the Caribbean,0.0,0.0
384,2010,Brazil,168313010,107000,35167,244000,5675,155951,0,BRA,2208838108484.35,Latin America and the Caribbean,0.722,0.0
394,1990,Bolivia (Plurinational State Of),6272300,2600,1100,4500,0,0,0,,,Latin America and the Caribbean,0.546,0.0
395,1995,Bolivia (Plurinational State Of),7300880,0,0,0,0,0,0,,,Latin America and the Caribbean,0.0,0.0
396,2000,Bolivia (Plurinational State Of),7842641,350,1666,5329,0,0,0,,,Latin America and the Caribbean,0.625,0.0
397,2005,Bolivia (Plurinational State Of),9033088,350,1836,6827,0,0,0,,,Latin America and the Caribbean,0.0,0.0
398,2010,Bolivia (Plurinational State Of),9720100,350,1031,3836,0,0,0,,,Latin America and the Caribbean,0.661,0.0
417,1990,Paraguay,4142546,2400,0,6200,0,0,0,PRY,5812114523.01187,Latin America and the Caribbean,0.604,0.0
419,1995,Paraguay,4624128,0,0,0,0,0,0,PRY,9062131475.02318,Latin America and the Caribbean,0.0,0.0
421,2000,Paraguay,5329016,1365,1000,5524,0,0,0,PRY,8855705139.55857,Latin America and the Caribbean,0.656,0.0
423,2005,Paraguay,5367889,1500,1270,4516,0,0,0,PRY,10737500188.1123,Latin America and the Caribbean,0.0,0.0
425,2010,Paraguay,6138983,3208,3873,14783,0,0,0,PRY,27260886405.2341,Latin America and the Caribbean,0.7,0.0
436,1990,Chile,12353325,9600,2000,750,0,0,0,CHL,33428580448.2715,Latin America and the Caribbean,0.705,0.0
437,1995,Chile,13585000,0,0,0,0,0,0,CHL,73820425701.6603,Latin America and the Caribbean,0.0,0.0
438,2000,Chile,14197856,11127,1603,1812,0,0,0,CHL,78339750721.364,Latin America and the Caribbean,0.763,0.0
439,2005,Chile,14273550,20900,4000,2100,0,0,0,CHL,122294145163.192,Latin America and the Caribbean,0.0,0.0
440,2010,Chile,15587652,20664,4500,2700,0,0,0,CHL,217051209238.534,Latin America and the Caribbean,0.813,0.0
450,1990,Argentina,29470753,620873,0,0,0,0,0,ARG,141352654305.163,Latin America and the Caribbean,0.724,0.0
451,1995,Argentina,31986560,695360,0,0,0,0,0,ARG,258031750000.0,Latin America and the Caribbean,0.0,0.0
452,2000,Argentina,33280506,296256,555480,5985,1811,0,0,ARG,284203750000.0,Latin America and the Caribbean,0.78,0.0
453,2005,Argentina,32627326,425000,600000,6912,1879,0,0,ARG,198737095012.282,Latin America and the Caribbean,0.0,0.0
454,2010,Argentina,34400709,275000,611000,7236,1967,0,0,ARG,423627422092.49,Latin America and the Caribbean,0.834,0.0
464,1990,Uruguay,2262800,30500,450,60,0,0,0,URY,9298807850.29979,Latin America and the Caribbean,0.702,0.0
465,1995,Uruguay,2286480,63720,0,0,0,0,0,URY,19297663096.5506,Latin America and the Caribbean,0.0,0.0
466,2000,Uruguay,2470035,45873,167,21,0,0,0,URY,22823270892.1094,Latin America and the Caribbean,0.754,0.0
467,2005,Uruguay,2705243,9918,1000,32,0,0,0,URY,17362857683.8545,Latin America and the Caribbean,0.0,0.0
468,2010,Uruguay,2746709,10070,1015,32,0,0,0,URY,41950361211.9581,Latin America and the Caribbean,0.785,0.0
478,1990,United Kingdom,48498500,310000,1050000,120000,375000,0,11531,GBR,1093169389204.55,Europe,0.804,1.0
479,1995,United Kingdom,48904250,295603,1459221,153245,471355,0,13413,GBR,1349094208616.06,Europe,0.0,0.0
480,2000,United Kingdom,42458524,281207,1828442,186491,567710,0,15296,GBR,1671597821152.97,Europe,0.863,0.0
481,2005,United Kingdom,40989298,272103,2264221,217659,692355,0,19720,GBR,2551361818181.82,Europe,0.0,0.0
482,2010,United Kingdom,38957273,263000,2700000,248827,817000,0,24144,GBR,2496740681057.14,Europe,0.913,0.0
492,1990,Ireland,3335763,1581,7500,0,0,0,0,IRL,49305632408.4929,Europe,0.743,0.0
493,1995,Ireland,3486468,1750,15081,726,2360,0,0,IRL,69139823232.3232,Europe,0.0,0.0
494,2000,Ireland,3529605,1865,19163,466,3767,0,0,IRL,100207610429.909,Europe,0.851,0.0
495,2005,Ireland,3855152,2065,27678,521,4214,0,0,IRL,211876989655.907,Europe,0.0,0.0
496,2010,Ireland,4150307,1984,25700,781,0,0,0,IRL,221732824603.484,Europe,0.908,0.0
511,1990,Netherlands,11346000,26000,533000,48000,80000,0,0,NLD,318799003993.707,Europe,0.847,0.0
513,1995,Netherlands,11215247,25471,626500,102930,84674,0,0,NLD,452967334614.329,Europe,0.0,0.0
515,2000,Netherlands,10625781,24942,780000,157860,95000,0,0,NLD,417649282153.726,Europe,0.892,0.0
517,2005,Netherlands,10570926,25786,897600,194208,105264,0,0,NLD,688133699635.797,Europe,0.0,0.0
519,2010,Netherlands,9626041,25700,963526,201012,107151,0,0,NLD,852464982433.335,Europe,0.917,0.0
539,1990,Belgium,8495449,32100,315000,20000,0,0,0,BEL,205331747947.851,Europe,0.814,0.0
541,1995,Belgium,8222233,32000,403904,21939,0,0,0,BEL,288025588396.278,Europe,0.0,0.0
543,2000,Belgium,7909604,40000,350000,20000,0,0,0,BEL,236792460312.471,Europe,0.884,0.0
545,2005,Belgium,8139550,50000,400000,10000,6500,0,0,BEL,385714762230.039,Europe,0.0,0.0
547,2010,Belgium,7526165,30000,543818,32629,7500,0,0,BEL,481556503720.001,Europe,0.913,0.0
567,1990,Luxembourg,352790,700,3900,0,0,0,0,LUX,12778792853.6939,Europe,0.793,0.0
569,1995,Luxembourg,376823,699,5850,0,0,0,0,LUX,20853093869.7318,Europe,0.0,0.0
571,2000,Luxembourg,404690,600,6000,0,0,0,0,LUX,21230182989.3036,Europe,0.864,0.0
573,2005,Luxembourg,436200,650,9000,0,0,0,0,LUX,37672280120.4794,Europe,0.0,0.0
575,2010,Luxembourg,460637,600,10139,0,0,0,0,LUX,56213985987.4168,Europe,0.912,0.0
595,1990,France,44618413,575000,1810000,307948,40000,0,0,FRA,1257649439826.53,Europe,0.79,0.0
597,1995,France,43939194,581390,2677400,378182,42302,0,0,FRA,1595219345511.89,Europe,0.0,0.0
599,2000,France,42875006,620000,4450000,594540,0,0,0,FRA,1360959069477.49,Europe,0.844,0.0
601,2005,France,42399613,600000,5500000,609960,0,0,0,FRA,2192146403028.17,Europe,0.0,0.0
603,2010,France,44023361,480000,4950000,650755,51000,0,0,FRA,2646230027988.34,Europe,0.88,0.0
605,1995,Monaco,29105,539,136,0,0,0,0,MCO,3130309995.30848,Europe,0.0,0.0
606,2000,Monaco,28250,500,1197,0,0,0,0,MCO,2654462665.26893,Europe,0.8035476190476191,0.0
607,2005,Monaco,27399,500,730,0,0,0,0,MCO,4204652898.73103,Europe,0.0,0.0
608,2010,Monaco,26550,500,264,0,0,0,0,MCO,5367561569.59548,Europe,0.8553333333333333,0.0
609,1990,Liechtenstein,27120,40,600,0,0,0,0,LIE,1421509216.37424,Europe,0.871,0.0
610,1995,Liechtenstein,28428,41,1319,0,0,0,0,LIE,2428525060.69927,Europe,0.0,0.0
611,2000,Liechtenstein,29285,26,1593,66,0,0,0,LIE,2483889858.32312,Europe,0.871,0.0
612,2005,Liechtenstein,30158,33,1776,0,0,0,0,LIE,3659319116.88057,Europe,0.0,0.0
613,2010,Liechtenstein,31031,40,1960,148,0,0,0,LIE,5082337238.44718,Europe,0.916,0.0
623,1990,Switzerland,6064100,17600,152200,1030,1800,0,0,CHE,265763573999.424,Europe,0.85,0.0
624,1995,Switzerland,6091621,17750,231500,10480,12311,0,0,CHE,352835806342.495,Europe,0.0,0.0
625,2000,Switzerland,6119143,17900,310800,19931,22823,0,0,CHE,279216033870.204,Europe,0.885,0.0
626,2005,Switzerland,6408536,17923,312354,24170,23129,0,0,CHE,418284865884.998,Europe,0.0,0.0
627,2010,Switzerland,6303993,17500,322000,25431,24336,0,0,CHE,598851028906.58,Europe,0.94,0.0
637,1990,Spain,37464150,12800,170000,16500,0,0,0,ESP,536175326477.31,Europe,0.762,0.0
638,1995,Spain,37249500,29583,300000,13838,0,0,0,ESP,614170002668.802,Europe,0.0,0.0
639,2000,Spain,34100000,52000,450000,12000,0,0,0,ESP,598102854756.08,Europe,0.828,0.0
640,2005,Spain,36380000,35000,1100000,9000,0,0,0,ESP,1154667551775.88,Europe,0.0,0.0
641,2010,Spain,37121529,12000,1400000,10200,0,0,0,ESP,1427989078916.67,Europe,0.868,0.0
642,1995,Andorra,62680,257,448,0,207,0,0,AND,1178745282.8678,Europe,0.0,0.0
643,2000,Andorra,72946,0,500,0,0,0,0,AND,1432606296.26722,Europe,0.815,0.0
644,2005,Andorra,74445,0,400,0,0,0,0,AND,3161084846.97686,Europe,0.0,0.0
645,2010,Andorra,77546,0,769,0,300,0,0,AND,3449925693.58181,Europe,0.863,0.0
655,1990,Portugal,9344537,500,20000,50000,0,0,0,PRT,78713860216.5659,Europe,0.703,0.0
656,1995,Portugal,9263964,467,28910,52650,0,0,0,PRT,118122007430.012,Europe,0.0,0.0
657,2000,Portugal,8437963,1773,35000,55300,7000,0,0,PRT,118605192877.388,Europe,0.793,0.0
658,2005,Portugal,8780641,2482,62993,57449,6693,0,0,PRT,197253876704.921,Europe,0.0,0.0
659,2010,Portugal,9123319,3192,90987,59598,6386,0,0,PRT,238443864993.217,Europe,0.831,0.0
662,1990,Germany,62557600,47000,2850000,75000,45000,0,0,DEU,1778162195860.07,Europe,0.828,0.0
664,1995,Germany,60917960,135319,3258506,79843,68954,0,0,DEU,2593053091306.13,Europe,0.0,0.0
666,2000,Germany,56327135,187500,3000000,80000,62500,0,0,DEU,1966980701145.1,Europe,0.89,0.0
668,2005,Germany,54399203,189000,3500000,82000,70000,0,0,DEU,2893393187361.87,Europe,0.0,0.0
670,2010,Germany,57827992,119000,4000000,245000,97500,0,0,DEU,3467093769666.67,Europe,0.929,0.0
679,1990,Germany,57550000,15580,1490000,0,0,0,0,DEU,1778162195860.07,Europe,0.828,0.0
705,1990,Poland,37050000,4940,4500,900,0,0,0,POL,65977748210.5263,Europe,0.715,0.0
707,1995,Poland,37293803,1410,5303,1458,0,0,0,POL,142838527115.448,Europe,0.0,0.0
709,2000,Poland,36631210,1400,2500,0,0,0,0,POL,172953527033.013,Europe,0.794,0.0
711,2005,Poland,35958000,1400,2700,1984,0,0,0,POL,306999913150.525,Europe,0.0,0.0
713,2010,Poland,34539629,1600,5100,1500,0,0,0,POL,478111630683.514,Europe,0.845,0.0
729,1990,Austria,6433500,7205,157415,0,0,0,0,AUT,165811372382.912,Europe,0.823,0.0
731,1995,Austria,6996880,8687,242116,5717,4198,0,0,AUT,240094169510.031,Europe,0.0,0.0
733,2000,Austria,6445987,8320,346502,0,0,0,0,AUT,196181599831.287,Europe,0.87,0.0
735,2005,Austria,6285258,8309,372536,0,0,0,0,AUT,313952317330.776,Europe,0.0,0.0
737,2010,Austria,6124531,8298,398571,0,0,0,0,AUT,389827789217.634,Europe,0.903,0.0
748,1990,Hungary,8053776,100000,16458,1000,0,0,0,HUN,34478360678.756,Europe,0.721,0.0
749,1995,Hungary,7811791,56435,20072,2206,0,0,0,HUN,46577614588.9926,Europe,0.0,0.0
750,2000,Hungary,7462967,12666,3150,5139,0,0,0,HUN,47275954428.9586,Europe,0.773,0.0
751,2005,Hungary,7066031,11815,3825,2569,0,0,0,HUN,113098237570.929,Europe,0.0,0.0
752,2010,Hungary,6669095,10965,4500,0,0,0,0,HUN,131898737241.166,Europe,0.829,0.0
771,1990,Slovakia,11078173,0,0,0,0,0,0,SVK,12915046978.1615,Europe,0.761,0.0
773,1995,Czechia,3076314,7210,1050,10746,0,0,0,CZE,60572381311.2283,Europe,0.0,0.0
774,2000,Czechia,3098330,3900,3699,6826,1062,0,0,CZE,62175642238.0847,Europe,0.81,0.0
775,2005,Czechia,2675520,5611,2518,3413,531,0,0,CZE,137264185596.1,Europe,0.0,0.0
776,2010,Czechia,2252712,7322,1338,0,0,0,0,CZE,211168667286.27,Europe,0.872,0.0
777,1995,Slovakia,3899119,927,0,0,0,0,0,SVK,26180022222.2222,Europe,0.0,0.0
778,2000,Slovakia,4519352,2424,517,0,0,0,0,SVK,29215726004.7765,Europe,0.761,0.0
779,2005,Slovakia,4307433,2377,514,0,0,0,0,SVK,62547753148.4638,Europe,0.0,0.0
780,2010,Slovakia,4101842,2445,521,0,0,0,0,SVK,91112160800.7668,Europe,0.841,0.0
790,1990,Italy,48669553,38359,600000,4100,0,0,0,ITA,1183945130898.51,Europe,0.78,0.0
791,1995,Italy,47718067,38088,640000,6233,0,0,0,ITA,1177369428265.78,Europe,0.0,0.0
792,2000,Italy,48955835,30200,950063,60338,0,0,0,ITA,1149661363439.38,Europe,0.842,0.0
793,2005,Italy,50346000,30000,1000000,60000,75000,0,0,ITA,1864982261286.85,Europe,0.0,0.0
794,2010,Italy,48018881,39000,700000,8831,7923,0,0,ITA,2144936254535.0,Europe,0.88,0.0
795,1995,San Marino,22799,0,5,0,0,0,0,SMR,0.0,Europe,0.0,0.0
796,2000,San Marino,25650,0,5,0,0,0,0,SMR,1007661366.66959,Europe,0.875,0.0
797,2005,San Marino,29450,0,6,0,0,0,0,SMR,1786514058.22344,Europe,0.0,0.0
798,2010,San Marino,28088,0,6,0,0,0,0,SMR,1881191925.32503,Europe,0.901,0.0
804,1990,Malta,350140,50,1250,0,40,0,0,MLT,2547328747.50761,Europe,0.726,0.0
805,1995,Malta,365041,53,1093,0,40,0,0,MLT,3709396044.85885,Europe,0.0,0.0
806,2000,Malta,371280,97,728,9,0,0,0,MLT,4036809815.46617,Europe,0.779,0.0
807,2005,Malta,387285,58,2838,810,42,0,0,MLT,6393234992.55141,Europe,0.0,0.0
808,2010,Malta,401633,60,4122,0,0,0,0,MLT,9097044159.26912,Europe,0.862,0.0
827,1990,Albania,976398,305,1367520,0,0,0,0,ALB,2028553750.0,Europe,0.649,0.0
829,1995,Albania,1049187,302,1948860,0,0,0,0,ALB,2905092798.61916,Europe,0.0,0.0
831,2000,Albania,715990,300,2051467,0,0,0,0,ALB,3584570164.85195,Europe,0.678,0.0
833,2005,Albania,837479,299,1931812,0,0,0,0,ALB,8256658249.8128,Europe,0.0,0.0
835,2010,Albania,685221,0,2013180,0,0,0,0,ALB,12086545641.299,Europe,0.766,0.0
837,2010,Montenegro,478002,0,120289,119,0,0,0,MNE,4136936189.28052,Europe,0.806,0.0
838,1995,The Former Yugoslav Republic Of Macedonia,1216107,956,658375,0,0,0,0,MKD,4707041315.24202,Europe,0.0,0.0
839,2000,The Former Yugoslav Republic Of Macedonia,1318658,0,674499,0,0,0,0,MKD,3772859034.20508,Europe,0.676,0.0
840,2005,The Former Yugoslav Republic Of Macedonia,1314733,0,688931,0,0,0,0,MKD,6258602872.67898,Europe,0.0,0.0
841,2010,The Former Yugoslav Republic Of Macedonia,1310808,0,703363,0,0,0,0,MKD,9407170321.37752,Europe,0.746,0.0
842,1995,Croatia,4188925,810,85130,0,0,0,0,HRV,22772394546.6058,Europe,0.0,1.0
843,2000,Croatia,4154923,498,57231,0,0,0,0,HRV,22134411297.473,Europe,0.764,0.0
844,2005,Croatia,4098533,526,61127,0,0,0,0,HRV,45013119281.806,Europe,0.0,0.0
845,2010,Croatia,4042145,553,65023,0,0,0,0,HRV,58975205417.3439,Europe,0.824,0.0
864,1990,Serbia,17356386,5576,2837717,0,0,0,0,SRB,0.0,Europe,0.689,0.0
866,1995,Serbia,7885123,4852,2003930,0,0,0,0,SRB,17921892655.3672,Europe,0.0,0.0
868,2000,Serbia,9757747,1113,340084,0,0,0,0,SRB,7326373882.11044,Europe,0.689,0.0
870,2005,Serbia,7134892,814,248670,0,0,0,0,SRB,28334256180.8801,Europe,0.0,0.0
872,2010,Serbia,6652741,586,226117,0,0,0,0,SRB,43536629233.1424,Europe,0.768,0.0
874,1995,Bosnia And Herzegovina,2286840,423,1810051,0,0,0,0,BIH,1866572953.73665,Europe,0.0,1.0
875,2000,Bosnia And Herzegovina,1986000,1037,1588800,0,0,0,0,BIH,5567772768.81188,Europe,0.656,0.0
876,2005,Bosnia And Herzegovina,1987185,1028,1654753,0,0,0,0,BIH,11222796336.5426,Europe,0.0,0.0
877,2010,Bosnia And Herzegovina,1988372,1019,1720707,0,0,0,0,BIH,17176315803.7298,Europe,0.718,0.0
878,1995,Slovenia,1780836,330,47700,0,0,0,0,SVN,21367422159.3207,Europe,0.0,0.0
879,2000,Slovenia,1580712,100,48019,0,0,0,0,SVN,20159190701.6789,Europe,0.823,0.0
880,2005,Slovenia,1478349,152,54815,0,0,0,0,SVN,35947936823.7781,Europe,0.0,0.0
881,2010,Slovenia,1375987,205,61611,0,0,0,0,SVN,47793117240.9001,Europe,0.89,0.0
900,1990,Greece,9754560,6600,202500,0,0,0,0,GRC,96529587274.2906,Europe,0.762,0.0
902,1995,Greece,10021758,6009,235000,0,0,0,0,GRC,134974613913.811,Europe,0.0,0.0
904,2000,Greece,10176670,4860,220000,0,0,0,0,GRC,125760166224.805,Europe,0.818,0.0
906,2005,Greece,10580420,5500,240000,0,0,0,0,GRC,242315668619.405,Europe,0.0,0.0
908,2010,Greece,10682948,5648,272000,0,0,0,0,GRC,296417644404.034,Europe,0.874,0.0
916,1990,Cyprus,505680,150,129390,0,0,0,0,CYP,5591130217.66965,Asia,0.733,0.0
917,1995,Cyprus,519135,145,155523,0,0,0,0,CYP,9933137128.07244,Asia,0.0,0.0
918,2000,Cyprus,559042,141,175000,0,0,0,0,CYP,9985847313.85485,Asia,0.797,0.0
919,2005,Cyprus,576604,144,169999,0,0,0,0,CYP,18433412510.8817,Asia,0.0,0.0
920,2010,Cyprus,606674,147,164999,0,0,0,0,CYP,25799940077.6075,Asia,0.859,0.0
930,1990,Bulgaria,6884000,4200,1110295,0,0,0,0,BGR,20632090909.0909,Europe,0.698,0.0
931,1995,Bulgaria,6629941,4053,1092780,0,0,0,0,BGR,18991484420.36,Europe,0.0,0.0
932,2000,Bulgaria,6876100,3907,999156,0,0,0,0,BGR,13245990274.4581,Europe,0.723,0.0
933,2005,Bulgaria,6403059,2953,985578,0,0,0,0,BGR,29868657858.0082,Europe,0.0,0.0
934,2010,Bulgaria,6206119,2000,972000,0,0,0,0,BGR,50689051382.4361,Europe,0.79,0.0
935,1995,Republic Of Moldova,4122440,50299,31819,0,0,0,0,MDA,1752999370.46158,Europe,0.0,0.0
936,2000,Republic Of Moldova,4125000,65700,0,0,0,0,0,MDA,1288429391.79951,Europe,0.655,0.0
937,2005,Republic Of Moldova,3318141,7500,64119,0,0,0,0,MDA,2988342907.03096,Europe,0.0,0.0
938,2010,Republic Of Moldova,2925500,3900,128238,0,0,0,0,MDA,6974982369.60155,Europe,0.716,0.0
948,1990,Romania,21180551,9670,45928,0,0,0,0,ROU,38247882300.4904,Europe,0.709,0.0
949,1995,Romania,21446333,8217,61592,0,0,0,0,ROU,37430162102.6125,Europe,0.0,0.0
950,2000,Romania,21984877,7500,67257,0,0,0,0,ROU,37253739511.1273,Europe,0.721,0.0
951,2005,Romania,21407729,8500,76128,0,0,0,0,ROU,98454380120.0761,Europe,0.0,0.0
952,2010,Romania,20899522,9500,85000,0,0,0,0,ROU,170064350671.827,Europe,0.813,0.0
962,1990,Russian Federation,68566005,2854190,28541901,550000,0,0,0,RUS,517014446227.929,Europe,0.741,1.0
963,1995,Russian Federation,32225158,897498,14777400,552705,0,0,0,RUS,395537185734.854,Europe,0.0,1.0
964,2000,Russian Federation,105985210,622175,20570760,1796711,0,0,0,RUS,259710142196.943,Europe,0.733,1.0
965,2005,Russian Federation,103229800,606000,20035960,1750000,0,0,0,RUS,764015973481.11,Europe,0.0,1.0
966,2010,Russian Federation,105697556,194000,16482000,0,0,0,0,RUS,1524916715223.95,Europe,0.797,1.0
967,1995,Estonia,647267,1622,3982,487,487,0,0,EST,4502970889.06373,Europe,0.0,0.0
969,2000,Estonia,401015,3200,1726,774,190,0,36,EST,5686579747.53524,Europe,0.798,0.0
971,2005,Estonia,390579,2450,1863,1087,275,0,106,EST,14109491356.7964,Europe,0.0,0.0
973,2010,Estonia,380141,1700,2000,1401,361,0,176,EST,19524355419.038,Europe,0.864,0.0
975,1995,Latvia,1359175,10389,6108,121,723,0,0,LVA,5608208784.9401,Europe,0.0,0.0
977,2000,Latvia,1285590,6005,300,100,500,0,0,LVA,7761252607.18424,Europe,0.761,0.0
979,2005,Latvia,1324373,6100,380,87,127,0,0,LVA,16306935905.4138,Europe,0.0,0.0
981,2010,Latvia,1772369,6000,320,167,205,0,0,LVA,23468324572.3343,Europe,0.827,0.0
983,1995,Lithuania,3172884,5681,7614,788,631,0,0,LTU,7921210339.58439,Europe,0.0,0.0
985,2000,Lithuania,3115606,5500,3012,429,279,0,0,LTU,11550695727.2335,Europe,0.769,0.0
987,2005,Lithuania,2935356,5750,2869,214,139,0,0,LTU,26105207115.3129,Europe,0.0,0.0
989,2010,Lithuania,2755107,6000,2727,0,0,0,0,LTU,36638128534.0643,Europe,0.846,0.0
991,1995,Ukraine,39860991,242562,995335,19335,4969,0,0,UKR,48213856468.5718,Europe,0.0,0.0
992,2000,Ukraine,41626200,151368,353192,50456,0,0,0,UKR,32375083934.8241,Europe,0.698,0.0
993,2005,Ukraine,39703750,143162,393000,0,0,0,0,UKR,89238865118.5263,Europe,0.0,0.0
994,2010,Ukraine,39196664,67000,456000,46005,0,0,0,UKR,141209170427.233,Europe,0.766,0.0
995,1995,Belarus,7159892,29500,15000,1329,0,0,0,BLR,13972683273.5692,Europe,0.0,0.0
996,2000,Belarus,5989515,27350,16000,664,0,0,0,BLR,12736856827.9847,Europe,0.708,0.0
997,2005,Belarus,4892500,25200,17000,0,0,0,0,BLR,30210091836.8294,Europe,0.0,0.0
998,2010,Belarus,5394257,12000,19000,0,0,0,0,BLR,57231904542.8755,Europe,0.79,0.0
999,1995,Armenia,3288527,706,8316,210,0,0,0,ARM,1468317435.20148,Asia,0.0,0.0
1000,2000,Armenia,3416610,821,750,0,0,0,0,ARM,1911563668.85006,Asia,0.656,0.0
1001,2005,Armenia,3054651,599,850,0,0,0,0,ARM,4900469511.10191,Asia,0.0,0.0
1002,2010,Armenia,3086654,565,1000,0,0,0,0,ARM,9260285755.62424,Asia,0.739,0.0
1003,1995,Georgia,4581948,19753,595870,0,0,0,0,GEO,2693732611.81599,Asia,0.0,0.0
1004,2000,Georgia,4406616,13750,458374,0,0,0,0,GEO,3057475335.18846,Asia,0.694,0.0
1005,2005,Georgia,3851060,12875,434000,0,0,0,0,GEO,6410912049.87105,Asia,0.0,0.0
1006,2010,Georgia,3553010,12000,440787,0,0,0,0,GEO,12426907967.1578,Asia,0.763,0.0
1007,1995,Azerbaijan,291437,22951,6738299,0,0,0,0,AZE,2417331192.9526,Asia,0.0,1.0
1008,2000,Azerbaijan,236459,12500,6960600,0,0,0,0,AZE,5272615722.96892,Asia,0.635,0.0
1009,2005,Azerbaijan,228500,10000,8056320,0,0,0,0,AZE,13245421880.834,Asia,0.0,1.0
1010,2010,Azerbaijan,218200,8000,8595234,0,0,0,0,AZE,52909294791.9262,Asia,0.733,0.0
1020,1990,Finland,4437525,1250,7800,2000,0,0,0,FIN,141446120354.533,Europe,0.811,0.0
1021,1995,Finland,4444851,1241,12181,2677,0,0,0,FIN,134060457516.34,Europe,0.0,0.0
1022,2000,Finland,4468908,1232,16563,3354,0,0,0,FIN,125967821110.589,Europe,0.887,0.0
1023,2005,Finland,4422378,1249,23712,4879,0,0,0,FIN,204859368790.661,Europe,0.0,0.0
1024,2010,Finland,4258941,1277,24245,4988,0,0,0,FIN,249429613683.334,Europe,0.912,0.0
1034,1990,Sweden,7833833,15500,137000,24573,0,0,0,SWE,261466577008.853,Europe,0.808,0.0
1035,1995,Sweden,7933826,15813,205268,30641,0,0,0,SWE,267050453506.792,Europe,0.0,0.0
1036,2000,Sweden,7734793,20031,350550,3505,3505,0,0,SWE,262903560280.282,Europe,0.903,0.0
1037,2005,Sweden,7630100,19250,350000,15000,8500,0,0,SWE,391688455928.597,Europe,0.0,0.0
1038,2010,Sweden,7133814,19781,562741,0,0,0,0,SWE,492750897239.447,Europe,0.91,0.0
1057,1990,Norway,3819633,820,13919,27809,0,0,0,NOR,119791843059.572,Europe,0.845,0.0
1059,1995,Norway,3962924,821,18778,34737,0,0,0,NOR,152029612324.788,Europe,0.0,0.0
1061,2000,Norway,3956900,1200,62000,40000,0,0,0,NOR,171457201935.968,Europe,0.914,0.0
1063,2005,Norway,4168814,1300,76621,9505,3782,0,0,NOR,309978579743.888,Europe,0.0,0.0
1065,2010,Norway,4103723,823,99500,13450,5203,0,0,NOR,431052143940.438,Europe,0.938,0.0
1085,1990,Denmark,4777340,6700,55000,11272,3400,0,0,DNK,138217740684.484,Europe,0.839,0.0
1087,1995,Denmark,4703433,6737,108747,13840,5564,0,0,DNK,184848481008.139,Europe,0.0,0.0
1089,2000,Denmark,4551334,6159,174507,3941,0,0,0,DNK,164043817223.59,Europe,0.89,0.0
1091,2005,Denmark,4544945,7000,200000,4423,0,0,0,DNK,265150087711.985,Europe,0.0,0.0
1093,2010,Denmark,4527237,2153,222000,4487,206,0,0,DNK,322345594075.47,Europe,0.913,0.0
1104,1990,Iceland,246069,0,50,0,150,0,0,ISL,6694851159.32729,Europe,0.834,0.0
1105,1995,Iceland,257027,0,221,0,440,0,0,ISL,7372640168.67697,Europe,0.0,0.0
1106,2000,Iceland,268427,0,135,455,0,0,0,ISL,9140168922.35677,Europe,0.895,0.0
1107,2005,Iceland,277615,0,321,597,0,0,0,ISL,17146410560.5279,Europe,0.0,0.0
1108,2010,Iceland,290063,0,1589,1087,0,0,0,ISL,13922711576.5124,Europe,0.927,0.0
1112,1990,Cabo Verde,327320,0,7600,0,0,0,0,CPV,306890962.649533,Africa,0.59,0.0
1113,1995,Cabo Verde,368620,52,9828,0,0,0,0,CPV,487148993.533109,Africa,0.0,0.0
1114,2000,Cabo Verde,406199,55,11856,0,0,0,0,CPV,539227277.626411,Africa,0.59,0.0
1115,2005,Cabo Verde,438406,0,11400,0,0,0,0,CPV,972241676.907662,Africa,0.0,0.0
1116,2010,Cabo Verde,450220,0,15200,0,0,0,0,CPV,1824751467.92957,Africa,0.649,0.0
1120,1990,Sao Tome And Principe,110000,0,50,0,0,0,0,STP,119297932.757045,Africa,0.48,0.0
1121,1995,Sao Tome And Principe,116795,0,54,0,0,0,0,STP,103695236.781001,Africa,0.0,0.0
1122,2000,Sao Tome And Principe,129632,0,58,0,0,0,0,STP,76198394.8202671,Africa,0.498,0.0
1123,2005,Sao Tome And Principe,139070,0,1250,0,0,0,0,STP,136450662.390592,Africa,0.0,0.0
1124,2010,Sao Tome And Principe,153810,0,2443,0,0,0,0,STP,190021192.489536,Africa,0.553,0.0
1128,1990,Guinea-Bissau,115320,0,318120,0,0,0,0,GNB,634187269.235013,Africa,0.441,0.0
1129,1995,Guinea-Bissau,142554,0,374150,0,0,0,0,GNB,660195402.013602,Africa,0.0,0.0
1130,2000,Guinea-Bissau,145500,0,505200,0,0,0,0,GNB,391345597.488269,Africa,0.441,0.0
1131,2005,Guinea-Bissau,158866,0,556919,0,0,0,0,GNB,639776040.688424,Africa,0.0,0.0
1132,2010,Guinea-Bissau,160848,0,589777,0,0,0,0,GNB,940112538.936436,Africa,0.441,0.0
1137,1990,Equatorial Guinea,318600,0,6960,0,150,0,0,GNQ,112119411.489965,Africa,0.511,0.0
1138,1995,Equatorial Guinea,339545,0,11653,0,188,0,0,GNQ,141853360.867855,Africa,0.0,0.0
1139,2000,Equatorial Guinea,394530,0,18700,0,227,0,0,GNQ,1045998496.43872,Africa,0.511,0.0
1140,2005,Equatorial Guinea,526785,0,24665,0,305,0,0,GNQ,8217369092.65224,Africa,0.0,0.0
1141,2010,Equatorial Guinea,622914,0,27500,0,349,0,0,GNQ,16314443436.2903,Africa,0.609,0.0
1147,1990,Gambia,37260,0,790760,0,140,0,0,GMB,317083695.477797,Africa,0.323,0.0
1148,1995,Gambia,44806,0,990900,0,175,0,0,GMB,785999864.840299,Africa,0.0,0.0
1149,2000,Gambia,39687,0,1174500,0,211,0,0,GMB,782913871.80966,Africa,0.392,0.0
1150,2005,Gambia,45673,0,1299360,0,236,0,0,GMB,1027701067.55688,Africa,0.0,0.0
1151,2010,Gambia,74920,0,1548362,0,279,0,0,GMB,1543294926.87301,Africa,0.449,0.0
1158,1990,Mali,156000,0,7163200,0,0,0,0,MLI,3248417790.51435,Africa,0.236,1.0
1159,1995,Mali,222939,0,9557550,0,0,0,0,MLI,3373322735.39126,Africa,0.0,0.0
1160,2000,Mali,368900,0,10080350,0,0,0,0,MLI,3521570875.90793,Africa,0.315,0.0
1161,2005,Mali,325211,0,10607200,0,0,0,0,MLI,7429066951.48251,Africa,0.0,0.0
1162,2010,Mali,407068,0,12754822,0,0,0,0,MLI,12710739159.4045,Africa,0.406,0.0
1169,1990,Senegal,400000,0,6407000,830,0,0,0,SEN,7390967360.42121,Africa,0.371,1.0
1170,1995,Senegal,411998,0,7328829,1015,0,0,0,SEN,6326342633.4034,Africa,0.0,1.0
1171,2000,Senegal,377758,0,8852140,1242,0,0,0,SEN,6013185003.97525,Africa,0.388,1.0
1172,2005,Senegal,433919,0,10159120,1300,0,0,0,SEN,11009033437.939,Africa,0.0,0.0
1173,2010,Senegal,421345,0,11346069,1631,0,0,0,SEN,16121315909.0758,Africa,0.47,0.0
1180,1990,Benin,1306920,0,870000,0,0,0,0,BEN,1959965330.14765,Africa,0.35,0.0
1181,1995,Benin,1837275,0,1190640,0,0,0,0,BEN,2169627137.9207,Africa,0.0,0.0
1182,2000,Benin,2635093,0,1505807,0,0,0,0,BEN,3519991440.47913,Africa,0.412,0.0
1183,2005,Benin,3161071,0,1692233,0,6198,0,0,BEN,6567654954.38903,Africa,0.0,0.0
1184,2010,Benin,3514394,0,2325715,0,0,0,0,BEN,9535345015.78355,Africa,0.481,0.0
1191,1990,Mauritania,8930,0,1972970,0,0,0,0,MRT,1506914407.82047,Africa,0.397,0.0
1192,1995,Mauritania,8088,0,2261160,0,0,0,0,MRT,2091726101.43014,Africa,0.0,0.0
1193,2000,Mauritania,7248,0,2597000,0,0,0,0,MRT,1779520886.47015,Africa,0.461,0.0
1194,2005,Mauritania,7489,0,2789760,0,0,0,0,MRT,2936019525.60241,Africa,0.0,0.0
1195,2010,Mauritania,8718,0,3212166,0,0,0,0,MRT,5628878797.98257,Africa,0.508,0.0
1202,1990,Niger,65400,0,6970000,0,0,0,0,NER,3512356507.88599,Africa,0.212,0.0
1203,1995,Niger,52829,0,8450430,0,0,0,0,NER,2302537562.24406,Africa,0.0,0.0
1204,2000,Niger,379700,0,9817950,0,0,0,0,NER,2241753192.81158,Africa,0.26,0.0
1205,2005,Niger,446864,0,11590000,0,0,0,0,NER,4383315964.58718,Africa,0.0,0.0
1206,2010,Niger,584548,0,13714412,0,0,0,0,NER,7851192502.30917,Africa,0.336,0.0
1213,1990,Côte D'Ivoire,3444889,0,4530943,4929,6600,0,0,CIV,10795850582.779,Africa,0.425,0.0
1214,1995,Côte D'Ivoire,4293224,0,5399999,6161,3891,0,0,CIV,11000146266.5135,Africa,0.0,0.0
1215,2000,Côte D'Ivoire,4152993,0,5719537,7393,1183,0,0,CIV,16577533891.8785,Africa,0.454,0.0
1216,2005,Côte D'Ivoire,6091165,0,7337488,9049,1448,0,0,CIV,24036918703.1747,Africa,0.0,0.0
1217,2010,Côte D'Ivoire,8029336,0,8029337,10706,1713,0,0,CIV,34936307980.063,Africa,0.47,0.0
1224,1990,Guinea,220000,0,3847000,4458,0,0,0,GIN,3888320665.52218,Africa,0.27,0.0
1225,1995,Guinea,280000,0,4997320,5573,0,0,0,GIN,5385704166.43341,Africa,0.0,0.0
1226,2000,Guinea,534351,0,6315500,6500,0,0,0,GIN,4367458866.71537,Africa,0.345,1.0
1227,2005,Guinea,737678,0,7837850,8200,0,0,0,GIN,4282468636.90501,Africa,0.0,0.0
1228,2010,Guinea,819087,0,8702832,9000,0,0,0,GIN,6853467145.53089,Africa,0.415,0.0
1235,1990,Burkina Faso,1340000,0,4376500,0,0,0,0,BFA,3101300778.56414,Africa,0.296,0.0
1236,1995,Burkina Faso,1601000,0,5100000,0,0,0,0,BFA,2379517975.28056,Africa,0.0,0.0
1237,2000,Burkina Faso,2561541,0,6804090,0,0,0,0,BFA,2968370087.59759,Africa,0.296,0.0
1238,2005,Burkina Faso,2891500,0,7425160,0,0,0,0,BFA,6146353173.34929,Africa,0.0,0.0
1239,2010,Burkina Faso,4574351,0,9023117,0,0,0,0,BFA,10109619740.6994,Africa,0.372,0.0
1249,1990,Liberia,866520,0,433260,0,0,0,0,LBR,384400000.0,Africa,0.434,1.0
1250,1995,Liberia,998800,0,441600,0,0,0,0,LBR,134800000.0,Africa,0.0,1.0
1251,2000,Liberia,1230057,0,630800,0,0,0,0,LBR,874000000.0,Africa,0.434,1.0
1252,2005,Liberia,2281310,0,466760,0,0,0,0,LBR,949000000.0,Africa,0.0,0.0
1253,2010,Liberia,3542240,0,468918,0,0,0,0,LBR,1998000000.0,Africa,0.46,0.0
1259,1990,Sierra Leone,452150,0,1798650,0,2050,0,0,SLE,649644097.566129,Africa,0.314,0.0
1260,1995,Sierra Leone,419499,0,2433100,0,2270,0,0,SLE,870740291.519248,Africa,0.0,1.0
1261,2000,Sierra Leone,856198,0,2813860,0,2490,0,0,SLE,635866403.776065,Africa,0.319,1.0
1262,2005,Sierra Leone,1057208,0,3147566,0,2797,0,0,SLE,2545275312.60512,Africa,0.0,0.0
1263,2010,Sierra Leone,1169246,0,3396544,0,3000,0,0,SLE,4262805966.78755,Africa,0.416,0.0
1270,1990,Ghana,8280300,0,2930000,340,3200,0,0,GHA,5889106573.46088,Africa,0.445,0.0
1271,1995,Ghana,10150510,0,3464972,372,3621,0,0,GHA,6464382807.67884,Africa,0.0,0.0
1272,2000,Ghana,10986230,0,3787000,404,4042,0,0,GHA,4982850662.20851,Africa,0.5,0.0
1273,2005,Ghana,12666130,0,3404843,431,4333,0,0,GHA,10744568381.4456,Africa,0.0,0.0
1274,2010,Ghana,16879326,0,4223515,0,0,0,0,GHA,32197655566.5347,Africa,0.571,0.0
1281,1990,Togo,1467000,0,650000,0,0,0,0,TGO,2299665505.61434,Africa,0.399,0.0
1282,1995,Togo,1777899,0,735300,0,0,0,0,TGO,1849110468.19569,Africa,0.0,0.0
1283,2000,Togo,1917880,0,555480,0,0,0,0,TGO,2106848752.27753,Africa,0.436,0.0
1284,2005,Togo,2513727,0,731169,0,0,0,0,TGO,3221910408.46516,Africa,0.0,0.0
1285,2010,Togo,2797212,0,815854,0,0,0,0,TGO,4746386893.22553,Africa,0.469,0.0
1292,1990,Cameroon,6038000,0,2435000,55,0,0,0,CMR,12314482627.8454,Africa,0.44,0.0
1293,1995,Cameroon,7036810,0,2920940,100,0,0,0,CMR,10864772470.9043,Africa,0.0,0.0
1294,2000,Cameroon,7566370,0,2896320,181,0,0,0,CMR,10566579294.9831,Africa,0.426,0.0
1295,2005,Cameroon,8938935,0,3499500,326,0,0,0,CMR,19509852206.9341,Africa,0.0,0.0
1296,2010,Cameroon,9868484,0,4265362,359,0,0,0,CMR,27507501821.0296,Africa,0.515,0.0
1303,1990,Nigeria,44038540,800,42899000,5000,0,0,0,NGA,54035795387.8086,Africa,0.488,0.0
1304,1995,Nigeria,47688800,801,52361000,5477,0,0,0,NGA,140919776986.364,Africa,0.0,0.0
1305,2000,Nigeria,49263166,200,60000000,5954,0,0,0,NGA,69171451627.2465,Africa,0.488,0.0
1306,2005,Nigeria,56317628,100,66214665,7000,0,0,0,NGA,175670569969.346,Africa,0.0,0.0
1307,2010,Nigeria,64726375,100,78284656,8229,0,0,0,NGA,366990417129.04,Africa,0.488,1.0
1314,1990,Gabon,806600,0,40000,0,0,0,0,GAB,5952293764.84777,Africa,0.599,0.0
1315,1995,Gabon,946880,0,79645,0,0,0,0,GAB,4958845648.04778,Africa,0.0,0.0
1316,2000,Gabon,936379,0,147120,0,0,0,0,GAB,5080483628.53013,Africa,0.626,0.0
1317,2005,Gabon,963099,0,157560,0,0,0,0,GAB,9582783990.85345,Africa,0.0,0.0
1318,2010,Gabon,1047752,0,210332,0,0,0,0,GAB,14372593020.2885,Africa,0.656,0.0
1325,1990,Central African Republic,1853000,0,455000,0,0,0,0,CAF,1440711459.16967,Africa,0.333,0.0
1326,1995,Central African Republic,2159140,0,490950,0,0,0,0,CAF,1115389673.69197,Africa,0.0,0.0
1327,2000,Central African Republic,1662483,0,565474,0,0,0,0,CAF,916777282.691659,Africa,0.319,0.0
1328,2005,Central African Republic,2017690,0,615150,0,0,0,0,CAF,1337894378.73743,Africa,0.0,1.0
1329,2010,Central African Republic,2215305,0,675397,0,0,0,0,CAF,2142591540.40068,Africa,0.357,1.0
1336,1990,Chad,1808050,0,2672890,612,0,0,0,TCD,1738605557.76313,Africa,0.292,1.0
1337,1995,Chad,1955305,0,3167500,765,0,0,0,TCD,1445919894.57661,Africa,0.0,0.0
1338,2000,Chad,2274495,0,4124505,918,0,0,0,TCD,1388506771.58756,Africa,0.292,1.0
1339,2005,Chad,3306270,0,5530260,1543,0,0,0,TCD,8655892392.92919,Africa,0.0,1.0
1340,2010,Chad,3909470,0,6347232,1771,0,0,0,TCD,14058506663.7252,Africa,0.364,1.0
1347,1990,Congo,1976040,0,25000,100,0,0,0,COG,2798746050.11354,Africa,0.541,0.0
1348,1995,Congo,2243564,0,51860,113,0,0,0,COG,2116003867.75536,Africa,0.0,0.0
1349,2000,Congo,2430640,0,42408,127,0,0,0,COG,3227927697.57921,Africa,0.509,0.0
1350,2005,Congo,2865567,0,69920,142,0,0,0,COG,6650001680.48544,Africa,0.0,0.0
1351,2010,Congo,3228666,0,77400,172,0,0,0,COG,13148396211.5955,Africa,0.581,0.0
1358,1990,Democratic Republic Of The Congo,33302540,420,435000,2100,64000,0,0,COD,9349764580.41173,Africa,0.377,0.0
1359,1995,Democratic Republic Of The Congo,43148540,441,454530,2486,70740,0,0,COD,5643439376.10491,Africa,0.0,0.0
1360,2000,Democratic Republic Of The Congo,47010884,463,671502,2872,77481,0,0,COD,19088046305.7971,Africa,0.376,1.0
1361,2005,Democratic Republic Of The Congo,54270480,363,886155,3438,80500,0,0,COD,12609728573.1032,Africa,0.0,1.0
1362,2010,Democratic Republic Of The Congo,63127199,407,882247,3841,95000,0,0,COD,24161641931.0331,Africa,0.424,1.0
1368,1990,Uganda,13556620,2000,1843204,727,132000,0,1650,UGA,4304399310.30967,Africa,0.329,1.0
1369,1995,Uganda,15511805,2200,2156905,908,157600,0,1800,UGA,5755818842.49246,Africa,0.0,1.0
1370,2000,Uganda,17829965,1500,2634881,1090,162000,0,2004,UGA,6193246837.09687,Africa,0.392,1.0
1371,2005,Uganda,21257472,2676,3117551,1722,170000,0,2461,UGA,9239221763.05793,Africa,0.0,1.0
1372,2010,Uganda,25921856,2000,3734278,2005,182000,0,2863,UGA,26673441430.7857,Africa,0.5,0.0
1378,1990,Kenya,18867000,1600,1680000,200,120000,0,48000,KEN,8572359038.16958,Africa,0.48,0.0
1379,1995,Kenya,24049800,1693,2032672,461,135801,0,53027,KEN,9046320255.40507,Africa,0.0,0.0
1380,2000,Kenya,23881200,1787,2406400,722,135000,0,58054,KEN,12705350097.8044,Africa,0.487,0.0
1381,2005,Kenya,29036215,1500,3193162,1118,145000,0,60000,KEN,18737895512.7378,Africa,0.0,0.0
1382,2010,Kenya,32402646,1300,4198090,1266,175000,0,77561,KEN,45405615063.7551,Africa,0.545,0.0
1388,1990,United Republic Of Tanzania,12378600,170,8050000,5072,210000,0,6200,,,Africa,0.366,0.0
1389,1995,United Republic Of Tanzania,15624860,194,9707840,6340,249961,0,6770,,,Africa,0.0,0.0
1390,2000,United Republic Of Tanzania,16989531,0,11730950,7608,289922,0,7340,,,Africa,0.396,0.0
1391,2005,United Republic Of Tanzania,18595935,0,12657251,8522,279999,0,8784,,,Africa,0.0,0.0
1392,2010,United Republic Of Tanzania,20574501,0,15505201,9777,322500,0,9432,,,Africa,0.493,0.0
1398,1990,Burundi,4891200,0,105893,0,5000,0,0,BDI,1132101252.51817,Africa,0.285,0.0
1399,1995,Burundi,5424155,0,59820,0,5312,0,0,BDI,1000428393.88528,Africa,0.0,1.0
1400,2000,Burundi,5623798,0,234324,0,5624,0,0,BDI,870486065.883137,Africa,0.298,1.0
1401,2005,Burundi,6632591,0,224601,0,6422,0,0,BDI,1117113079.73645,Africa,0.0,1.0
1402,2010,Burundi,7641386,0,214879,0,7220,0,0,BDI,2032135192.01248,Africa,0.404,0.0
1408,1990,Rwanda,5702750,0,556056,0,10000,0,0,RWA,2550185679.08109,Africa,0.32,1.0
1409,1995,Rwanda,4359705,0,362880,0,5193,0,0,RWA,1293535193.49248,Africa,0.0,0.0
1410,2000,Rwanda,6779963,0,328674,0,387,0,0,RWA,2068836754.37431,Africa,0.328,1.0
1411,2005,Rwanda,8064826,0,449600,0,440,0,0,RWA,2933819766.17656,Africa,0.0,0.0
1412,2010,Rwanda,9252868,0,475843,0,517,0,0,RWA,6124756654.12346,Africa,0.485,0.0
1419,1990,Somalia,6357,0,8573000,0,2400,0,0,SOM,1031282081.16683,Africa,0.38,1.0
1420,1995,Somalia,6317,0,9401000,0,4027,0,0,SOM,1534756134.55022,Africa,0.0,1.0
1421,2000,Somalia,6277,0,10046515,0,5654,0,0,SOM,3412797450.20112,Africa,0.38,0.0
1422,2005,Somalia,4509,0,8303876,0,4737,0,0,SOM,4683246454.10048,Africa,0.0,1.0
1423,2010,Somalia,4333,0,9283692,0,5225,0,0,SOM,2687807003.73935,Africa,0.38,1.0
1426,1990,Djibouti,23660,0,484500,0,130,0,0,DJI,452328087.282876,Africa,0.33,0.0
1427,1995,Djibouti,26408,0,564940,0,192,0,0,DJI,497723960.589913,Africa,0.0,0.0
1428,2000,Djibouti,10397,0,622050,0,255,0,0,DJI,551230861.856505,Africa,0.33,0.0
1429,2005,Djibouti,11125,0,784875,0,321,0,0,DJI,708633194.726566,Africa,0.0,0.0
1430,2010,Djibouti,12256,0,860869,0,352,0,0,DJI,1128611700.3618,Africa,0.422,0.0
1449,1990,Ethiopia,29253960,10000,16540480,0,3600,0,0,ETH,12478943895.1691,Africa,0.286,1.0
1451,1995,Ethiopia,32575450,10975,19270180,0,4130,0,0,ETH,7855205206.93405,Africa,0.0,0.0
1453,2000,Ethiopia,38159809,11950,20608195,0,4661,0,0,ETH,8242349617.8638,Africa,0.286,1.0
1455,2005,Ethiopia,42171769,8500,27234000,0,5471,0,0,ETH,12401139453.9738,Africa,0.0,1.0
1457,2010,Ethiopia,50654152,4500,28332765,0,6130,0,0,ETH,29933790334.3418,Africa,0.409,1.0
1459,1995,Eritrea,1539364,0,1542000,0,685,0,0,ERI,578015625.0,Africa,0.0,0.0
1460,2000,Eritrea,1812203,0,1925000,0,770,0,0,ERI,706370815.584416,Africa,0.458,1.0
1461,2005,Eritrea,2012850,0,2370690,0,895,0,0,ERI,1098424685.66169,Africa,0.0,0.0
1462,2010,Eritrea,3009808,0,2100000,0,1047,0,0,ERI,1589515447.15447,Africa,0.458,0.0
1466,1990,Angola,9307500,0,91671,900,0,0,0,AGO,11229515599.3048,Africa,0.38,1.0
1467,1995,Angola,9875230,0,114089,1000,0,0,0,AGO,5538749259.94714,Africa,0.0,1.0
1468,2000,Angola,10839535,0,130000,1101,0,0,0,AGO,9129594970.15301,Africa,0.38,1.0
1469,2005,Angola,15029280,0,175000,1200,0,0,0,AGO,41396636383.3725,Africa,0.0,0.0
1470,2010,Angola,17034849,0,198750,1634,0,0,0,AGO,95546919754.7633,Africa,0.516,0.0
1474,1990,Mozambique,5384000,160,2264160,591,22000,0,0,MOZ,0.0,Africa,0.239,1.0
1475,1995,Mozambique,7432920,178,2787680,738,26842,0,0,MOZ,3061646173.73938,Africa,0.0,0.0
1476,2000,Mozambique,7571947,197,4329600,886,31685,0,0,MOZ,5930685214.61595,Africa,0.303,0.0
1477,2005,Mozambique,8746666,194,4224000,1695,31266,0,0,MOZ,8868504899.94673,Africa,0.0,0.0
1478,2010,Mozambique,10340024,218,5320442,1900,35165,0,0,MOZ,11411894723.864,Africa,0.407,0.0
1484,1990,Zambia,6080800,1000,80000,2400,10000,0,0,ZMB,3288381797.32415,Africa,0.417,0.0
1485,1995,Zambia,6410000,1091,89054,2575,11235,0,0,ZMB,3806983413.16416,Africa,0.0,0.0
1486,2000,Zambia,7513167,1183,62500,2751,12470,0,0,ZMB,3600632111.41414,Africa,0.418,0.0
1487,2005,Zambia,9953669,1522,62405,3512,57205,0,0,ZMB,8331870169.14977,Africa,0.0,0.0
1488,2010,Zambia,11344499,1682,71124,3912,65198,0,0,ZMB,20265559483.8548,Africa,0.528,0.0
1494,1990,Zimbabwe,6548714,9400,80000,700,13500,0,0,ZWE,8788301546.04498,Africa,0.479,0.0
1495,1995,Zimbabwe,8271850,10132,82767,437,15385,0,0,ZWE,7115000000.0,Africa,0.0,0.0
1496,2000,Zimbabwe,7563983,10864,84200,175,17270,0,0,ZWE,6693250000.0,Africa,0.426,0.0
1497,2005,Zimbabwe,9865000,11432,72150,184,17939,0,0,ZWE,5758250000.0,Africa,0.0,0.0
1498,2010,Zimbabwe,9961179,11326,130448,182,18005,0,0,ZWE,12047750000.0,Africa,0.481,0.0
1504,1990,Malawi,5352920,152,1657800,0,15433,0,0,MWI,2737087861.62245,Africa,0.299,0.0
1505,1995,Malawi,6730375,183,1566080,0,21689,0,0,MWI,2033701497.97085,Africa,0.0,0.0
1506,2000,Malawi,6890909,197,1688144,0,23379,0,0,MWI,2537307580.32808,Africa,0.378,0.0
1507,2005,Malawi,8664396,237,1801506,0,28137,0,0,MWI,5320409651.47544,Africa,0.0,0.0
1508,2010,Malawi,10452600,278,2110934,0,32970,0,0,MWI,10128323010.6049,Africa,0.461,0.0
1518,1990,South Africa,28864199,114400,436871,65549,664743,0,1130,ZAF,126048140141.869,Africa,0.635,0.0
1519,1995,South Africa,35332102,91116,490700,25500,91116,0,0,ZAF,171735933897.331,Africa,0.0,0.0
1520,2000,South Africa,31630111,75749,654000,98000,560000,0,1615,ZAF,151752757215.309,Africa,0.633,0.0
1521,2005,South Africa,37919459,78642,749500,128535,655165,0,1808,ZAF,288867217196.534,Africa,0.0,0.0
1522,2010,South Africa,40488807,81536,845000,159070,750331,0,2001,ZAF,417363822801.713,Africa,0.675,0.0
1523,1990,Namibia,1248000,1600,200,0,0,0,0,NAM,2789921853.53112,Africa,0.595,0.0
1524,1995,Namibia,1400596,1792,3068,0,0,0,0,NAM,3978514206.31168,Africa,0.0,0.0
1525,2000,Namibia,1471479,0,11874,0,0,0,0,NAM,3922232164.83175,Africa,0.549,0.0
1526,2005,Namibia,1693277,0,9700,0,3311,0,0,NAM,7248374837.72056,Africa,0.0,0.0
1527,2010,Namibia,1865944,2466,10200,0,3500,0,0,NAM,11431412421.1316,Africa,0.584,0.0
1532,1990,Lesotho,1612530,0,850,0,1100,0,0,LSO,596410263.743849,Africa,0.479,0.0
1533,1995,Lesotho,1824570,0,920,0,1196,0,0,LSO,1001894000.27846,Africa,0.0,0.0
1534,2000,Lesotho,1907000,0,1000,0,1292,0,0,LSO,887291687.920796,Africa,0.456,0.0
1535,2005,Lesotho,1842825,0,1200,0,1155,0,0,LSO,1682343527.49221,Africa,0.0,0.0
1536,2010,Lesotho,1972951,0,1600,0,1213,0,0,LSO,2234754241.91918,Africa,0.47,0.0
1541,1990,Botswana,704700,250,2300,0,1550,0,0,BWA,3790636324.44775,Africa,0.587,0.0
1542,1995,Botswana,835638,293,3372,0,1894,0,0,BWA,4730599121.92704,Africa,0.0,0.0
1543,2000,Botswana,874624,337,40549,905,2238,0,0,BWA,5788329609.15755,Africa,0.581,0.0
1544,2005,Botswana,1138738,348,42500,934,2306,0,0,BWA,9918907108.09702,Africa,0.0,0.0
1545,2010,Botswana,1250799,0,49529,1009,2494,0,0,BWA,12637273429.1339,Africa,0.652,0.0
1550,1990,Swaziland,649410,0,4700,0,1200,0,0,SWZ,1114694040.66987,Africa,0.546,0.0
1551,1995,Swaziland,767567,0,5324,0,1311,0,0,SWZ,1698989463.99106,Africa,0.0,0.0
1552,2000,Swaziland,861218,0,1200,0,1532,0,0,SWZ,1697161557.89452,Africa,0.465,0.0
1553,2005,Swaziland,915600,0,1500,0,1745,0,0,SWZ,3097946371.06311,Africa,0.0,0.0
1554,2010,Swaziland,957312,0,8000,0,1855,0,0,SWZ,4360714358.88708,Africa,0.498,0.0
1561,1990,Madagascar,5896410,200,239700,3000,7000,0,0,MDG,3931334875.01376,Africa,0.438,0.0
1562,1995,Madagascar,8113115,219,288038,3493,8123,0,0,MDG,3838100903.74974,Africa,0.0,0.0
1563,2000,Madagascar,9825986,0,460434,0,0,0,0,MDG,4629247203.84524,Africa,0.438,0.0
1564,2005,Madagascar,10372048,262,797849,0,0,0,0,MDG,5859269752.61332,Africa,0.0,0.0
1565,2010,Madagascar,12031782,308,1123633,5135,11912,0,0,MDG,9982711338.07029,Africa,0.488,0.0
1569,1990,Comoros,5000,0,512540,0,0,0,0,COM,401561021.549642,Africa,0.458,0.0
1570,1995,Comoros,4193,0,601259,0,0,0,0,COM,392774713.634182,Africa,0.0,0.0
1571,2000,Comoros,300,0,680512,0,0,0,0,COM,339504306.290689,Africa,0.458,0.0
1572,2005,Comoros,500,0,588339,0,0,0,0,COM,655375095.906176,Africa,0.0,0.0
1573,2010,Comoros,850,0,666746,0,0,0,0,COM,907978730.887844,Africa,0.524,0.0
1578,1990,Mauritius,351790,0,175000,2700,465960,0,0,MUS,2689212760.18576,Africa,0.62,0.0
1579,1995,Mauritius,356110,0,190740,2786,493680,0,0,MUS,4094741652.30048,Africa,0.0,0.0
1580,2000,Mauritius,373012,0,184647,4040,561300,0,0,MUS,4726108622.47661,Africa,0.682,0.0
1581,2005,Mauritius,394747,0,207525,3145,610000,0,0,MUS,6576108447.47531,Africa,0.0,0.0
1582,2010,Mauritius,416484,0,221778,2251,622238,0,0,MUS,10144716154.9356,Africa,0.755,0.0
1585,1990,Seychelles,67950,0,160,0,380,0,30,SYC,392163560.868669,Africa,0.755,0.0
1586,1995,Seychelles,72574,0,515,0,970,0,30,SYC,540733047.733048,Africa,0.0,0.0
1587,2000,Seychelles,72320,0,516,0,1013,0,0,SYC,654212394.27164,Africa,0.755,0.0
1588,2005,Seychelles,76719,0,987,165,1593,0,31,SYC,977899381.818182,Africa,0.0,0.0
1589,2010,Seychelles,81121,0,1459,331,2174,0,62,SYC,981616542.328454,Africa,0.774,0.0
1604,1990,Morocco,334470,15000,23923175,0,0,0,0,MAR,30179954774.9899,Africa,0.448,0.0
1606,1995,Morocco,1805,12000,26102400,0,0,0,0,MAR,39030285468.3841,Africa,0.0,0.0
1608,2000,Morocco,25000,5000,28002800,0,0,0,0,MAR,43017455401.8445,Africa,0.525,0.0
1610,2005,Morocco,301720,5000,29843108,0,0,0,0,MAR,68852658068.6673,Africa,0.0,0.0
1612,2010,Morocco,317760,6000,31430015,0,0,0,0,MAR,100865329473.44,Africa,0.604,0.0
1619,1990,Algeria,128400,600,24146000,0,0,0,0,DZA,62048507531.3357,Africa,0.593,0.0
1620,1995,Algeria,9000,0,27208500,0,0,0,0,DZA,41764291671.7711,Africa,0.0,1.0
1621,2000,Algeria,4455,566,30865165,0,0,0,0,DZA,54790398570.3282,Africa,0.652,1.0
1622,2005,Algeria,263248,526,32576940,0,0,0,0,DZA,107046618669.707,Africa,0.0,1.0
1623,2010,Algeria,285330,0,35309660,0,0,0,0,DZA,177785053939.531,Africa,0.721,1.0
1638,1990,Tunisia,76350,3600,8070750,0,0,0,0,TUN,12290568181.8182,Africa,0.566,0.0
1640,1995,Tunisia,50790,44790,8823630,0,0,0,0,TUN,18030876599.3444,Africa,0.0,0.0
1642,2000,Tunisia,23895,1911,9490140,0,0,0,0,TUN,21473528160.7782,Africa,0.651,0.0
1644,2005,Tunisia,25000,2000,9928710,0,0,0,0,TUN,32272186694.8043,Africa,0.0,0.0
1646,2010,Tunisia,37346,1500,10443506,0,0,0,0,TUN,46206091937.9628,Africa,0.713,0.0
1656,1990,Libya,99999,33,4026470,5066,1266,0,0,LBY,28904183602.4818,Africa,0.724,0.0
1657,1995,Libya,103533,0,5144790,0,0,0,0,LBY,25541379186.6458,Africa,0.0,0.0
1658,2000,Libya,168150,0,5436850,0,0,0,0,LBY,38270954138.1128,Africa,0.746,0.0
1659,2005,Libya,118460,0,5745310,0,0,0,0,LBY,47334691241.4924,Africa,0.0,0.0
1660,2010,Libya,195273,0,6310833,0,0,0,0,LBY,75380825062.4216,Africa,0.774,0.0
1667,1990,Sudan,4132500,1200,17384983,0,500,0,0,SDN,33641222222.2222,Africa,0.322,1.0
1668,1995,Sudan,4478143,0,18694900,0,0,0,0,SDN,13830363899.9163,Africa,0.0,1.0
1669,2000,Sudan,3502171,0,20053200,0,0,0,0,SDN,12257299147.2936,Africa,0.42,1.0
1670,2005,Sudan,2927790,0,24777900,0,0,0,0,SDN,35182711987.974,Africa,0.0,1.0
1671,2010,Sudan,2867533,0,28488914,0,0,0,0,SDN,58962978034.4828,Africa,0.489,1.0
1681,1990,Iran (Islamic Republic Of),187999,16666,53089900,0,8333,0,0,IRN,124813263926.225,Asia,0.613,1.0
1682,1995,Iran (Islamic Republic Of),221498,8333,65965072,0,4166,0,0,IRN,96419225743.6737,Asia,0.0,0.0
1683,2000,Iran (Islamic Republic Of),105000,12000,66686470,0,0,0,0,IRN,109591707802.216,Asia,0.692,1.0
1684,2005,Iran (Islamic Republic Of),109000,9200,68805000,0,0,0,0,IRN,224970371324.67,Asia,0.0,1.0
1685,2010,Iran (Islamic Republic Of),117000,8700,73332824,0,0,0,0,IRN,487069570463.768,Asia,0.756,1.0
1695,1990,Turkey,400900,22000,55450432,30000,0,0,0,TUR,150655500191.644,Asia,0.598,1.0
1696,1995,Turkey,419539,20000,61019340,0,0,0,0,TUR,234699627004.035,Asia,0.0,1.0
1697,2000,Turkey,334433,20000,65759180,0,0,0,0,TUR,274748463178.502,Asia,0.669,1.0
1698,2005,Turkey,300579,17000,71087650,0,0,0,0,TUR,508314210212.544,Asia,0.0,1.0
1699,2010,Turkey,320277,15000,75699756,0,0,0,0,TUR,782545664268.333,Asia,0.75,0.0
1709,1990,Iraq,398350,180,17354880,900,0,0,0,IRQ,180408064516.129,Asia,0.497,1.0
1710,1995,Iraq,300395,0,19693100,0,0,0,0,IRQ,12894029888.1122,Asia,0.0,1.0
1711,2000,Iraq,433000,0,21959250,0,0,0,0,IRQ,48364250943.9051,Asia,0.583,0.0
1712,2005,Iraq,559260,0,26984295,0,0,0,0,IRQ,50065104667.8159,Asia,0.0,1.0
1713,2010,Iraq,600000,0,30210000,0,0,0,0,IRQ,138516722649.573,Asia,0.629,1.0
1732,1990,Egypt,7093000,1200,45800000,0,600,0,0,EGY,42978914311.3504,Africa,0.567,0.0
1734,1995,Egypt,7398104,1251,47770094,0,625,0,0,EGY,60159245060.4541,Africa,0.0,1.0
1736,2000,Egypt,7964760,0,60253600,0,0,0,0,EGY,99838543960.0763,Africa,0.629,0.0
1738,2005,Egypt,8865270,0,63117840,0,0,0,0,EGY,89660339660.3397,Africa,0.0,0.0
1740,2010,Egypt,9851306,0,70248701,0,0,0,0,EGY,218983666061.706,Africa,0.667,0.0
1758,1990,Syrian Arab Republic,965500,4000,11003964,0,0,0,0,SYR,12308624417.8268,Asia,0.563,0.0
1760,1995,Syrian Arab Republic,1408597,2500,12767400,0,0,0,0,SYR,11396706586.8263,Asia,0.0,0.0
1762,2000,Syrian Arab Republic,1487128,2500,14512500,0,0,0,0,SYR,18937052543.4373,Asia,0.587,0.0
1764,2005,Syrian Arab Republic,1363314,0,16505580,0,0,0,0,SYR,28858965517.2414,Asia,0.0,0.0
1766,2010,Syrian Arab Republic,1530971,0,18372466,0,0,0,0,SYR,61390830874.7007,Asia,0.661,0.0
1777,1990,Lebanon,1200000,0,1355000,0,0,0,0,LBN,2838485353.96187,Asia,0.749,1.0
1778,1995,Lebanon,1222699,0,1782299,0,0,0,0,LBN,11718795528.5556,Asia,0.0,0.0
1779,2000,Lebanon,1267291,0,1870739,65640,0,0,0,LBN,17260364842.4544,Asia,0.749,0.0
1780,2005,Lebanon,1661374,0,2204280,75018,0,0,0,LBN,21497336498.8391,Asia,0.0,0.0
1781,2010,Lebanon,1660967,0,2203740,75000,0,0,0,LBN,38443907042.1227,Asia,0.749,0.0
1791,1990,Jordan,132850,0,4043700,0,0,0,0,JOR,4160087507.83472,Asia,0.622,0.0
1792,1995,Jordan,389838,0,4973140,0,0,0,0,JOR,6727597031.96347,Asia,0.0,0.0
1793,2000,Jordan,200070,0,6468930,0,0,0,0,JOR,8460789844.8519,Asia,0.681,0.0
1794,2005,Jordan,164190,0,5308810,0,0,0,0,JOR,12588998589.5628,Asia,0.0,0.0
1795,2010,Jordan,183363,0,5928782,0,0,0,0,JOR,27133804225.3521,Asia,0.727,0.0
1804,1990,Israel,114699,3681659,813000,0,0,0,0,ISR,62016729540.7093,Asia,0.781,1.0
1805,1995,Israel,159900,4549500,813000,0,0,0,0,ISR,105497418058.646,Asia,0.0,1.0
1806,2000,Israel,133399,4914100,856800,0,0,0,0,ISR,136512300542.025,Asia,0.835,1.0
1807,2005,Israel,145399,5275699,1124000,0,0,0,0,ISR,147519922009.047,Asia,0.0,1.0
1808,2010,Israel,152400,5573299,1524000,0,0,0,0,ISR,239679036634.372,Asia,0.887,1.0
1818,1990,Saudi Arabia,503400,0,14103600,53000,160000,0,0,SAU,117630173564.753,Asia,0.699,0.0
1819,1995,Saudi Arabia,557000,0,17695000,0,0,0,0,SAU,143343124165.554,Asia,0.0,0.0
1820,2000,Saudi Arabia,650000,0,19351440,0,216070,0,0,SAU,189514933333.333,Asia,0.746,0.0
1821,2005,Saudi Arabia,924760,0,21051150,0,231190,0,0,SAU,328459608764.111,Asia,0.0,0.0
1822,2010,Saudi Arabia,782723,0,24477606,0,260907,0,0,SAU,528207466666.667,Asia,0.805,0.0
1832,1990,Yemen,0,0,8560000,0,0,0,0,YEM,12643821568.9626,Asia,0.357,0.0
1833,1990,Yemen,0,0,11225000,0,0,0,0,YEM,12643821568.9626,Asia,0.357,0.0
1834,1995,Yemen,0,0,15327560,0,0,0,0,YEM,12796345679.0123,Asia,0.0,0.0
1835,2000,Yemen,0,0,18118000,0,0,0,0,YEM,9679316770.18633,Asia,0.434,0.0
1836,2005,Yemen,0,0,20743664,0,0,0,0,YEM,16731566717.1888,Asia,0.0,0.0
1837,2010,Yemen,0,0,23369328,0,0,0,0,YEM,30906749533.221,Asia,0.496,0.0
1842,1990,Yemen,0,0,2333000,0,0,0,0,YEM,12643821568.9626,Asia,0.357,0.0
1849,1990,Kuwait,101000,0,1919999,0,19500,0,0,KWT,18427777777.7778,Asia,0.698,1.0
1850,1995,Kuwait,79768,0,1507350,0,0,0,0,KWT,27186980646.5448,Asia,0.0,0.0
1851,2000,Kuwait,0,0,1591600,0,78880,0,0,KWT,37718743480.0751,Asia,0.78,0.0
1852,2005,Kuwait,0,0,2035048,0,89800,0,0,KWT,80798630136.9863,Asia,0.0,0.0
1853,2010,Kuwait,0,0,2478497,0,107823,0,0,KWT,115416245241.742,Asia,0.811,0.0
1858,1990,Bahrain,26450,250,434354,120,14000,0,0,BHR,4809511005.31915,Asia,0.733,0.0
1859,1995,Bahrain,30392,0,546500,0,0,0,0,BHR,6651180851.06383,Asia,0.0,0.0
1860,2000,Bahrain,54220,0,559513,0,0,0,0,BHR,9062898936.17021,Asia,0.775,0.0
1861,2005,Bahrain,87600,0,782844,0,13540,0,0,BHR,15968723404.2553,Asia,0.0,0.0
1862,2010,Bahrain,120985,0,1106174,0,0,0,0,BHR,26805984042.5532,Asia,0.807,0.0
1867,1990,Qatar,34500,0,416600,9000,11500,0,0,QAT,7360439423.07692,Asia,0.764,0.0
1868,1995,Qatar,27781,0,500600,0,0,0,0,QAT,8137911978.02198,Asia,0.0,0.0
1869,2000,Qatar,86566,0,281530,12901,158611,0,0,QAT,17759890109.8901,Asia,0.793,0.0
1870,2005,Qatar,63210,0,553335,17760,26640,0,0,QAT,44530494505.4945,Asia,0.0,0.0
1871,2010,Qatar,245603,0,798733,36603,450000,0,0,QAT,123627197802.198,Asia,0.829,0.0
1876,1990,United Arab Emirates,48384,0,1790000,3600,12500,0,0,ARE,50701443748.2975,Asia,0.717,0.0
1877,1995,United Arab Emirates,58280,0,2221440,0,0,0,0,ARE,65743666575.8649,Asia,0.0,0.0
1878,2000,United Arab Emirates,167815,0,1582317,4882,622455,0,0,ARE,104337372362.151,Asia,0.79,0.0
1879,2005,United Arab Emirates,273823,0,2566912,7990,1018725,0,0,ARE,180617467964.602,Asia,0.0,0.0
1880,2010,United Arab Emirates,445461,0,4208337,22000,1387654,0,0,ARE,307736419332.88,Asia,0.828,0.0
1885,1990,Oman,93400,0,1710525,13000,90000,0,0,OMN,13310273081.9246,Asia,0.702,0.0
1886,1995,Oman,106500,0,2139556,0,0,0,0,OMN,15722236671.0013,Asia,0.0,0.0
1887,2000,Oman,71500,0,2376959,5400,65252,0,0,OMN,22259557867.3602,Asia,0.702,0.0
1888,2005,Oman,83500,0,2412319,5140,75084,0,0,OMN,35506892067.6203,Asia,0.0,0.0
1889,2010,Oman,99499,0,2678195,8900,78000,0,0,OMN,64993498049.4148,Asia,0.798,0.0
1899,1990,Afghanistan,7000,130,15295070,4169,75000,0,0,AFG,0.0,Asia,0.284,1.0
1900,1995,Afghanistan,6609,66,19026255,4357,46133,0,0,AFG,0.0,Asia,0.0,1.0
1901,2000,Afghanistan,6219,0,22162133,4544,47000,0,0,AFG,3521418059.92345,Asia,0.34,1.0
1902,2005,Afghanistan,24955,0,25497000,4012,8250,0,0,AFG,6203256538.70967,Asia,0.0,1.0
1903,2010,Afghanistan,7287,0,26880000,2500,8000,0,0,AFG,15856668555.8336,Asia,0.449,1.0
1904,1995,Turkmenistan,405810,0,4013010,580,0,0,0,TKM,2482228439.71407,Asia,0.0,0.0
1905,2000,Turkmenistan,401310,0,3968510,573,0,0,0,TKM,2904663310.9825,Asia,0.699,0.0
1906,2005,Turkmenistan,474120,0,4688520,677,0,0,0,TKM,8103901996.37024,Asia,0.0,0.0
1907,2010,Turkmenistan,505440,700,4998243,722,0,0,0,TKM,22583157894.7368,Asia,0.699,0.0
1908,1995,Tajikistan,121000,8800,4960600,3700,0,0,0,TJK,1231561860.39946,Asia,0.0,1.0
1909,2000,Tajikistan,185640,2000,5878600,0,0,0,0,TJK,860541842.263697,Asia,0.548,0.0
1910,2005,Tajikistan,205500,2000,6507500,0,0,0,0,TJK,2312352020.6689,Asia,0.0,0.0
1911,2010,Tajikistan,150000,2000,6692802,5600,0,0,0,TJK,5642221099.17704,Asia,0.631,0.0
1912,1995,Kyrgyzstan,489000,5400,3263300,18500,0,0,0,KGZ,1661147035.24388,Asia,0.0,0.0
1913,2000,Kyrgyzstan,818830,500,3760200,0,0,0,0,KGZ,1369688498.06778,Asia,0.617,0.0
1914,2005,Kyrgyzstan,720160,500,4116294,0,0,0,0,KGZ,2460246766.41401,Asia,0.0,0.0
1915,2010,Kyrgyzstan,540229,500,4132536,0,0,0,0,KGZ,4794361863.01353,Asia,0.661,0.0
1916,1995,Uzbekistan,2269000,57000,19967200,0,0,0,0,UZB,13350461264.9969,Asia,0.0,0.0
1917,2000,Uzbekistan,2611800,30000,21399840,0,649,0,0,UZB,13760513969.314,Asia,0.603,1.0
1918,2005,Uzbekistan,1548350,10000,23811970,0,0,0,0,UZB,14307509838.8053,Asia,0.0,0.0
1919,2010,Uzbekistan,1408027,4200,26189329,0,0,0,0,UZB,49765676402.4495,Asia,0.675,0.0
1920,1995,Kazakhstan,4526802,14400,7551000,17200,0,0,0,KAZ,20374302652.3819,Asia,0.0,0.0
1921,2000,Kazakhstan,4070200,5500,7569340,0,0,0,0,KAZ,18291990662.0356,Asia,0.68,0.0
1922,2005,Kazakhstan,4614100,4200,7750583,0,0,0,0,KAZ,57123671733.8952,Asia,0.0,0.0
1923,2010,Kazakhstan,4731595,3300,9678983,0,0,0,0,KAZ,148047348240.643,Asia,0.766,0.0
1933,1990,China,51058998,2008,17280251,139886419,15734,0,3015016,CHN,361560229445.507,Asia,0.482,0.0
1934,1995,China,63606575,2282,18541200,161089585,16491,0,3717684,CHN,738190896227.55,Asia,0.0,0.0
1935,2000,China,71553248,2500,20000000,102204641,18000,0,5200000,CHN,1223754919971.05,Asia,0.586,0.0
1936,2005,China,75625755,2500,32592998,164268711,18000,0,4432647,CHN,2317551298052.05,Asia,0.0,0.0
1937,2010,China,78030424,2579,33629356,169491958,18572,0,4573592,CHN,6192564874453.29,Asia,0.698,0.0
1947,1990,Mongolia,22487,0,95000,921911,0,0,0,MNG,2560785660.0,Asia,0.579,0.0
1948,1995,Mongolia,27257,0,93880,1145806,0,0,0,MNG,1452165005.2384,Asia,0.0,0.0
1949,2000,Mongolia,23242,0,79860,1732962,0,0,0,MNG,1136896123.61298,Asia,0.595,0.0
1950,2005,Mongolia,24882,0,85500,1850000,0,0,0,MNG,2523471601.10421,Asia,0.0,0.0
1951,2010,Mongolia,53170,0,82380,1455388,0,0,0,MNG,7189481998.90094,Asia,0.7,0.0
1960,1990,Democratic People'S Republic Of Korea,347260,0,2200,610890,0,0,0,,,Asia,0.5989361702127659,0.0
1961,1995,Democratic People'S Republic Of Korea,462909,0,2302,662910,0,0,0,,,Asia,0.0,0.0
1962,2000,Democratic People'S Republic Of Korea,400000,0,0,1100000,0,0,0,,,Asia,0.6408723404255319,0.0
1963,2005,Democratic People'S Republic Of Korea,395355,0,0,1087233,0,0,0,,,Asia,0.0,0.0
1964,2010,Democratic People'S Republic Of Korea,405910,0,0,1116257,0,0,0,,,Asia,0.7038723404255319,0.0
1973,1990,Republic Of Korea,10035047,125,6000,9279818,0,22125,0,KOR,292064221388.988,Asia,0.731,0.0
1974,1995,Republic Of Korea,11711066,100,7500,10408012,0,25500,0,KOR,586286469400.665,Asia,0.0,0.0
1975,2000,Republic Of Korea,12736825,100,38750,10632237,0,27500,0,KOR,597487173479.109,Asia,0.824,0.0
1976,2005,Republic Of Korea,13762585,100,70000,10856463,0,29500,0,KOR,971740329983.878,Asia,0.0,0.0
1977,2010,Republic Of Korea,13973291,101,71071,11022677,0,29951,0,KOR,1192830015737.68,Asia,0.89,0.0
1996,1990,Japan,3704340,2350,160000,92138500,21000,94522831,1014,JPN,3185904656663.85,Asia,0.846,0.0
1998,1995,Japan,3764159,1935,176936,92849280,22601,96049245,1268,JPN,5545563663889.7,Asia,0.0,0.0
2000,2000,Japan,2975133,1400,190000,83732611,23700,97000000,1521,JPN,4968359075956.59,Asia,0.883,0.0
2002,2005,Japan,2999997,1220,195000,89000000,24660,107000000,1546,JPN,4831467035389.8,Asia,0.0,0.0
2004,2010,Japan,2499998,1000,195001,88035713,23500,108000000,1500,JPN,5759071769013.11,Asia,0.903,0.0
2014,1990,India,41734851,9000,101000000,5950000,622022768,0,3800000,IND,320979026420.035,Asia,0.434,1.0
2015,1995,India,45798549,9061,109916520,9159710,679818545,0,4003348,IND,360281909643.489,Asia,0.0,1.0
2016,2000,India,24080014,5000,137840709,7955207,827578868,0,4225000,IND,468395521654.458,Asia,0.49,1.0
2017,2005,India,26026922,5000,148985354,8598398,894489961,0,4566598,IND,820383763511.445,Asia,0.0,1.0
2018,2010,India,27973830,5000,160130000,9241589,961401054,0,4908196,IND,1675615519484.96,Asia,0.572,1.0
2022,1990,Bhutan,15200,0,17000,1213370,329000,0,0,BTN,287765007.112863,Asia,0.582,0.0
2023,1995,Bhutan,16414,0,10889,1378300,283200,0,0,BTN,290490983.815778,Asia,0.0,0.0
2024,2000,Bhutan,17600,0,21240,1764913,250000,0,0,BTN,460733418.399276,Asia,0.582,0.0
2025,2005,Bhutan,9530,0,6720,551176,81509,0,0,BTN,860391000.221655,Asia,0.0,0.0
2026,2010,Bhutan,8454,0,6947,583740,72169,0,0,BTN,1708880730.20989,Asia,0.582,0.0
2035,1990,Pakistan,3836000,700,106633800,75000,1420000,0,0,PAK,40010423970.4576,Asia,0.394,1.0
2036,1995,Pakistan,3391078,781,124026804,85697,1742788,0,0,PAK,60636071684.1918,Asia,0.0,1.0
2037,2000,Pakistan,2660210,0,149741271,90000,3442626,0,0,PAK,99484802344.5277,Asia,0.434,1.0
2038,2005,Pakistan,2617319,0,147326963,88548,3387120,0,0,PAK,145208562960.767,Asia,0.0,1.0
2039,2010,Pakistan,2863590,0,161189415,96880,3705824,0,0,PAK,196709621849.586,Asia,0.496,1.0
2043,1990,Bangladesh,109764,0,96922495,656030,11525325,0,0,BGD,31598340778.2164,Asia,0.399,1.0
2044,1995,Bangladesh,96734,0,105238920,650902,11750000,0,0,BGD,37939748768.6567,Asia,0.0,0.0
2045,2000,Bangladesh,83705,0,115722880,645775,12011415,0,0,BGD,53369787318.6245,Asia,0.491,0.0
2046,2005,Bangladesh,189142,88,123921312,764759,12950000,0,0,BGD,69476001239.419,Asia,0.0,0.0
2047,2010,Bangladesh,294580,177,132119746,883744,13256161,0,0,BGD,115275540051.262,Asia,0.558,0.0
2056,1990,Myanmar,2488600,350,1080000,32049350,660000,0,2700,MMR,2115193513.29556,Asia,0.333,1.0
2057,1995,Myanmar,3157420,186,1804240,33355000,719974,0,2491,MMR,5289174942.53404,Asia,0.0,1.0
2058,2000,Myanmar,3210000,50,1824440,34909000,45611,0,2281,MMR,8905066163.58643,Asia,0.407,1.0
2059,2005,Myanmar,4429920,25,2214960,41406500,55374,0,2891,MMR,11986972418.5103,Asia,0.0,1.0
2060,2010,Myanmar,4565000,25,2450000,43983776,58808,0,3070,MMR,49540813342.4834,Asia,0.506,1.0
2069,1990,Sri Lanka,1313600,0,1500000,11650720,2209090,120,0,LKA,8032551173.24014,Asia,0.641,1.0
2070,1995,Sri Lanka,1448959,0,1448960,12447280,2535680,135,0,LKA,13029697560.9756,Asia,0.0,1.0
2071,2000,Sri Lanka,1187918,0,1453159,12985000,1312980,0,0,LKA,16595882818.6857,Asia,0.689,1.0
2072,2005,Sri Lanka,1573438,0,1376759,13537599,2950200,155,0,LKA,24405791044.7761,Asia,0.0,1.0
2073,2010,Sri Lanka,1495578,0,1975865,14467488,2565831,0,0,LKA,58636049434.1871,Asia,0.735,0.0
2079,1990,Maldives,360,0,214230,1100,190,0,0,MDV,215043969.849246,Asia,0.635,0.0
2080,1995,Maldives,883,0,241460,1474,574,0,0,MDV,398988954.970263,Asia,0.0,0.0
2081,2000,Maldives,1300,0,280280,1200,0,0,0,MDV,624337145.284622,Asia,0.635,0.0
2082,2005,Maldives,1335,0,288120,1233,0,0,0,MDV,1163362437.5,Asia,0.0,0.0
2083,2010,Maldives,1441,0,311056,1331,0,0,0,MDV,2588176054.6875,Asia,0.692,0.0
2093,1990,Nepal,524000,0,710000,1992210,13039920,0,4000,NPL,3627560239.48997,Asia,0.395,0.0
2094,1995,Nepal,542797,0,643680,2574720,14833760,0,5003,NPL,4401104417.67068,Asia,0.0,0.0
2095,2000,Nepal,399997,0,1005060,2584440,18952560,0,0,NPL,5494252207.90502,Asia,0.461,1.0
2096,2005,Nepal,387848,0,1083715,2490269,20350000,0,1607,NPL,8130258377.90964,Asia,0.0,1.0
2097,2010,Nepal,375697,0,1162370,2396099,21551492,0,3214,NPL,16002656434.4746,Asia,0.543,0.0
2107,1990,Thailand,1658000,80,2233560,48579930,180000,320,0,THA,85343190719.0107,Asia,0.581,0.0
2108,1995,Thailand,594009,81,2376040,52866890,119901,344,0,THA,169278916592.843,Asia,0.0,0.0
2109,2000,Thailand,613987,200,6139900,53417130,50000,0,0,THA,126392224253.794,Asia,0.663,0.0
2110,2005,Thailand,360998,200,6483900,56409930,55000,0,0,THA,189318408468.595,Asia,0.0,1.0
2111,2010,Thailand,403998,200,6733346,58580120,56000,0,0,THA,341104766329.17,Asia,0.743,1.0
2119,1990,Cambodia,94200,0,200000,7253800,20000,0,0,KHM,1402541176.5121,Asia,0.379,1.0
2120,1995,Cambodia,113049,0,208888,8360600,22005,0,0,KHM,3441205692.9166,Asia,0.0,1.0
2121,2000,Cambodia,74823,0,240111,10783820,0,0,0,KHM,3694168979.32019,Asia,0.431,0.0
2122,2005,Cambodia,66012,0,266914,12792905,0,0,0,KHM,7066296463.3598,Asia,0.0,0.0
2123,2010,Cambodia,57199,0,293716,14801990,0,0,0,KHM,13808673288.0696,Asia,0.542,0.0
2131,1990,Lao People'S Democratic Republic,106500,0,18000,2143020,5000,0,950,LAO,865559879.400406,Asia,0.408,1.0
2132,1995,Lao People'S Democratic Republic,138374,0,12205,2538640,4673,0,597,LAO,1763536304.53964,Asia,0.0,0.0
2133,2000,Lao People'S Democratic Republic,108659,0,54330,3573450,0,0,0,LAO,1731198022.46763,Asia,0.473,0.0
2134,2005,Lao People'S Democratic Republic,85183,0,56790,3849930,0,0,0,LAO,2735558734.7379,Asia,0.0,0.0
2135,2010,Lao People'S Democratic Republic,92112,0,61408,4159404,0,0,0,LAO,7131771014.70456,Asia,0.557,0.0
2143,1990,Viet Nam,4682900,0,61710,5960970,27980,0,0,VNM,6471740805.56984,Asia,0.492,0.0
2144,1995,Viet Nam,5906662,0,63329,6641370,37860,0,0,VNM,20736164458.9505,Asia,0.0,0.0
2145,2000,Viet Nam,6869052,0,84832,39916000,45000,0,0,VNM,31172518403.3162,Asia,0.599,0.0
2146,2005,Viet Nam,8334760,0,88606,41553000,47000,0,0,VNM,57633255738.1992,Asia,0.0,0.0
2147,2010,Viet Nam,8004439,0,93736,43079830,50000,0,0,VNM,147201173196.979,Asia,0.676,0.0
2158,1990,Malaysia,1421116,0,10409703,3233048,1315000,0,1568,MYS,44024585239.6137,Asia,0.649,0.0
2159,1995,Malaysia,1711549,0,12317727,3765398,1354849,0,1674,MYS,88705342902.7113,Asia,0.0,0.0
2160,2000,Malaysia,1890213,0,13243537,4226360,1379128,0,1500,MYS,93789736842.1053,Asia,0.726,0.0
2161,2005,Malaysia,2114485,0,15480000,4829980,1538564,0,750,MYS,143534405818.501,Asia,0.0,0.0
2162,2010,Malaysia,2338758,0,17263000,5433600,1698000,0,0,MYS,255017638455.59,Asia,0.768,0.0
2168,1990,Singapore,352000,580,552000,452400,150000,700,0,SGP,36144336768.7023,Asia,0.78,0.0
2169,1995,Singapore,484916,671,578219,503449,180472,838,0,SGP,87812540788.4293,Asia,0.0,0.0
2170,2000,Singapore,586418,300,598618,1708366,160911,0,0,SGP,96076539925.7409,Asia,0.863,0.0
2171,2005,Singapore,758539,300,662809,1698436,209482,0,277213,SGP,127807848728.398,Asia,0.0,0.0
2172,2010,Singapore,930663,300,727000,1688506,258053,0,554426,SGP,239807980591.24,Asia,0.921,0.0
2174,1990,Brunei Darussalam,25450,0,154330,24800,2000,0,0,BRN,6039881086.68157,Asia,0.779,0.0
2175,1995,Brunei Darussalam,32854,0,177600,29600,2394,0,0,BRN,7700144069.1419,Asia,0.0,0.0
2176,2000,Brunei Darussalam,32798,0,219760,42640,0,0,0,BRN,6570999087.56742,Asia,0.789,0.0
2177,2005,Brunei Darussalam,37997,30,254600,49400,0,0,0,BRN,10547202620.5286,Asia,0.0,0.0
2178,2010,Brunei Darussalam,12362,30,335000,28848,0,0,0,BRN,13707121038.4383,Asia,0.825,0.0
2187,1990,Philippines,56991959,850,2828080,61480,1200,0,0,PHL,50508286641.5746,Asia,0.598,1.0
2188,1995,Philippines,63749979,575,3724151,83681,1770,0,0,PHL,84644328727.4825,Asia,0.0,1.0
2189,2000,Philippines,70508000,300,4055030,76510,0,0,0,PHL,83669788376.9213,Asia,0.635,1.0
2190,2005,Philippines,76584168,300,4464773,96877,0,0,0,PHL,107419977318.166,Asia,0.0,1.0
2191,2010,Philippines,84493445,300,5113771,105000,0,0,0,PHL,208368893151.144,Asia,0.673,1.0
2198,1990,Indonesia,19334118,0,151124692,1794830,2692245,0,0,IDN,106140727333.636,Asia,0.526,1.0
2199,1995,Indonesia,21812609,0,165377245,1762215,3508122,0,0,IDN,202132028723.115,Asia,0.0,0.0
2200,2000,Indonesia,24291100,0,179629800,1729600,4324000,0,0,IDN,165021012077.81,Asia,0.597,1.0
2201,2005,Indonesia,24867812,0,190589900,1824640,3961700,0,0,IDN,285868619196.085,Asia,0.0,1.0
2202,2010,Indonesia,25444526,0,201550000,1919680,3599400,0,0,IDN,755094157621.936,Asia,0.667,0.0
2203,2005,Timor-Leste,972160,0,7936,0,0,0,0,TLS,462267954.030558,Asia,0.0,0.0
2204,2010,Timor-Leste,1105222,0,7894,1127,0,0,0,TLS,881909347.096515,Asia,0.639,0.0
2214,1990,Australia,14059050,83000,160000,140000,46000,0,3150,AUS,311840666465.053,Oceania,0.864,0.0
2215,1995,Australia,14418100,88526,244308,250361,78619,0,3937,AUS,368725126225.126,Oceania,0.0,0.0
2216,2000,Australia,14578660,93000,308616,360723,111239,0,4725,AUS,416901962163.479,Oceania,0.896,0.0
2217,2005,Australia,14609098,96167,346715,428295,142765,0,5200,AUS,696811489612.816,Oceania,0.0,0.0
2218,2010,Australia,13150670,97335,476290,528977,180000,0,0,AUS,1152566632022.13,Oceania,0.924,0.0
2222,1990,Papua New Guinea,3513400,460,900,5500,0,0,0,PNG,3219729083.06487,Oceania,0.394,1.0
2223,1995,Papua New Guinea,3891350,513,1094,6691,0,0,0,PNG,4636057476.42568,Oceania,0.0,1.0
2224,2000,Papua New Guinea,4614720,0,4000,2000,0,0,0,PNG,3521339699.07407,Oceania,0.456,0.0
2225,2005,Papua New Guinea,5873280,0,5090,2545,0,0,0,PNG,4865892972.27595,Oceania,0.0,0.0
2226,2010,Papua New Guinea,6611410,813,1832,2865,0,0,0,PNG,14250786674.7766,Oceania,0.497,0.0
2236,1990,New Zealand,2830080,4600,5800,26700,17800,0,0,NZL,45495129385.0475,Oceania,0.812,0.0
2237,1995,New Zealand,2698123,4462,21630,43473,46554,0,0,NZL,63918703506.9075,Oceania,0.0,0.0
2238,2000,New Zealand,2535249,7500,35000,41709,60000,0,0,NZL,52623281956.7031,Oceania,0.894,0.0
2239,2005,New Zealand,2235307,4445,46326,86935,82063,0,0,NZL,114720129550.095,Oceania,0.0,0.0
2240,2010,New Zealand,2361557,4696,48943,91846,86698,0,0,NZL,146887902524.052,Oceania,0.924,0.0
2242,1990,Vanuatu,130480,0,0,200,0,0,0,VUT,168879207.244148,Oceania,0.578,0.0
2243,1995,Vanuatu,149450,0,0,287,0,0,0,VUT,249333250.082507,Oceania,0.0,0.0
2244,2000,Vanuatu,165300,0,0,374,0,0,0,VUT,272014627.835262,Oceania,0.578,0.0
2245,2005,Vanuatu,179580,0,0,440,0,0,0,VUT,394962433.029368,Oceania,0.0,0.0
2246,2010,Vanuatu,205190,0,0,476,0,0,0,VUT,670712979.682038,Oceania,0.578,0.0
2249,1990,Solomon Islands,304000,0,440,1050,0,0,0,SLB,214877666.846068,Oceania,0.488,0.0
2250,1995,Solomon Islands,358780,0,717,1228,0,0,0,SLB,469443201.503274,Oceania,0.0,0.0
2251,2000,Solomon Islands,408480,0,1000,1500,0,0,0,SLB,419842674.227652,Oceania,0.488,0.0
2252,2005,Solomon Islands,447270,0,1094,1642,0,0,0,SLB,552881356.697517,Oceania,0.0,0.0
2253,2010,Solomon Islands,482878,0,1700,1750,0,0,0,SLB,898128551.289162,Oceania,0.553,0.0
2254,2000,Kiribati,97970,0,0,13,0,0,0,KIR,74910527.2586758,Oceania,0.547,0.0
2255,2005,Kiribati,88320,0,0,24,0,0,0,KIR,113895437.324786,Oceania,0.0,0.0
2256,2010,Kiribati,98880,0,0,13,0,0,0,KIR,165458433.127645,Oceania,0.584,0.0
2257,2000,Tuvalu,10450,0,0,0,0,0,0,TUV,15073975.5349377,Oceania,0.599,0.0
2258,2005,Tuvalu,9700,0,10,0,0,0,0,TUV,22909979.8163078,Oceania,0.0,0.0
2259,2010,Tuvalu,9764,0,10,0,0,0,0,TUV,32105408.4771121,Oceania,0.623,0.0
2264,1990,Fiji,415840,100,50600,0,243000,0,0,FJI,1337017559.49728,Oceania,0.63,0.0
2265,1995,Fiji,485735,104,47760,0,238800,0,0,FJI,1970301486.20561,Oceania,0.0,0.0
2266,2000,Fiji,449482,0,54323,0,264163,0,0,FJI,1678219507.89829,Oceania,0.669,0.0
2267,2005,Fiji,448500,111,57750,0,247500,0,0,FJI,2980403844.72096,Oceania,0.0,0.0
2268,2010,Fiji,549963,0,51559,0,240609,0,0,FJI,3140166712.79624,Oceania,0.699,0.0
2269,2000,Tonga,89100,0,0,132,110,0,0,TON,204848487.806485,Oceania,0.679,0.0
2270,2005,Tonga,91044,0,0,123,103,0,0,TON,261823805.433238,Oceania,0.0,0.0
2271,2010,Tonga,98745,0,0,126,105,0,0,TON,366887374.989696,Oceania,0.709,0.0
2272,2000,Nauru,12870,0,0,0,0,0,0,NRU,26930980.3429002,Oceania,0.559,0.0
2273,2005,Nauru,12610,0,0,200,0,0,190,NRU,30070666.0652533,Oceania,0.0,0.0
2274,2010,Nauru,9638,0,0,0,0,0,0,NRU,47562844.6104251,Oceania,0.559,0.0
2275,1995,Marshall Islands,53240,0,0,0,0,0,0,MHL,120230000.0,Oceania,0.0,0.0
2276,2000,Marshall Islands,57400,0,0,0,0,0,0,MHL,114838500.0,Oceania,0.688,0.0
2277,2005,Marshall Islands,51347,0,0,0,0,0,0,MHL,138000000.0,Oceania,0.0,0.0
2278,2010,Marshall Islands,50971,0,0,0,0,0,0,MHL,161100000.0,Oceania,0.688,0.0
2279,1995,Palau,12470,0,340,170,20,0,0,PLW,121018500.0,Oceania,0.0,0.0
2280,2000,Palau,15570,0,450,162,24,0,0,PLW,149551483.154297,Oceania,0.747,0.0
2281,2005,Palau,18100,0,500,150,0,0,0,PLW,190961685.180664,Oceania,0.0,0.0
2282,2010,Palau,18391,0,470,182,27,0,0,PLW,188042373.657227,Oceania,0.775,0.0
2283,1995,Micronesia (Federated States Of),97966,0,0,550,0,0,0,FSM,219930003.350969,Oceania,0.0,0.0
2284,2000,Micronesia (Federated States Of),100952,0,0,622,0,0,0,FSM,229616847.556821,Oceania,0.637,0.0
2285,2005,Micronesia (Federated States Of),90100,0,0,570,0,0,0,FSM,245905050.832081,Oceania,0.0,0.0
2286,2010,Micronesia (Federated States Of),96000,0,0,650,0,0,0,FSM,290638857.061212,Oceania,0.644,0.0
2289,1990,Samoa,159500,0,37,15,0,0,0,WSM,125766269.755358,Oceania,0.672,0.0
2290,1995,Samoa,161677,0,43,16,0,0,0,WSM,224865731.381903,Oceania,0.0,0.0
2291,2000,Samoa,174600,0,50,18,0,0,0,WSM,258856139.798489,Oceania,0.672,0.0
2292,2005,Samoa,177510,0,58,18,0,0,0,WSM,476801793.159429,Oceania,0.0,0.0
2293,2010,Samoa,180140,0,61,19,0,0,0,WSM,680260907.153983,Oceania,0.704,0.0
