,year,country,gdp,un_region,hdi,conflict_present,religion,relig_pop,prop_relig
115,1990,Colombia,47844090709.9908,Southern America,0.614,1.0,Christianity,30980000,0.9987732949040962
116,1995,Colombia,92507279383.0387,Southern America,0.0,1.0,Christianity,33756907,0.9998074838833652
117,2000,Colombia,99875074951.0278,Southern America,0.672,1.0,Christianity,39996945,0.9988087297256619
118,2005,Colombia,145600529605.803,Southern America,0.0,1.0,Christianity,41606496,0.9989867629949326
119,2010,Colombia,286498534094.963,Southern America,0.732,1.0,Christianity,44910647,0.9989868137419812
328,1990,Russian Federation,517014446227.929,Europe,0.741,1.0,Christianity,68566005,0.6821667016077348
329,1995,Russian Federation,395537185734.854,Europe,0.0,1.0,Christianity,32225158,0.6650840392769362
330,2000,Russian Federation,259710142196.943,Europe,0.733,1.0,Christianity,105985210,0.8217509465565909
331,2005,Russian Federation,764015973481.11,Europe,0.0,1.0,Christianity,103229800,0.8217509450592
332,2010,Russian Federation,1524916715223.95,Europe,0.797,1.0,Christianity,105697556,0.863728729105494
420,1990,Senegal,7390967360.42121,Africa,0.371,1.0,Christianity,400000,0.05875587375125407
421,1995,Senegal,6326342633.4034,Africa,0.0,1.0,Christianity,411998,0.053217050929223304
422,2000,Senegal,6013185003.97525,Africa,0.388,1.0,Christianity,377758,0.040922139627391635
423,2005,Senegal,11009033437.939,Africa,0.0,0.0,Christianity,433919,0.04095762840890781
424,2010,Senegal,16121315909.0758,Africa,0.47,0.0,Christianity,421345,0.03580112065167564
455,1990,Liberia,384400000.0,Africa,0.434,1.0,Christianity,866520,0.6666666666666666
456,1995,Liberia,134800000.0,Africa,0.0,1.0,Christianity,998800,0.6934184948625381
457,2000,Liberia,874000000.0,Africa,0.434,1.0,Christianity,1230057,0.6610164026574852
458,2005,Liberia,949000000.0,Africa,0.0,0.0,Christianity,2281310,0.8301498870116117
459,2010,Liberia,1998000000.0,Africa,0.46,0.0,Christianity,3542240,0.8830966020286412
495,1990,Chad,1738605557.76313,Africa,0.292,1.0,Christianity,1808050,0.40344282516413954
496,1995,Chad,1445919894.57661,Africa,0.0,0.0,Christianity,1955305,0.38162941074289997
497,2000,Chad,1388506771.58756,Africa,0.292,1.0,Christianity,2274495,0.35539439724071464
498,2005,Chad,8655892392.92919,Africa,0.0,1.0,Christianity,3306270,0.37409399085072054
499,2010,Chad,14058506663.7252,Africa,0.364,1.0,Christianity,3909470,0.38109667978850265
505,1990,Democratic Republic Of The Congo,9349764580.41173,Africa,0.377,0.0,Christianity,33302540,0.9851639122637932
506,1995,Democratic Republic Of The Congo,5643439376.10491,Africa,0.0,0.0,Christianity,43148540,0.9879066744386148
507,2000,Democratic Republic Of The Congo,19088046305.7971,Africa,0.376,1.0,Christianity,47010884,0.9842490040764017
508,2005,Democratic Republic Of The Congo,12609728573.1032,Africa,0.0,1.0,Christianity,54270480,0.982432303464228
509,2010,Democratic Republic Of The Congo,24161641931.0331,Africa,0.424,1.0,Christianity,63127199,0.9846901420266025
510,1990,Uganda,4304399310.30967,Africa,0.329,1.0,Christianity,13556620,0.8725826860762165
511,1995,Uganda,5755818842.49246,Africa,0.0,1.0,Christianity,15511805,0.8699240287455405
512,2000,Uganda,6193246837.09687,Africa,0.392,1.0,Christianity,17829965,0.8642133074569686
513,2005,Uganda,9239221763.05793,Africa,0.0,1.0,Christianity,21257472,0.8658184329820419
514,2010,Uganda,26673441430.7857,Africa,0.5,0.0,Christianity,25921856,0.8685493135500544
525,1990,Burundi,1132101252.51817,Africa,0.285,0.0,Christianity,4891200,0.9778306800773197
526,1995,Burundi,1000428393.88528,Africa,0.0,1.0,Christianity,5424155,0.9881347067478892
527,2000,Burundi,870486065.883137,Africa,0.298,1.0,Christianity,5623798,0.9590794007789559
528,2005,Burundi,1117113079.73645,Africa,0.0,1.0,Christianity,6632591,0.966340910196873
529,2010,Burundi,2032135192.01248,Africa,0.404,0.0,Christianity,7641386,0.9717556528689252
535,1990,Somalia,1031282081.16683,Africa,0.38,1.0,Christianity,6357,0.0007407573996793431
536,1995,Somalia,1534756134.55022,Africa,0.0,1.0,Christianity,6317,0.0006712112531430155
537,2000,Somalia,3412797450.20112,Africa,0.38,0.0,Christianity,6277,0.0006240526618127691
538,2005,Somalia,4683246454.10048,Africa,0.0,1.0,Christianity,4509,0.0005423955043604556
539,2010,Somalia,2687807003.73935,Africa,0.38,1.0,Christianity,4333,0.00046625238748554057
545,1990,Ethiopia,12478943895.1691,Africa,0.286,1.0,Christianity,29253960,0.6386206438869683
546,1995,Ethiopia,7855205206.93405,Africa,0.0,0.0,Christianity,32575450,0.6281332109928639
547,2000,Ethiopia,8242349617.8638,Africa,0.286,1.0,Christianity,38159809,0.6491461924178631
548,2005,Ethiopia,12401139453.9738,Africa,0.0,1.0,Christianity,42171769,0.6074895843747038
549,2010,Ethiopia,29933790334.3418,Africa,0.409,1.0,Christianity,50654152,0.6412117074977024
554,1990,Angola,11229515599.3048,Africa,0.38,1.0,Christianity,9307500,0.990152095659703
555,1995,Angola,5538749259.94714,Africa,0.0,1.0,Christianity,9875230,0.9884799474371139
556,2000,Angola,9129594970.15301,Africa,0.38,1.0,Christianity,10839535,0.988049826828636
557,2005,Angola,41396636383.3725,Africa,0.0,0.0,Christianity,15029280,0.988412072489655
558,2010,Angola,95546919754.7633,Africa,0.516,0.0,Christianity,17034849,0.9883735833452324
629,1990,Algeria,62048507531.3357,Africa,0.593,0.0,Christianity,128400,0.0052893923789907316
630,1995,Algeria,41764291671.7711,Africa,0.0,1.0,Christianity,9000,0.0003306696059520529
631,2000,Algeria,54790398570.3282,Africa,0.652,1.0,Christianity,4455,0.0001443139992742512
632,2005,Algeria,107046618669.707,Africa,0.0,1.0,Christianity,263248,0.00801590367371428
633,2010,Algeria,177785053939.531,Africa,0.721,1.0,Christianity,285330,0.00801601573704614
644,1990,Sudan,33641222222.2222,Africa,0.322,1.0,Christianity,4132500,0.19203795980544427
645,1995,Sudan,13830363899.9163,Africa,0.0,1.0,Christianity,4478143,0.19324794762604117
646,2000,Sudan,12257299147.2936,Africa,0.42,1.0,Christianity,3502171,0.14867823563466692
647,2005,Sudan,35182711987.974,Africa,0.0,1.0,Christianity,2927790,0.1056746827095806
648,2010,Sudan,58962978034.4828,Africa,0.489,1.0,Christianity,2867533,0.0914495510285333
649,1990,Iran (Islamic Republic Of),124813263926.225,Asia,0.613,1.0,Christianity,187999,0.0035269939731982303
650,1995,Iran (Islamic Republic Of),96419225743.6737,Asia,0.0,0.0,Christianity,221498,0.003345938294086885
651,2000,Iran (Islamic Republic Of),109591707802.216,Asia,0.692,1.0,Christianity,105000,0.001571774639850295
652,2005,Iran (Islamic Republic Of),224970371324.67,Asia,0.0,1.0,Christianity,109000,0.001581470390231446
653,2010,Iran (Islamic Republic Of),487069570463.768,Asia,0.756,1.0,Christianity,117000,0.0015927355142610815
654,1990,Turkey,150655500191.644,Asia,0.598,1.0,Christianity,400900,0.00717130778537494
655,1995,Turkey,234699627004.035,Asia,0.0,1.0,Christianity,419539,0.006826336679521929
656,2000,Turkey,274748463178.502,Asia,0.669,1.0,Christianity,334433,0.005058458989376363
657,2005,Turkey,508314210212.544,Asia,0.0,1.0,Christianity,300579,0.004209481633340886
658,2010,Turkey,782545664268.333,Asia,0.75,0.0,Christianity,320277,0.004212229381159077
659,1990,Iraq,180408064516.129,Asia,0.497,1.0,Christianity,398350,0.022436805485541257
660,1995,Iraq,12894029888.1122,Asia,0.0,1.0,Christianity,300395,0.0150246367631072
661,2000,Iraq,48364250943.9051,Asia,0.583,0.0,Christianity,433000,0.019337047415958646
662,2005,Iraq,50065104667.8159,Asia,0.0,1.0,Christianity,559260,0.02030456852791878
663,2010,Iraq,138516722649.573,Asia,0.629,1.0,Christianity,600000,0.019474196689386564
684,1990,Israel,62016729540.7093,Asia,0.781,1.0,Christianity,114699,0.024883942622812114
685,1995,Israel,105497418058.646,Asia,0.0,1.0,Christianity,159900,0.028954802259887006
686,2000,Israel,136512300542.025,Asia,0.835,1.0,Christianity,133399,0.02259353735303717
687,2005,Israel,147519922009.047,Asia,0.0,1.0,Christianity,145399,0.022214946208597642
688,2010,Israel,239679036634.372,Asia,0.887,1.0,Christianity,152400,0.021021562412453263
726,1990,Afghanistan,0.0,Asia,0.284,1.0,Christianity,7000,0.00045509603208921133
727,1995,Afghanistan,0.0,Asia,0.0,1.0,Christianity,6609,0.0003463215712906806
728,2000,Afghanistan,3521418059.92345,Asia,0.34,1.0,Christianity,6219,0.0002798842982883448
729,2005,Afghanistan,6203256538.70967,Asia,0.0,1.0,Christianity,24955,0.0009773160461509355
730,2010,Afghanistan,15856668555.8336,Asia,0.449,1.0,Christianity,7287,0.00027091448080840256
776,1990,India,320979026420.035,Asia,0.434,1.0,Christianity,41734851,0.05388502967681317
777,1995,India,360281909643.489,Asia,0.0,1.0,Christianity,45798549,0.05396281328053666
778,2000,India,468395521654.458,Asia,0.49,1.0,Christianity,24080014,0.0240395122777934
779,2005,India,820383763511.445,Asia,0.0,1.0,Christianity,26026922,0.0240395211096173
780,2010,India,1675615519484.96,Asia,0.572,1.0,Christianity,27973830,0.024039528691442515
786,1990,Pakistan,40010423970.4576,Asia,0.394,1.0,Christianity,3836000,0.034260553474061206
787,1995,Pakistan,60636071684.1918,Asia,0.0,1.0,Christianity,3391078,0.026237159213756887
788,2000,Pakistan,99484802344.5277,Asia,0.434,1.0,Christianity,2660210,0.017059834125961935
789,2005,Pakistan,145208562960.767,Asia,0.0,1.0,Christianity,2617319,0.01705983478680576
790,2010,Pakistan,196709621849.586,Asia,0.496,1.0,Christianity,2863590,0.01705983083363581
796,1990,Myanmar,2115193513.29556,Asia,0.333,1.0,Christianity,2488600,0.06859237617485736
797,1995,Myanmar,5289174942.53404,Asia,0.0,1.0,Christianity,3157420,0.08087796426530171
798,2000,Myanmar,8905066163.58643,Asia,0.407,1.0,Christianity,3210000,0.08026729358840362
799,2005,Myanmar,11986972418.5103,Asia,0.0,1.0,Christianity,4429920,0.09207961725781948
800,2010,Myanmar,49540813342.4834,Asia,0.506,1.0,Christianity,4565000,0.08940343311925014
801,1990,Sri Lanka,8032551173.24014,Asia,0.641,1.0,Christianity,1313600,0.0787835569312557
802,1995,Sri Lanka,13029697560.9756,Asia,0.0,1.0,Christianity,1448959,0.08103337987431809
803,2000,Sri Lanka,16595882818.6857,Asia,0.689,1.0,Christianity,1187918,0.07012893338749612
804,2005,Sri Lanka,24405791044.7761,Asia,0.0,1.0,Christianity,1573438,0.08094586774225594
805,2010,Sri Lanka,58636049434.1871,Asia,0.735,0.0,Christianity,1495578,0.07293808140762618
851,1990,Philippines,50508286641.5746,Asia,0.598,1.0,Christianity,56991959,0.9517127978794985
852,1995,Philippines,84644328727.4825,Asia,0.0,1.0,Christianity,63749979,0.943603194166692
853,2000,Philippines,83669788376.9213,Asia,0.635,1.0,Christianity,70508000,0.9446429681521289
854,2005,Philippines,107419977318.166,Asia,0.0,1.0,Christianity,76584168,0.9437810444610548
855,2010,Philippines,208368893151.144,Asia,0.673,1.0,Christianity,84493445,0.9418244941430469
856,1990,Indonesia,106140727333.636,Asia,0.526,1.0,Christianity,19334118,0.11051484863447918
857,1995,Indonesia,202132028723.115,Asia,0.0,0.0,Christianity,21812609,0.11333569236663596
858,2000,Indonesia,165021012077.81,Asia,0.597,1.0,Christianity,24291100,0.11568595234183199
859,2005,Indonesia,285868619196.085,Asia,0.0,1.0,Christianity,24867812,0.11239991211153555
860,2010,Indonesia,755094157621.936,Asia,0.667,0.0,Christianity,25444526,0.1094324174732381
1037,1990,Colombia,47844090709.9908,Southern America,0.614,1.0,Judaism,8750,0.0002820938131184907
1038,1995,Colombia,92507279383.0387,Southern America,0.0,1.0,Judaism,6500,0.0001925161166347934
1039,2000,Colombia,99875074951.0278,Southern America,0.672,1.0,Judaism,7500,0.00018729094116919342
1040,2005,Colombia,145600529605.803,Southern America,0.0,1.0,Judaism,7500,0.0001800776667773704
1041,2010,Colombia,286498534094.963,Southern America,0.732,1.0,Judaism,8095,0.0001800641673508141
1250,1990,Russian Federation,517014446227.929,Europe,0.741,1.0,Judaism,2854190,0.028396482747708295
1251,1995,Russian Federation,395537185734.854,Europe,0.0,1.0,Judaism,897498,0.018523154954988012
1252,2000,Russian Federation,259710142196.943,Europe,0.733,1.0,Judaism,622175,0.004824002284600341
1253,2005,Russian Federation,764015973481.11,Europe,0.0,1.0,Judaism,606000,0.004824005013144219
1254,2010,Russian Federation,1524916715223.95,Europe,0.797,1.0,Judaism,194000,0.0015853098197130106
1342,1990,Senegal,7390967360.42121,Africa,0.371,1.0,Judaism,0,0.0
1343,1995,Senegal,6326342633.4034,Africa,0.0,1.0,Judaism,0,0.0
1344,2000,Senegal,6013185003.97525,Africa,0.388,1.0,Judaism,0,0.0
1345,2005,Senegal,11009033437.939,Africa,0.0,0.0,Judaism,0,0.0
1346,2010,Senegal,16121315909.0758,Africa,0.47,0.0,Judaism,0,0.0
1377,1990,Liberia,384400000.0,Africa,0.434,1.0,Judaism,0,0.0
1378,1995,Liberia,134800000.0,Africa,0.0,1.0,Judaism,0,0.0
1379,2000,Liberia,874000000.0,Africa,0.434,1.0,Judaism,0,0.0
1380,2005,Liberia,949000000.0,Africa,0.0,0.0,Judaism,0,0.0
1381,2010,Liberia,1998000000.0,Africa,0.46,0.0,Judaism,0,0.0
1417,1990,Chad,1738605557.76313,Africa,0.292,1.0,Judaism,0,0.0
1418,1995,Chad,1445919894.57661,Africa,0.0,0.0,Judaism,0,0.0
1419,2000,Chad,1388506771.58756,Africa,0.292,1.0,Judaism,0,0.0
1420,2005,Chad,8655892392.92919,Africa,0.0,1.0,Judaism,0,0.0
1421,2010,Chad,14058506663.7252,Africa,0.364,1.0,Judaism,0,0.0
1427,1990,Democratic Republic Of The Congo,9349764580.41173,Africa,0.377,0.0,Judaism,420,1.242454308742796e-05
1428,1995,Democratic Republic Of The Congo,5643439376.10491,Africa,0.0,0.0,Judaism,441,1.0096908109229862e-05
1429,2000,Democratic Republic Of The Congo,19088046305.7971,Africa,0.376,1.0,Judaism,463,9.693654960569854e-06
1430,2005,Democratic Republic Of The Congo,12609728573.1032,Africa,0.0,1.0,Judaism,363,6.5712137824746486e-06
1431,2010,Democratic Republic Of The Congo,24161641931.0331,Africa,0.424,1.0,Judaism,407,6.348592906915246e-06
1432,1990,Uganda,4304399310.30967,Africa,0.329,1.0,Judaism,2000,0.00012873159918566965
1433,1995,Uganda,5755818842.49246,Africa,0.0,1.0,Judaism,2200,0.00012337912082057434
1434,2000,Uganda,6193246837.09687,Africa,0.392,1.0,Judaism,1500,7.270457127568411e-05
1435,2005,Uganda,9239221763.05793,Africa,0.0,1.0,Judaism,2676,0.00010899368121759464
1436,2010,Uganda,26673441430.7857,Africa,0.5,0.0,Judaism,2000,6.701289549251831e-05
1447,1990,Burundi,1132101252.51817,Africa,0.285,0.0,Judaism,0,0.0
1448,1995,Burundi,1000428393.88528,Africa,0.0,1.0,Judaism,0,0.0
1449,2000,Burundi,870486065.883137,Africa,0.298,1.0,Judaism,0,0.0
1450,2005,Burundi,1117113079.73645,Africa,0.0,1.0,Judaism,0,0.0
1451,2010,Burundi,2032135192.01248,Africa,0.404,0.0,Judaism,0,0.0
1457,1990,Somalia,1031282081.16683,Africa,0.38,1.0,Judaism,0,0.0
1458,1995,Somalia,1534756134.55022,Africa,0.0,1.0,Judaism,0,0.0
1459,2000,Somalia,3412797450.20112,Africa,0.38,0.0,Judaism,0,0.0
1460,2005,Somalia,4683246454.10048,Africa,0.0,1.0,Judaism,0,0.0
1461,2010,Somalia,2687807003.73935,Africa,0.38,1.0,Judaism,0,0.0
1467,1990,Ethiopia,12478943895.1691,Africa,0.286,1.0,Judaism,10000,0.00021830228929244736
1468,1995,Ethiopia,7855205206.93405,Africa,0.0,0.0,Judaism,10975,0.00021162445923683882
1469,2000,Ethiopia,8242349617.8638,Africa,0.286,1.0,Judaism,11950,0.00020328448183253391
1470,2005,Ethiopia,12401139453.9738,Africa,0.0,1.0,Judaism,8500,0.00012244355856129682
1471,2010,Ethiopia,29933790334.3418,Africa,0.409,1.0,Judaism,4500,5.696379407831486e-05
1476,1990,Angola,11229515599.3048,Africa,0.38,1.0,Judaism,0,0.0
1477,1995,Angola,5538749259.94714,Africa,0.0,1.0,Judaism,0,0.0
1478,2000,Angola,9129594970.15301,Africa,0.38,1.0,Judaism,0,0.0
1479,2005,Angola,41396636383.3725,Africa,0.0,0.0,Judaism,0,0.0
1480,2010,Angola,95546919754.7633,Africa,0.516,0.0,Judaism,0,0.0
1551,1990,Algeria,62048507531.3357,Africa,0.593,0.0,Judaism,600,2.4716786817713697e-05
1552,1995,Algeria,41764291671.7711,Africa,0.0,1.0,Judaism,0,0.0
1553,2000,Algeria,54790398570.3282,Africa,0.652,1.0,Judaism,566,1.8334842556504195e-05
1554,2005,Algeria,107046618669.707,Africa,0.0,1.0,Judaism,526,1.601670414352136e-05
1555,2010,Algeria,177785053939.531,Africa,0.721,1.0,Judaism,0,0.0
1566,1990,Sudan,33641222222.2222,Africa,0.322,1.0,Judaism,1200,5.5764198854575476e-05
1567,1995,Sudan,13830363899.9163,Africa,0.0,1.0,Judaism,0,0.0
1568,2000,Sudan,12257299147.2936,Africa,0.42,1.0,Judaism,0,0.0
1569,2005,Sudan,35182711987.974,Africa,0.0,1.0,Judaism,0,0.0
1570,2010,Sudan,58962978034.4828,Africa,0.489,1.0,Judaism,0,0.0
1571,1990,Iran (Islamic Republic Of),124813263926.225,Asia,0.613,1.0,Judaism,16666,0.0003126659267194065
1572,1995,Iran (Islamic Republic Of),96419225743.6737,Asia,0.0,0.0,Judaism,8333,0.00012587790320736989
1573,2000,Iran (Islamic Republic Of),109591707802.216,Asia,0.692,1.0,Judaism,12000,0.00017963138741146231
1574,2005,Iran (Islamic Republic Of),224970371324.67,Asia,0.0,1.0,Judaism,9200,0.0001334819044965991
1575,2010,Iran (Islamic Republic Of),487069570463.768,Asia,0.756,1.0,Judaism,8700,0.0001184341792655676
1576,1990,Turkey,150655500191.644,Asia,0.598,1.0,Judaism,22000,0.00039353647113556664
1577,1995,Turkey,234699627004.035,Asia,0.0,1.0,Judaism,20000,0.000325420839517753
1578,2000,Turkey,274748463178.502,Asia,0.669,1.0,Judaism,20000,0.000302509560323076
1579,2005,Turkey,508314210212.544,Asia,0.0,1.0,Judaism,17000,0.00023807780239735665
1580,2010,Turkey,782545664268.333,Asia,0.75,0.0,Judaism,15000,0.00019727748391981366
1581,1990,Iraq,180408064516.129,Asia,0.497,1.0,Judaism,180,1.0138383299604433e-05
1582,1995,Iraq,12894029888.1122,Asia,0.0,1.0,Judaism,0,0.0
1583,2000,Iraq,48364250943.9051,Asia,0.583,0.0,Judaism,0,0.0
1584,2005,Iraq,50065104667.8159,Asia,0.0,1.0,Judaism,0,0.0
1585,2010,Iraq,138516722649.573,Asia,0.629,1.0,Judaism,0,0.0
1606,1990,Israel,62016729540.7093,Asia,0.781,1.0,Judaism,3681659,0.7987357458457338
1607,1995,Israel,105497418058.646,Asia,0.0,1.0,Judaism,4549500,0.8238265971316818
1608,2000,Israel,136512300542.025,Asia,0.835,1.0,Judaism,4914100,0.8322918605578749
1609,2005,Israel,147519922009.047,Asia,0.0,1.0,Judaism,5275699,0.8060534769685649
1610,2010,Israel,239679036634.372,Asia,0.887,1.0,Judaism,5573299,0.7687628134630141
1648,1990,Afghanistan,0.0,Asia,0.284,1.0,Judaism,130,8.451783453085353e-06
1649,1995,Afghanistan,0.0,Asia,0.0,1.0,Judaism,66,3.4584995771198243e-06
1650,2000,Afghanistan,3521418059.92345,Asia,0.34,1.0,Judaism,0,0.0
1651,2005,Afghanistan,6203256538.70967,Asia,0.0,1.0,Judaism,0,0.0
1652,2010,Afghanistan,15856668555.8336,Asia,0.449,1.0,Judaism,0,0.0
1698,1990,India,320979026420.035,Asia,0.434,1.0,Judaism,9000,1.162015091634851e-05
1699,1995,India,360281909643.489,Asia,0.0,1.0,Judaism,9061,1.067625638390733e-05
1700,2000,India,468395521654.458,Asia,0.49,1.0,Judaism,5000,4.991590178849854e-06
1701,2005,India,820383763511.445,Asia,0.0,1.0,Judaism,5000,4.618202857336972e-06
1702,2010,India,1675615519484.96,Asia,0.572,1.0,Judaism,5000,4.296788943709623e-06
1708,1990,Pakistan,40010423970.4576,Asia,0.394,1.0,Judaism,700,6.251925816434527e-06
1709,1995,Pakistan,60636071684.1918,Asia,0.0,1.0,Judaism,781,6.0426865279843545e-06
1710,2000,Pakistan,99484802344.5277,Asia,0.434,1.0,Judaism,0,0.0
1711,2005,Pakistan,145208562960.767,Asia,0.0,1.0,Judaism,0,0.0
1712,2010,Pakistan,196709621849.586,Asia,0.496,1.0,Judaism,0,0.0
1718,1990,Myanmar,2115193513.29556,Asia,0.333,1.0,Judaism,350,9.646922631680493e-06
1719,1995,Myanmar,5289174942.53404,Asia,0.0,1.0,Judaism,186,4.764428347621196e-06
1720,2000,Myanmar,8905066163.58643,Asia,0.407,1.0,Judaism,50,1.250269370535882e-06
1721,2005,Myanmar,11986972418.5103,Asia,0.0,1.0,Judaism,25,5.196460503678367e-07
1722,2010,Myanmar,49540813342.4834,Asia,0.506,1.0,Judaism,25,4.896135439170325e-07
1723,1990,Sri Lanka,8032551173.24014,Asia,0.641,1.0,Judaism,0,0.0
1724,1995,Sri Lanka,13029697560.9756,Asia,0.0,1.0,Judaism,0,0.0
1725,2000,Sri Lanka,16595882818.6857,Asia,0.689,1.0,Judaism,0,0.0
1726,2005,Sri Lanka,24405791044.7761,Asia,0.0,1.0,Judaism,0,0.0
1727,2010,Sri Lanka,58636049434.1871,Asia,0.735,0.0,Judaism,0,0.0
1773,1990,Philippines,50508286641.5746,Asia,0.598,1.0,Judaism,850,1.4194210769234546e-05
1774,1995,Philippines,84644328727.4825,Asia,0.0,1.0,Judaism,575,8.510933574516909e-06
1775,2000,Philippines,83669788376.9213,Asia,0.635,1.0,Judaism,300,4.019301220367032e-06
1776,2005,Philippines,107419977318.166,Asia,0.0,1.0,Judaism,300,3.697034527270916e-06
1777,2010,Philippines,208368893151.144,Asia,0.673,1.0,Judaism,300,3.344015009009445e-06
1778,1990,Indonesia,106140727333.636,Asia,0.526,1.0,Judaism,0,0.0
1779,1995,Indonesia,202132028723.115,Asia,0.0,0.0,Judaism,0,0.0
1780,2000,Indonesia,165021012077.81,Asia,0.597,1.0,Judaism,0,0.0
1781,2005,Indonesia,285868619196.085,Asia,0.0,1.0,Judaism,0,0.0
1782,2010,Indonesia,755094157621.936,Asia,0.667,0.0,Judaism,0,0.0
1959,1990,Colombia,47844090709.9908,Southern America,0.614,1.0,Islam,20000,0.0006447858585565501
1960,1995,Colombia,92507279383.0387,Southern America,0.0,1.0,Islam,0,0.0
1961,2000,Colombia,99875074951.0278,Southern America,0.672,1.0,Islam,32248,0.0008053011027765532
1962,2005,Colombia,145600529605.803,Southern America,0.0,1.0,Islam,25700,0.0006170661381571227
1963,2010,Colombia,286498534094.963,Southern America,0.732,1.0,Islam,27740,0.0006170450898470147
2172,1990,Russian Federation,517014446227.929,Europe,0.741,1.0,Islam,28541901,0.28396483742613426
2173,1995,Russian Federation,395537185734.854,Europe,0.0,1.0,Islam,14777400,0.3049857158810826
2174,2000,Russian Federation,259710142196.943,Europe,0.733,1.0,Islam,20570760,0.1594943436106647
2175,2005,Russian Federation,764015973481.11,Europe,0.0,1.0,Islam,20035960,0.1594943423814473
2176,2010,Russian Federation,1524916715223.95,Europe,0.797,1.0,Islam,16482000,0.134685961074793
2264,1990,Senegal,7390967360.42121,Africa,0.371,1.0,Islam,6407000,0.9411222078107121
2265,1995,Senegal,6326342633.4034,Africa,0.0,1.0,Islam,7328829,0.946651843321008
2266,2000,Senegal,6013185003.97525,Africa,0.388,1.0,Islam,8852140,0.9589433157768164
2267,2005,Senegal,11009033437.939,Africa,0.0,0.0,Islam,10159120,0.9589196645491521
2268,2010,Senegal,16121315909.0758,Africa,0.47,0.0,Islam,11346069,0.9640602954615264
2299,1990,Liberia,384400000.0,Africa,0.434,1.0,Islam,433260,0.3333333333333333
2300,1995,Liberia,134800000.0,Africa,0.0,1.0,Islam,441600,0.3065815051374618
2301,2000,Liberia,874000000.0,Africa,0.434,1.0,Islam,630800,0.33898359734251476
2302,2005,Liberia,949000000.0,Africa,0.0,0.0,Islam,466760,0.1698501129883882
2303,2010,Liberia,1998000000.0,Africa,0.46,0.0,Islam,468918,0.11690339797135889
2339,1990,Chad,1738605557.76313,Africa,0.292,1.0,Islam,2672890,0.5964206150012317
2340,1995,Chad,1445919894.57661,Africa,0.0,0.0,Islam,3167500,0.6182212793032983
2341,2000,Chad,1388506771.58756,Africa,0.292,1.0,Islam,4124505,0.6444621634214689
2342,2005,Chad,8655892392.92919,Africa,0.0,1.0,Islam,5530260,0.6257314235806832
2343,2010,Chad,14058506663.7252,Africa,0.364,1.0,Islam,6347232,0.618730682431976
2349,1990,Democratic Republic Of The Congo,9349764580.41173,Africa,0.377,0.0,Islam,435000,0.012868276769121816
2350,1995,Democratic Republic Of The Congo,5643439376.10491,Africa,0.0,0.0,Islam,454530,0.010406683997479025
2351,2000,Democratic Republic Of The Congo,19088046305.7971,Africa,0.376,1.0,Islam,671502,0.014058982059033647
2352,2005,Democratic Republic Of The Congo,12609728573.1032,Africa,0.0,1.0,Islam,886155,0.016041636224266728
2353,2010,Democratic Republic Of The Congo,24161641931.0331,Africa,0.424,1.0,Islam,882247,0.013761737214612421
2354,1990,Uganda,4304399310.30967,Africa,0.329,1.0,Islam,1843204,0.11863929927271152
2355,1995,Uganda,5755818842.49246,Africa,0.0,1.0,Islam,2156905,0.12096229208795496
2356,2000,Uganda,6193246837.09687,Africa,0.392,1.0,Islam,2634881,0.1277119289782972
2357,2005,Uganda,9239221763.05793,Africa,0.0,1.0,Islam,3117551,0.1269780866493249
2358,2010,Uganda,26673441430.7857,Africa,0.5,0.0,Islam,3734278,0.12512239067700515
2369,1990,Burundi,1132101252.51817,Africa,0.285,0.0,Islam,105893,0.021169738347527726
2370,1995,Burundi,1000428393.88528,Africa,0.0,1.0,Islam,59820,0.010897590160616488
2371,2000,Burundi,870486065.883137,Africa,0.298,1.0,Islam,234324,0.039961485371296776
2372,2005,Burundi,1117113079.73645,Africa,0.0,1.0,Islam,224601,0.03272343112535175
2373,2010,Burundi,2032135192.01248,Africa,0.404,0.0,Islam,214879,0.02732617916865105
2379,1990,Somalia,1031282081.16683,Africa,0.38,1.0,Islam,8573000,0.9989795795895875
2380,1995,Somalia,1534756134.55022,Africa,0.0,1.0,Islam,9401000,0.998900900870269
2381,2000,Somalia,3412797450.20112,Africa,0.38,0.0,Islam,10046515,0.9988138326735562
2382,2005,Somalia,4683246454.10048,Africa,0.0,1.0,Islam,8303876,0.9988877824720965
2383,2010,Somalia,2687807003.73935,Africa,0.38,1.0,Islam,9283692,0.9989715115809862
2389,1990,Ethiopia,12478943895.1691,Africa,0.286,1.0,Islam,16540480,0.36108246499959396
2390,1995,Ethiopia,7855205206.93405,Africa,0.0,0.0,Islam,19270180,0.3715755281910293
2391,2000,Ethiopia,8242349617.8638,Africa,0.286,1.0,Islam,20608195,0.35057123364676285
2392,2005,Ethiopia,12401139453.9738,Africa,0.0,1.0,Islam,27234000,0.39230916163039503
2393,2010,Ethiopia,29933790334.3418,Africa,0.409,1.0,Islam,28332765,0.3586537313620637
2398,1990,Angola,11229515599.3048,Africa,0.38,1.0,Islam,91671,0.009752160382618386
2399,1995,Angola,5538749259.94714,Africa,0.0,1.0,Islam,114089,0.01141995565907355
2400,2000,Angola,9129594970.15301,Africa,0.38,1.0,Islam,130000,0.011849814358985205
2401,2005,Angola,41396636383.3725,Africa,0.0,0.0,Islam,175000,0.01150900859426996
2402,2010,Angola,95546919754.7633,Africa,0.516,0.0,Islam,198750,0.011531610857828264
2473,1990,Algeria,62048507531.3357,Africa,0.593,0.0,Islam,24146000,0.9946858908341916
2474,1995,Algeria,41764291671.7711,Africa,0.0,1.0,Islam,27208500,0.9996693303940479
2475,2000,Algeria,54790398570.3282,Africa,0.652,1.0,Islam,30865165,0.9998373511581693
2476,2005,Algeria,107046618669.707,Africa,0.0,1.0,Islam,32576940,0.9919680796221422
2477,2010,Algeria,177785053939.531,Africa,0.721,1.0,Islam,35309660,0.9919839842629539
2488,1990,Sudan,33641222222.2222,Africa,0.322,1.0,Islam,17384983,0.807883040912845
2489,1995,Sudan,13830363899.9163,Africa,0.0,1.0,Islam,18694900,0.8067520523739589
2490,2000,Sudan,12257299147.2936,Africa,0.42,1.0,Islam,20053200,0.851321764365333
2491,2005,Sudan,35182711987.974,Africa,0.0,1.0,Islam,24777900,0.8943253172904194
2492,2010,Sudan,58962978034.4828,Africa,0.489,1.0,Islam,28488914,0.9085504489714668
2493,1990,Iran (Islamic Republic Of),124813263926.225,Asia,0.613,1.0,Islam,53089900,0.9960040071367227
2494,1995,Iran (Islamic Republic Of),96419225743.6737,Asia,0.0,0.0,Islam,65965072,0.9964652524040783
2495,2000,Iran (Islamic Republic Of),109591707802.216,Asia,0.692,1.0,Islam,66686470,0.9982485939727382
2496,2005,Iran (Islamic Republic Of),224970371324.67,Asia,0.0,1.0,Islam,68805000,0.9982850477052719
2497,2010,Iran (Islamic Republic Of),487069570463.768,Asia,0.756,1.0,Islam,73332824,0.9982888303064733
2498,1990,Turkey,150655500191.644,Asia,0.598,1.0,Islam,55450432,0.9918985151010319
2499,1995,Turkey,234699627004.035,Asia,0.0,1.0,Islam,61019340,0.9928482424809603
2500,2000,Turkey,274748463178.502,Asia,0.669,1.0,Islam,65759180,0.9946390314503005
2501,2005,Turkey,508314210212.544,Asia,0.0,1.0,Islam,71087650,0.9955524405642617
2502,2010,Turkey,782545664268.333,Asia,0.75,0.0,Islam,75699756,0.9955904931349211
2503,1990,Iraq,180408064516.129,Asia,0.497,1.0,Islam,17354880,0.9775023642146611
2504,1995,Iraq,12894029888.1122,Asia,0.0,1.0,Islam,19693100,0.9849753632368928
2505,2000,Iraq,48364250943.9051,Asia,0.583,0.0,Islam,21959250,0.9806629525840413
2506,2005,Iraq,50065104667.8159,Asia,0.0,1.0,Islam,26984295,0.9796954314720813
2507,2010,Iraq,138516722649.573,Asia,0.629,1.0,Islam,30210000,0.9805258033106135
2528,1990,Israel,62016729540.7093,Asia,0.781,1.0,Islam,813000,0.17638031153145406
2529,1995,Israel,105497418058.646,Asia,0.0,1.0,Islam,813000,0.14721860060843112
2530,2000,Israel,136512300542.025,Asia,0.835,1.0,Islam,856800,0.14511460208908797
2531,2005,Israel,147519922009.047,Asia,0.0,1.0,Islam,1124000,0.1717315768228375
2532,2010,Israel,239679036634.372,Asia,0.887,1.0,Islam,1524000,0.21021562412453262
2570,1990,Afghanistan,0.0,Asia,0.284,1.0,Islam,15295070,0.9943893810752475
2571,1995,Afghanistan,0.0,Asia,0.0,1.0,Islam,19026255,0.9970044677526355
2572,2000,Afghanistan,3521418059.92345,Asia,0.34,1.0,Islam,22162133,0.997400392873126
2573,2005,Afghanistan,6203256538.70967,Asia,0.0,1.0,Islam,25497000,0.9985424655864716
2574,2010,Afghanistan,15856668555.8336,Asia,0.449,1.0,Islam,26880000,0.9993387188321478
2620,1990,India,320979026420.035,Asia,0.434,1.0,Islam,101000000,0.13040391583902217
2621,1995,India,360281909643.489,Asia,0.0,1.0,Islam,109916520,0.12951075470112325
2622,2000,India,468395521654.458,Asia,0.49,1.0,Islam,137840709,0.13760886585802015
2623,2005,India,820383763511.445,Asia,0.0,1.0,Islam,148985354,0.13760891750883206
2624,2010,India,1675615519484.96,Asia,0.572,1.0,Islam,160130000,0.1376089627112444
2630,1990,Pakistan,40010423970.4576,Asia,0.394,1.0,Islam,106633800,0.9523808673207372
2631,1995,Pakistan,60636071684.1918,Asia,0.0,1.0,Islam,124026804,0.959609600050904
2632,2000,Pakistan,99484802344.5277,Asia,0.434,1.0,Islam,149741271,0.960285558309575
2633,2005,Pakistan,145208562960.767,Asia,0.0,1.0,Islam,147326963,0.9602855626012132
2634,2010,Pakistan,196709621849.586,Asia,0.496,1.0,Islam,161189415,0.9602855688393654
2640,1990,Myanmar,2115193513.29556,Asia,0.333,1.0,Islam,1080000,0.029767646977756954
2641,1995,Myanmar,5289174942.53404,Asia,0.0,1.0,Islam,1804240,0.04621597958017241
2642,2000,Myanmar,8905066163.58643,Asia,0.407,1.0,Islam,1824440,0.04562082900760969
2643,2005,Myanmar,11986972418.5103,Asia,0.0,1.0,Islam,2214960,0.04603980862890974
2644,2010,Myanmar,49540813342.4834,Asia,0.506,1.0,Islam,2450000,0.047982127303869186
2645,1990,Sri Lanka,8032551173.24014,Asia,0.641,1.0,Islam,1500000,0.08996295325584924
2646,1995,Sri Lanka,13029697560.9756,Asia,0.0,1.0,Islam,1448960,0.08103343579955813
2647,2000,Sri Lanka,16595882818.6857,Asia,0.689,1.0,Islam,1453159,0.08578747919674631
2648,2005,Sri Lanka,24405791044.7761,Asia,0.0,1.0,Islam,1376759,0.0708276728583907
2649,2010,Sri Lanka,58636049434.1871,Asia,0.735,0.0,Islam,1975865,0.09636127451759742
2695,1990,Philippines,50508286641.5746,Asia,0.598,1.0,Islam,2828080,0.04722631010853745
2696,1995,Philippines,84644328727.4825,Asia,0.0,1.0,Islam,3724151,0.05512348136081865
2697,2000,Philippines,83669788376.9213,Asia,0.635,1.0,Islam,4055030,0.054327956758749754
2698,2005,Philippines,107419977318.166,Asia,0.0,1.0,Islam,4464773,0.05502139979142317
2699,2010,Philippines,208368893151.144,Asia,0.673,1.0,Islam,5113771,0.0570017565887908
2700,1990,Indonesia,106140727333.636,Asia,0.526,1.0,Islam,151124692,0.863836791588439
2701,1995,Indonesia,202132028723.115,Asia,0.0,0.0,Islam,165377245,0.8592802705885292
2702,2000,Indonesia,165021012077.81,Asia,0.597,1.0,Islam,179629800,0.8554838801854511
2703,2005,Indonesia,285868619196.085,Asia,0.0,1.0,Islam,190589900,0.8614464356311825
2704,2010,Indonesia,755094157621.936,Asia,0.667,0.0,Islam,201550000,0.8668309931075603
2881,1990,Colombia,47844090709.9908,Southern America,0.614,1.0,Buddhism,1300,4.191108080617576e-05
2882,1995,Colombia,92507279383.0387,Southern America,0.0,1.0,Buddhism,0,0.0
2883,2000,Colombia,99875074951.0278,Southern America,0.672,1.0,Buddhism,1124,2.8068669049889786e-05
2884,2005,Colombia,145600529605.803,Southern America,0.0,1.0,Buddhism,1500,3.6015533355474084e-05
2885,2010,Colombia,286498534094.963,Southern America,0.732,1.0,Buddhism,1619,3.601283347016282e-05
3094,1990,Russian Federation,517014446227.929,Europe,0.741,1.0,Buddhism,550000,0.005471978218422587
3095,1995,Russian Federation,395537185734.854,Europe,0.0,1.0,Buddhism,552705,0.011407089886993231
3096,2000,Russian Federation,259710142196.943,Europe,0.733,1.0,Buddhism,1796711,0.013930707548144112
3097,2005,Russian Federation,764015973481.11,Europe,0.0,1.0,Buddhism,1750000,0.013930707546208555
3098,2010,Russian Federation,1524916715223.95,Europe,0.797,1.0,Buddhism,0,0.0
3186,1990,Senegal,7390967360.42121,Africa,0.371,1.0,Buddhism,830,0.0001219184380338522
3187,1995,Senegal,6326342633.4034,Africa,0.0,1.0,Buddhism,1015,0.00013110574976859512
3188,2000,Senegal,6013185003.97525,Africa,0.388,1.0,Buddhism,1242,0.000134544595792069
3189,2005,Senegal,11009033437.939,Africa,0.0,0.0,Buddhism,1300,0.00012270704194003988
3190,2010,Senegal,16121315909.0758,Africa,0.47,0.0,Buddhism,1631,0.00013858388679795173
3221,1990,Liberia,384400000.0,Africa,0.434,1.0,Buddhism,0,0.0
3222,1995,Liberia,134800000.0,Africa,0.0,1.0,Buddhism,0,0.0
3223,2000,Liberia,874000000.0,Africa,0.434,1.0,Buddhism,0,0.0
3224,2005,Liberia,949000000.0,Africa,0.0,0.0,Buddhism,0,0.0
3225,2010,Liberia,1998000000.0,Africa,0.46,0.0,Buddhism,0,0.0
3261,1990,Chad,1738605557.76313,Africa,0.292,1.0,Buddhism,612,0.0001365598346287179
3262,1995,Chad,1445919894.57661,Africa,0.0,0.0,Buddhism,765,0.0001493099538017437
3263,2000,Chad,1388506771.58756,Africa,0.292,1.0,Buddhism,918,0.00014343933781651576
3264,2005,Chad,8655892392.92919,Africa,0.0,1.0,Buddhism,1543,0.00017458556859623132
3265,2010,Chad,14058506663.7252,Africa,0.364,1.0,Buddhism,1771,0.00017263777952137712
3271,1990,Democratic Republic Of The Congo,9349764580.41173,Africa,0.377,0.0,Buddhism,2100,6.21227154371398e-05
3272,1995,Democratic Republic Of The Congo,5643439376.10491,Africa,0.0,0.0,Buddhism,2486,5.691817133683773e-05
3273,2000,Democratic Republic Of The Congo,19088046305.7971,Africa,0.376,1.0,Buddhism,2872,6.0129972023232445e-05
3274,2005,Democratic Republic Of The Congo,12609728573.1032,Africa,0.0,1.0,Buddhism,3438,6.22364545017847e-05
3275,2010,Democratic Republic Of The Congo,24161641931.0331,Africa,0.424,1.0,Buddhism,3841,5.991387065223946e-05
3276,1990,Uganda,4304399310.30967,Africa,0.329,1.0,Buddhism,727,4.679393630399092e-05
3277,1995,Uganda,5755818842.49246,Africa,0.0,1.0,Buddhism,908,5.092192804776432e-05
3278,2000,Uganda,6193246837.09687,Africa,0.392,1.0,Buddhism,1090,5.283198846033045e-05
3279,2005,Uganda,9239221763.05793,Africa,0.0,1.0,Buddhism,1722,7.0137189483071e-05
3280,2010,Uganda,26673441430.7857,Africa,0.5,0.0,Buddhism,2005,6.71804277312496e-05
3291,1990,Burundi,1132101252.51817,Africa,0.285,0.0,Buddhism,0,0.0
3292,1995,Burundi,1000428393.88528,Africa,0.0,1.0,Buddhism,0,0.0
3293,2000,Burundi,870486065.883137,Africa,0.298,1.0,Buddhism,0,0.0
3294,2005,Burundi,1117113079.73645,Africa,0.0,1.0,Buddhism,0,0.0
3295,2010,Burundi,2032135192.01248,Africa,0.404,0.0,Buddhism,0,0.0
3301,1990,Somalia,1031282081.16683,Africa,0.38,1.0,Buddhism,0,0.0
3302,1995,Somalia,1534756134.55022,Africa,0.0,1.0,Buddhism,0,0.0
3303,2000,Somalia,3412797450.20112,Africa,0.38,0.0,Buddhism,0,0.0
3304,2005,Somalia,4683246454.10048,Africa,0.0,1.0,Buddhism,0,0.0
3305,2010,Somalia,2687807003.73935,Africa,0.38,1.0,Buddhism,0,0.0
3311,1990,Ethiopia,12478943895.1691,Africa,0.286,1.0,Buddhism,0,0.0
3312,1995,Ethiopia,7855205206.93405,Africa,0.0,0.0,Buddhism,0,0.0
3313,2000,Ethiopia,8242349617.8638,Africa,0.286,1.0,Buddhism,0,0.0
3314,2005,Ethiopia,12401139453.9738,Africa,0.0,1.0,Buddhism,0,0.0
3315,2010,Ethiopia,29933790334.3418,Africa,0.409,1.0,Buddhism,0,0.0
3320,1990,Angola,11229515599.3048,Africa,0.38,1.0,Buddhism,900,9.574395767861753e-05
3321,1995,Angola,5538749259.94714,Africa,0.0,1.0,Buddhism,1000,0.00010009690381258095
3322,2000,Angola,9129594970.15301,Africa,0.38,1.0,Buddhism,1101,0.00010035881237879007
3323,2005,Angola,41396636383.3725,Africa,0.0,0.0,Buddhism,1200,7.891891607499401e-05
3324,2010,Angola,95546919754.7633,Africa,0.516,0.0,Buddhism,1634,9.480579693932772e-05
3395,1990,Algeria,62048507531.3357,Africa,0.593,0.0,Buddhism,0,0.0
3396,1995,Algeria,41764291671.7711,Africa,0.0,1.0,Buddhism,0,0.0
3397,2000,Algeria,54790398570.3282,Africa,0.652,1.0,Buddhism,0,0.0
3398,2005,Algeria,107046618669.707,Africa,0.0,1.0,Buddhism,0,0.0
3399,2010,Algeria,177785053939.531,Africa,0.721,1.0,Buddhism,0,0.0
3410,1990,Sudan,33641222222.2222,Africa,0.322,1.0,Buddhism,0,0.0
3411,1995,Sudan,13830363899.9163,Africa,0.0,1.0,Buddhism,0,0.0
3412,2000,Sudan,12257299147.2936,Africa,0.42,1.0,Buddhism,0,0.0
3413,2005,Sudan,35182711987.974,Africa,0.0,1.0,Buddhism,0,0.0
3414,2010,Sudan,58962978034.4828,Africa,0.489,1.0,Buddhism,0,0.0
3415,1990,Iran (Islamic Republic Of),124813263926.225,Asia,0.613,1.0,Buddhism,0,0.0
3416,1995,Iran (Islamic Republic Of),96419225743.6737,Asia,0.0,0.0,Buddhism,0,0.0
3417,2000,Iran (Islamic Republic Of),109591707802.216,Asia,0.692,1.0,Buddhism,0,0.0
3418,2005,Iran (Islamic Republic Of),224970371324.67,Asia,0.0,1.0,Buddhism,0,0.0
3419,2010,Iran (Islamic Republic Of),487069570463.768,Asia,0.756,1.0,Buddhism,0,0.0
3420,1990,Turkey,150655500191.644,Asia,0.598,1.0,Buddhism,30000,0.0005366406424575909
3421,1995,Turkey,234699627004.035,Asia,0.0,1.0,Buddhism,0,0.0
3422,2000,Turkey,274748463178.502,Asia,0.669,1.0,Buddhism,0,0.0
3423,2005,Turkey,508314210212.544,Asia,0.0,1.0,Buddhism,0,0.0
3424,2010,Turkey,782545664268.333,Asia,0.75,0.0,Buddhism,0,0.0
3425,1990,Iraq,180408064516.129,Asia,0.497,1.0,Buddhism,900,5.069191649802217e-05
3426,1995,Iraq,12894029888.1122,Asia,0.0,1.0,Buddhism,0,0.0
3427,2000,Iraq,48364250943.9051,Asia,0.583,0.0,Buddhism,0,0.0
3428,2005,Iraq,50065104667.8159,Asia,0.0,1.0,Buddhism,0,0.0
3429,2010,Iraq,138516722649.573,Asia,0.629,1.0,Buddhism,0,0.0
3450,1990,Israel,62016729540.7093,Asia,0.781,1.0,Buddhism,0,0.0
3451,1995,Israel,105497418058.646,Asia,0.0,1.0,Buddhism,0,0.0
3452,2000,Israel,136512300542.025,Asia,0.835,1.0,Buddhism,0,0.0
3453,2005,Israel,147519922009.047,Asia,0.0,1.0,Buddhism,0,0.0
3454,2010,Israel,239679036634.372,Asia,0.887,1.0,Buddhism,0,0.0
3492,1990,Afghanistan,0.0,Asia,0.284,1.0,Buddhism,4169,0.0002710421939685603
3493,1995,Afghanistan,0.0,Asia,0.0,1.0,Buddhism,4357,0.00022831337359865265
3494,2000,Afghanistan,3521418059.92345,Asia,0.34,1.0,Buddhism,4544,0.00020450140720730645
3495,2005,Afghanistan,6203256538.70967,Asia,0.0,1.0,Buddhism,4012,0.00015712249958555613
3496,2010,Afghanistan,15856668555.8336,Asia,0.449,1.0,Buddhism,2500,9.294444929614469e-05
3542,1990,India,320979026420.035,Asia,0.434,1.0,Buddhism,5950000,0.00768221088358596
3543,1995,India,360281909643.489,Asia,0.0,1.0,Buddhism,9159710,0.01079256289176027
3544,2000,India,468395521654.458,Asia,0.49,1.0,Buddhism,7955207,0.007941826626383522
3545,2005,India,820383763511.445,Asia,0.0,1.0,Buddhism,8598398,0.0079418292424241
3546,2010,India,1675615519484.96,Asia,0.572,1.0,Buddhism,9241589,0.007941831487501695
3552,1990,Pakistan,40010423970.4576,Asia,0.394,1.0,Buddhism,75000,0.000669849194617985
3553,1995,Pakistan,60636071684.1918,Asia,0.0,1.0,Buddhism,85697,0.0006630475126615559
3554,2000,Pakistan,99484802344.5277,Asia,0.434,1.0,Buddhism,90000,0.000577166867028007
3555,2005,Pakistan,145208562960.767,Asia,0.0,1.0,Buddhism,88548,0.0005771609233349379
3556,2010,Pakistan,196709621849.586,Asia,0.496,1.0,Buddhism,96880,0.0005771623770032153
3562,1990,Myanmar,2115193513.29556,Asia,0.333,1.0,Buddhism,32049350,0.8833645709875693
3563,1995,Myanmar,5289174942.53404,Asia,0.0,1.0,Buddhism,33355000,0.8543952018005646
3564,2000,Myanmar,8905066163.58643,Asia,0.407,1.0,Buddhism,34909000,0.8729130691207421
3565,2005,Myanmar,11986972418.5103,Asia,0.0,1.0,Buddhism,41406500,0.8606689673822331
3566,2010,Myanmar,49540813342.4834,Asia,0.506,1.0,Buddhism,43983776,0.8614020976885168
3567,1990,Sri Lanka,8032551173.24014,Asia,0.641,1.0,Buddhism,11650720,0.6987554525046585
3568,1995,Sri Lanka,13029697560.9756,Asia,0.0,1.0,Buddhism,12447280,0.6961171217694925
3569,2000,Sri Lanka,16595882818.6857,Asia,0.689,1.0,Buddhism,12985000,0.7665715984071605
3570,2005,Sri Lanka,24405791044.7761,Asia,0.0,1.0,Buddhism,13537599,0.6964447904535777
3571,2010,Sri Lanka,58636049434.1871,Asia,0.735,0.0,Buddhism,14467488,0.7055672238478067
3617,1990,Philippines,50508286641.5746,Asia,0.598,1.0,Buddhism,61480,0.0010266589154029882
3618,1995,Philippines,84644328727.4825,Asia,0.0,1.0,Buddhism,83681,0.0012386146651289557
3619,2000,Philippines,83669788376.9213,Asia,0.635,1.0,Buddhism,76510,0.0010250557879009387
3620,2005,Philippines,107419977318.166,Asia,0.0,1.0,Buddhism,96877,0.0011938587129947486
3621,2010,Philippines,208368893151.144,Asia,0.673,1.0,Buddhism,105000,0.0011704052531533058
3622,1990,Indonesia,106140727333.636,Asia,0.526,1.0,Buddhism,1794830,0.01025934391083277
3623,1995,Indonesia,202132028723.115,Asia,0.0,0.0,Buddhism,1762215,0.009156257150342326
3624,2000,Indonesia,165021012077.81,Asia,0.597,1.0,Buddhism,1729600,0.00823719070649055
3625,2005,Indonesia,285868619196.085,Asia,0.0,1.0,Buddhism,1824640,0.008247182166054344
3626,2010,Indonesia,755094157621.936,Asia,0.667,0.0,Buddhism,1919680,0.008256205015374454
3803,1990,Colombia,47844090709.9908,Southern America,0.614,1.0,Hindu,8000,0.0002579143434226201
3804,1995,Colombia,92507279383.0387,Southern America,0.0,1.0,Hindu,0,0.0
3805,2000,Colombia,99875074951.0278,Southern America,0.672,1.0,Hindu,6832,0.0001706095613423906
3806,2005,Colombia,145600529605.803,Southern America,0.0,1.0,Hindu,7500,0.0001800776667773704
3807,2010,Colombia,286498534094.963,Southern America,0.732,1.0,Hindu,8095,0.0001800641673508141
4016,1990,Russian Federation,517014446227.929,Europe,0.741,1.0,Hindu,0,0.0
4017,1995,Russian Federation,395537185734.854,Europe,0.0,1.0,Hindu,0,0.0
4018,2000,Russian Federation,259710142196.943,Europe,0.733,1.0,Hindu,0,0.0
4019,2005,Russian Federation,764015973481.11,Europe,0.0,1.0,Hindu,0,0.0
4020,2010,Russian Federation,1524916715223.95,Europe,0.797,1.0,Hindu,0,0.0
4108,1990,Senegal,7390967360.42121,Africa,0.371,1.0,Hindu,0,0.0
4109,1995,Senegal,6326342633.4034,Africa,0.0,1.0,Hindu,0,0.0
4110,2000,Senegal,6013185003.97525,Africa,0.388,1.0,Hindu,0,0.0
4111,2005,Senegal,11009033437.939,Africa,0.0,0.0,Hindu,0,0.0
4112,2010,Senegal,16121315909.0758,Africa,0.47,0.0,Hindu,0,0.0
4143,1990,Liberia,384400000.0,Africa,0.434,1.0,Hindu,0,0.0
4144,1995,Liberia,134800000.0,Africa,0.0,1.0,Hindu,0,0.0
4145,2000,Liberia,874000000.0,Africa,0.434,1.0,Hindu,0,0.0
4146,2005,Liberia,949000000.0,Africa,0.0,0.0,Hindu,0,0.0
4147,2010,Liberia,1998000000.0,Africa,0.46,0.0,Hindu,0,0.0
4183,1990,Chad,1738605557.76313,Africa,0.292,1.0,Hindu,0,0.0
4184,1995,Chad,1445919894.57661,Africa,0.0,0.0,Hindu,0,0.0
4185,2000,Chad,1388506771.58756,Africa,0.292,1.0,Hindu,0,0.0
4186,2005,Chad,8655892392.92919,Africa,0.0,1.0,Hindu,0,0.0
4187,2010,Chad,14058506663.7252,Africa,0.364,1.0,Hindu,0,0.0
4193,1990,Democratic Republic Of The Congo,9349764580.41173,Africa,0.377,0.0,Hindu,64000,0.001893263708560451
4194,1995,Democratic Republic Of The Congo,5643439376.10491,Africa,0.0,0.0,Hindu,70740,0.0016196264844601372
4195,2000,Democratic Republic Of The Congo,19088046305.7971,Africa,0.376,1.0,Hindu,77481,0.0016221902375808054
4196,2005,Democratic Republic Of The Congo,12609728573.1032,Africa,0.0,1.0,Hindu,80500,0.001457252643220962
4197,2010,Democratic Republic Of The Congo,24161641931.0331,Africa,0.424,1.0,Hindu,95000,0.0014818582952259175
4198,1990,Uganda,4304399310.30967,Africa,0.329,1.0,Hindu,132000,0.008496285546254197
4199,1995,Uganda,5755818842.49246,Africa,0.0,1.0,Hindu,157600,0.008838431564237508
4200,2000,Uganda,6193246837.09687,Africa,0.392,1.0,Hindu,162000,0.007852093697773883
4201,2005,Uganda,9239221763.05793,Africa,0.0,1.0,Hindu,170000,0.0069241127828815726
4202,2010,Uganda,26673441430.7857,Africa,0.5,0.0,Hindu,182000,0.006098173489819166
4213,1990,Burundi,1132101252.51817,Africa,0.285,0.0,Hindu,5000,0.000999581575152641
4214,1995,Burundi,1000428393.88528,Africa,0.0,1.0,Hindu,5312,0.0009677030914943962
4215,2000,Burundi,870486065.883137,Africa,0.298,1.0,Hindu,5624,0.0009591138497472435
4216,2005,Burundi,1117113079.73645,Africa,0.0,1.0,Hindu,6422,0.0009356586777752945
4217,2010,Burundi,2032135192.01248,Africa,0.404,0.0,Hindu,7220,0.0009181679624237854
4223,1990,Somalia,1031282081.16683,Africa,0.38,1.0,Hindu,2400,0.0002796630107331168
4224,1995,Somalia,1534756134.55022,Africa,0.0,1.0,Hindu,4027,0.0004278878765880835
4225,2000,Somalia,3412797450.20112,Africa,0.38,0.0,Hindu,5654,0.0005621146646310971
4226,2005,Somalia,4683246454.10048,Africa,0.0,1.0,Hindu,4737,0.0005698220235430203
4227,2010,Somalia,2687807003.73935,Africa,0.38,1.0,Hindu,5225,0.0005622360315282597
4233,1990,Ethiopia,12478943895.1691,Africa,0.286,1.0,Hindu,3600,7.858882414528105e-05
4234,1995,Ethiopia,7855205206.93405,Africa,0.0,0.0,Hindu,4130,7.963635686999037e-05
4235,2000,Ethiopia,8242349617.8638,Africa,0.286,1.0,Hindu,4661,7.928945354154314e-05
4236,2005,Ethiopia,12401139453.9738,Africa,0.0,1.0,Hindu,5471,7.88104363398653e-05
4237,2010,Ethiopia,29933790334.3418,Africa,0.409,1.0,Hindu,6130,7.759734615557114e-05
4242,1990,Angola,11229515599.3048,Africa,0.38,1.0,Hindu,0,0.0
4243,1995,Angola,5538749259.94714,Africa,0.0,1.0,Hindu,0,0.0
4244,2000,Angola,9129594970.15301,Africa,0.38,1.0,Hindu,0,0.0
4245,2005,Angola,41396636383.3725,Africa,0.0,0.0,Hindu,0,0.0
4246,2010,Angola,95546919754.7633,Africa,0.516,0.0,Hindu,0,0.0
4317,1990,Algeria,62048507531.3357,Africa,0.593,0.0,Hindu,0,0.0
4318,1995,Algeria,41764291671.7711,Africa,0.0,1.0,Hindu,0,0.0
4319,2000,Algeria,54790398570.3282,Africa,0.652,1.0,Hindu,0,0.0
4320,2005,Algeria,107046618669.707,Africa,0.0,1.0,Hindu,0,0.0
4321,2010,Algeria,177785053939.531,Africa,0.721,1.0,Hindu,0,0.0
4332,1990,Sudan,33641222222.2222,Africa,0.322,1.0,Hindu,500,2.3235082856073114e-05
4333,1995,Sudan,13830363899.9163,Africa,0.0,1.0,Hindu,0,0.0
4334,2000,Sudan,12257299147.2936,Africa,0.42,1.0,Hindu,0,0.0
4335,2005,Sudan,35182711987.974,Africa,0.0,1.0,Hindu,0,0.0
4336,2010,Sudan,58962978034.4828,Africa,0.489,1.0,Hindu,0,0.0
4337,1990,Iran (Islamic Republic Of),124813263926.225,Asia,0.613,1.0,Hindu,8333,0.00015633296335970326
4338,1995,Iran (Islamic Republic Of),96419225743.6737,Asia,0.0,0.0,Hindu,4166,6.293139862737344e-05
4339,2000,Iran (Islamic Republic Of),109591707802.216,Asia,0.692,1.0,Hindu,0,0.0
4340,2005,Iran (Islamic Republic Of),224970371324.67,Asia,0.0,1.0,Hindu,0,0.0
4341,2010,Iran (Islamic Republic Of),487069570463.768,Asia,0.756,1.0,Hindu,0,0.0
4342,1990,Turkey,150655500191.644,Asia,0.598,1.0,Hindu,0,0.0
4343,1995,Turkey,234699627004.035,Asia,0.0,1.0,Hindu,0,0.0
4344,2000,Turkey,274748463178.502,Asia,0.669,1.0,Hindu,0,0.0
4345,2005,Turkey,508314210212.544,Asia,0.0,1.0,Hindu,0,0.0
4346,2010,Turkey,782545664268.333,Asia,0.75,0.0,Hindu,0,0.0
4347,1990,Iraq,180408064516.129,Asia,0.497,1.0,Hindu,0,0.0
4348,1995,Iraq,12894029888.1122,Asia,0.0,1.0,Hindu,0,0.0
4349,2000,Iraq,48364250943.9051,Asia,0.583,0.0,Hindu,0,0.0
4350,2005,Iraq,50065104667.8159,Asia,0.0,1.0,Hindu,0,0.0
4351,2010,Iraq,138516722649.573,Asia,0.629,1.0,Hindu,0,0.0
4372,1990,Israel,62016729540.7093,Asia,0.781,1.0,Hindu,0,0.0
4373,1995,Israel,105497418058.646,Asia,0.0,1.0,Hindu,0,0.0
4374,2000,Israel,136512300542.025,Asia,0.835,1.0,Hindu,0,0.0
4375,2005,Israel,147519922009.047,Asia,0.0,1.0,Hindu,0,0.0
4376,2010,Israel,239679036634.372,Asia,0.887,1.0,Hindu,0,0.0
4414,1990,Afghanistan,0.0,Asia,0.284,1.0,Hindu,75000,0.004876028915241549
4415,1995,Afghanistan,0.0,Asia,0.0,1.0,Hindu,46133,0.002417438802898013
4416,2000,Afghanistan,3521418059.92345,Asia,0.34,1.0,Hindu,47000,0.0021152214213783897
4417,2005,Afghanistan,6203256538.70967,Asia,0.0,1.0,Hindu,8250,0.00032309586779183397
4418,2010,Afghanistan,15856668555.8336,Asia,0.449,1.0,Hindu,8000,0.000297422237747663
4464,1990,India,320979026420.035,Asia,0.434,1.0,Hindu,622022768,0.8031109375072041
4465,1995,India,360281909643.489,Asia,0.0,1.0,Hindu,679818545,0.8010061892677235
4466,2000,India,468395521654.458,Asia,0.49,1.0,Hindu,827578868,0.826186909946496
4467,2005,India,820383763511.445,Asia,0.0,1.0,Hindu,894489961,0.8261872187498873
4468,2010,India,1675615519484.96,Asia,0.572,1.0,Hindu,961401054,0.8261874838595957
4474,1990,Pakistan,40010423970.4576,Asia,0.394,1.0,Hindu,1420000,0.012682478084767183
4475,1995,Pakistan,60636071684.1918,Asia,0.0,1.0,Hindu,1742788,0.013484150536149549
4476,2000,Pakistan,99484802344.5277,Asia,0.434,1.0,Hindu,3442626,0.022077440697435103
4477,2005,Pakistan,145208562960.767,Asia,0.0,1.0,Hindu,3387120,0.022077441688646098
4478,2010,Pakistan,196709621849.586,Asia,0.496,1.0,Hindu,3705824,0.022077437949995494
4484,1990,Myanmar,2115193513.29556,Asia,0.333,1.0,Hindu,660000,0.01819133981974036
4485,1995,Myanmar,5289174942.53404,Asia,0.0,1.0,Hindu,719974,0.01844228244704421
4486,2000,Myanmar,8905066163.58643,Asia,0.407,1.0,Hindu,45611,0.0011405207251902422
4487,2005,Myanmar,11986972418.5103,Asia,0.0,1.0,Hindu,55374,0.0011509952157227434
4488,2010,Myanmar,49540813342.4834,Asia,0.506,1.0,Hindu,58808,0.001151727731626914
4489,1990,Sri Lanka,8032551173.24014,Asia,0.641,1.0,Hindu,2209090,0.132490840271976
4490,1995,Sri Lanka,13029697560.9756,Asia,0.0,1.0,Hindu,2535680,0.14180851264922673
4491,2000,Sri Lanka,16595882818.6857,Asia,0.689,1.0,Hindu,1312980,0.07751198900859711
4492,2005,Sri Lanka,24405791044.7761,Asia,0.0,1.0,Hindu,2950200,0.15177369493631365
4493,2010,Sri Lanka,58636049434.1871,Asia,0.735,0.0,Hindu,2565831,0.12513342022696972
4539,1990,Philippines,50508286641.5746,Asia,0.598,1.0,Hindu,1200,2.0038885791860536e-05
4540,1995,Philippines,84644328727.4825,Asia,0.0,1.0,Hindu,1770,2.6198873785904223e-05
4541,2000,Philippines,83669788376.9213,Asia,0.635,1.0,Hindu,0,0.0
4542,2005,Philippines,107419977318.166,Asia,0.0,1.0,Hindu,0,0.0
4543,2010,Philippines,208368893151.144,Asia,0.673,1.0,Hindu,0,0.0
4544,1990,Indonesia,106140727333.636,Asia,0.526,1.0,Hindu,2692245,0.015389015866249155
4545,1995,Indonesia,202132028723.115,Asia,0.0,0.0,Hindu,3508122,0.01822777989449257
4546,2000,Indonesia,165021012077.81,Asia,0.597,1.0,Hindu,4324000,0.020592976766226376
4547,2005,Indonesia,285868619196.085,Asia,0.0,1.0,Hindu,3961700,0.017906470091227582
4548,2010,Indonesia,755094157621.936,Asia,0.667,0.0,Hindu,3599400,0.015480384403827104
4725,1990,Colombia,47844090709.9908,Southern America,0.614,1.0,Shinto,0,0.0
4726,1995,Colombia,92507279383.0387,Southern America,0.0,1.0,Shinto,0,0.0
4727,2000,Colombia,99875074951.0278,Southern America,0.672,1.0,Shinto,0,0.0
4728,2005,Colombia,145600529605.803,Southern America,0.0,1.0,Shinto,0,0.0
4729,2010,Colombia,286498534094.963,Southern America,0.732,1.0,Shinto,0,0.0
4938,1990,Russian Federation,517014446227.929,Europe,0.741,1.0,Shinto,0,0.0
4939,1995,Russian Federation,395537185734.854,Europe,0.0,1.0,Shinto,0,0.0
4940,2000,Russian Federation,259710142196.943,Europe,0.733,1.0,Shinto,0,0.0
4941,2005,Russian Federation,764015973481.11,Europe,0.0,1.0,Shinto,0,0.0
4942,2010,Russian Federation,1524916715223.95,Europe,0.797,1.0,Shinto,0,0.0
5030,1990,Senegal,7390967360.42121,Africa,0.371,1.0,Shinto,0,0.0
5031,1995,Senegal,6326342633.4034,Africa,0.0,1.0,Shinto,0,0.0
5032,2000,Senegal,6013185003.97525,Africa,0.388,1.0,Shinto,0,0.0
5033,2005,Senegal,11009033437.939,Africa,0.0,0.0,Shinto,0,0.0
5034,2010,Senegal,16121315909.0758,Africa,0.47,0.0,Shinto,0,0.0
5065,1990,Liberia,384400000.0,Africa,0.434,1.0,Shinto,0,0.0
5066,1995,Liberia,134800000.0,Africa,0.0,1.0,Shinto,0,0.0
5067,2000,Liberia,874000000.0,Africa,0.434,1.0,Shinto,0,0.0
5068,2005,Liberia,949000000.0,Africa,0.0,0.0,Shinto,0,0.0
5069,2010,Liberia,1998000000.0,Africa,0.46,0.0,Shinto,0,0.0
5105,1990,Chad,1738605557.76313,Africa,0.292,1.0,Shinto,0,0.0
5106,1995,Chad,1445919894.57661,Africa,0.0,0.0,Shinto,0,0.0
5107,2000,Chad,1388506771.58756,Africa,0.292,1.0,Shinto,0,0.0
5108,2005,Chad,8655892392.92919,Africa,0.0,1.0,Shinto,0,0.0
5109,2010,Chad,14058506663.7252,Africa,0.364,1.0,Shinto,0,0.0
5115,1990,Democratic Republic Of The Congo,9349764580.41173,Africa,0.377,0.0,Shinto,0,0.0
5116,1995,Democratic Republic Of The Congo,5643439376.10491,Africa,0.0,0.0,Shinto,0,0.0
5117,2000,Democratic Republic Of The Congo,19088046305.7971,Africa,0.376,1.0,Shinto,0,0.0
5118,2005,Democratic Republic Of The Congo,12609728573.1032,Africa,0.0,1.0,Shinto,0,0.0
5119,2010,Democratic Republic Of The Congo,24161641931.0331,Africa,0.424,1.0,Shinto,0,0.0
5120,1990,Uganda,4304399310.30967,Africa,0.329,1.0,Shinto,0,0.0
5121,1995,Uganda,5755818842.49246,Africa,0.0,1.0,Shinto,0,0.0
5122,2000,Uganda,6193246837.09687,Africa,0.392,1.0,Shinto,0,0.0
5123,2005,Uganda,9239221763.05793,Africa,0.0,1.0,Shinto,0,0.0
5124,2010,Uganda,26673441430.7857,Africa,0.5,0.0,Shinto,0,0.0
5135,1990,Burundi,1132101252.51817,Africa,0.285,0.0,Shinto,0,0.0
5136,1995,Burundi,1000428393.88528,Africa,0.0,1.0,Shinto,0,0.0
5137,2000,Burundi,870486065.883137,Africa,0.298,1.0,Shinto,0,0.0
5138,2005,Burundi,1117113079.73645,Africa,0.0,1.0,Shinto,0,0.0
5139,2010,Burundi,2032135192.01248,Africa,0.404,0.0,Shinto,0,0.0
5145,1990,Somalia,1031282081.16683,Africa,0.38,1.0,Shinto,0,0.0
5146,1995,Somalia,1534756134.55022,Africa,0.0,1.0,Shinto,0,0.0
5147,2000,Somalia,3412797450.20112,Africa,0.38,0.0,Shinto,0,0.0
5148,2005,Somalia,4683246454.10048,Africa,0.0,1.0,Shinto,0,0.0
5149,2010,Somalia,2687807003.73935,Africa,0.38,1.0,Shinto,0,0.0
5155,1990,Ethiopia,12478943895.1691,Africa,0.286,1.0,Shinto,0,0.0
5156,1995,Ethiopia,7855205206.93405,Africa,0.0,0.0,Shinto,0,0.0
5157,2000,Ethiopia,8242349617.8638,Africa,0.286,1.0,Shinto,0,0.0
5158,2005,Ethiopia,12401139453.9738,Africa,0.0,1.0,Shinto,0,0.0
5159,2010,Ethiopia,29933790334.3418,Africa,0.409,1.0,Shinto,0,0.0
5164,1990,Angola,11229515599.3048,Africa,0.38,1.0,Shinto,0,0.0
5165,1995,Angola,5538749259.94714,Africa,0.0,1.0,Shinto,0,0.0
5166,2000,Angola,9129594970.15301,Africa,0.38,1.0,Shinto,0,0.0
5167,2005,Angola,41396636383.3725,Africa,0.0,0.0,Shinto,0,0.0
5168,2010,Angola,95546919754.7633,Africa,0.516,0.0,Shinto,0,0.0
5239,1990,Algeria,62048507531.3357,Africa,0.593,0.0,Shinto,0,0.0
5240,1995,Algeria,41764291671.7711,Africa,0.0,1.0,Shinto,0,0.0
5241,2000,Algeria,54790398570.3282,Africa,0.652,1.0,Shinto,0,0.0
5242,2005,Algeria,107046618669.707,Africa,0.0,1.0,Shinto,0,0.0
5243,2010,Algeria,177785053939.531,Africa,0.721,1.0,Shinto,0,0.0
5254,1990,Sudan,33641222222.2222,Africa,0.322,1.0,Shinto,0,0.0
5255,1995,Sudan,13830363899.9163,Africa,0.0,1.0,Shinto,0,0.0
5256,2000,Sudan,12257299147.2936,Africa,0.42,1.0,Shinto,0,0.0
5257,2005,Sudan,35182711987.974,Africa,0.0,1.0,Shinto,0,0.0
5258,2010,Sudan,58962978034.4828,Africa,0.489,1.0,Shinto,0,0.0
5259,1990,Iran (Islamic Republic Of),124813263926.225,Asia,0.613,1.0,Shinto,0,0.0
5260,1995,Iran (Islamic Republic Of),96419225743.6737,Asia,0.0,0.0,Shinto,0,0.0
5261,2000,Iran (Islamic Republic Of),109591707802.216,Asia,0.692,1.0,Shinto,0,0.0
5262,2005,Iran (Islamic Republic Of),224970371324.67,Asia,0.0,1.0,Shinto,0,0.0
5263,2010,Iran (Islamic Republic Of),487069570463.768,Asia,0.756,1.0,Shinto,0,0.0
5264,1990,Turkey,150655500191.644,Asia,0.598,1.0,Shinto,0,0.0
5265,1995,Turkey,234699627004.035,Asia,0.0,1.0,Shinto,0,0.0
5266,2000,Turkey,274748463178.502,Asia,0.669,1.0,Shinto,0,0.0
5267,2005,Turkey,508314210212.544,Asia,0.0,1.0,Shinto,0,0.0
5268,2010,Turkey,782545664268.333,Asia,0.75,0.0,Shinto,0,0.0
5269,1990,Iraq,180408064516.129,Asia,0.497,1.0,Shinto,0,0.0
5270,1995,Iraq,12894029888.1122,Asia,0.0,1.0,Shinto,0,0.0
5271,2000,Iraq,48364250943.9051,Asia,0.583,0.0,Shinto,0,0.0
5272,2005,Iraq,50065104667.8159,Asia,0.0,1.0,Shinto,0,0.0
5273,2010,Iraq,138516722649.573,Asia,0.629,1.0,Shinto,0,0.0
5294,1990,Israel,62016729540.7093,Asia,0.781,1.0,Shinto,0,0.0
5295,1995,Israel,105497418058.646,Asia,0.0,1.0,Shinto,0,0.0
5296,2000,Israel,136512300542.025,Asia,0.835,1.0,Shinto,0,0.0
5297,2005,Israel,147519922009.047,Asia,0.0,1.0,Shinto,0,0.0
5298,2010,Israel,239679036634.372,Asia,0.887,1.0,Shinto,0,0.0
5336,1990,Afghanistan,0.0,Asia,0.284,1.0,Shinto,0,0.0
5337,1995,Afghanistan,0.0,Asia,0.0,1.0,Shinto,0,0.0
5338,2000,Afghanistan,3521418059.92345,Asia,0.34,1.0,Shinto,0,0.0
5339,2005,Afghanistan,6203256538.70967,Asia,0.0,1.0,Shinto,0,0.0
5340,2010,Afghanistan,15856668555.8336,Asia,0.449,1.0,Shinto,0,0.0
5386,1990,India,320979026420.035,Asia,0.434,1.0,Shinto,0,0.0
5387,1995,India,360281909643.489,Asia,0.0,1.0,Shinto,0,0.0
5388,2000,India,468395521654.458,Asia,0.49,1.0,Shinto,0,0.0
5389,2005,India,820383763511.445,Asia,0.0,1.0,Shinto,0,0.0
5390,2010,India,1675615519484.96,Asia,0.572,1.0,Shinto,0,0.0
5396,1990,Pakistan,40010423970.4576,Asia,0.394,1.0,Shinto,0,0.0
5397,1995,Pakistan,60636071684.1918,Asia,0.0,1.0,Shinto,0,0.0
5398,2000,Pakistan,99484802344.5277,Asia,0.434,1.0,Shinto,0,0.0
5399,2005,Pakistan,145208562960.767,Asia,0.0,1.0,Shinto,0,0.0
5400,2010,Pakistan,196709621849.586,Asia,0.496,1.0,Shinto,0,0.0
5406,1990,Myanmar,2115193513.29556,Asia,0.333,1.0,Shinto,0,0.0
5407,1995,Myanmar,5289174942.53404,Asia,0.0,1.0,Shinto,0,0.0
5408,2000,Myanmar,8905066163.58643,Asia,0.407,1.0,Shinto,0,0.0
5409,2005,Myanmar,11986972418.5103,Asia,0.0,1.0,Shinto,0,0.0
5410,2010,Myanmar,49540813342.4834,Asia,0.506,1.0,Shinto,0,0.0
5411,1990,Sri Lanka,8032551173.24014,Asia,0.641,1.0,Shinto,120,7.19703626046794e-06
5412,1995,Sri Lanka,13029697560.9756,Asia,0.0,1.0,Shinto,135,7.549907404580076e-06
5413,2000,Sri Lanka,16595882818.6857,Asia,0.689,1.0,Shinto,0,0.0
5414,2005,Sri Lanka,24405791044.7761,Asia,0.0,1.0,Shinto,155,7.974009462113964e-06
5415,2010,Sri Lanka,58636049434.1871,Asia,0.735,0.0,Shinto,0,0.0
5461,1990,Philippines,50508286641.5746,Asia,0.598,1.0,Shinto,0,0.0
5462,1995,Philippines,84644328727.4825,Asia,0.0,1.0,Shinto,0,0.0
5463,2000,Philippines,83669788376.9213,Asia,0.635,1.0,Shinto,0,0.0
5464,2005,Philippines,107419977318.166,Asia,0.0,1.0,Shinto,0,0.0
5465,2010,Philippines,208368893151.144,Asia,0.673,1.0,Shinto,0,0.0
5466,1990,Indonesia,106140727333.636,Asia,0.526,1.0,Shinto,0,0.0
5467,1995,Indonesia,202132028723.115,Asia,0.0,0.0,Shinto,0,0.0
5468,2000,Indonesia,165021012077.81,Asia,0.597,1.0,Shinto,0,0.0
5469,2005,Indonesia,285868619196.085,Asia,0.0,1.0,Shinto,0,0.0
5470,2010,Indonesia,755094157621.936,Asia,0.667,0.0,Shinto,0,0.0
5647,1990,Colombia,47844090709.9908,Southern America,0.614,1.0,Confus_Tao,0,0.0
5648,1995,Colombia,92507279383.0387,Southern America,0.0,1.0,Confus_Tao,0,0.0
5649,2000,Colombia,99875074951.0278,Southern America,0.672,1.0,Confus_Tao,0,0.0
5650,2005,Colombia,145600529605.803,Southern America,0.0,1.0,Confus_Tao,0,0.0
5651,2010,Colombia,286498534094.963,Southern America,0.732,1.0,Confus_Tao,0,0.0
5860,1990,Russian Federation,517014446227.929,Europe,0.741,1.0,Confus_Tao,0,0.0
5861,1995,Russian Federation,395537185734.854,Europe,0.0,1.0,Confus_Tao,0,0.0
5862,2000,Russian Federation,259710142196.943,Europe,0.733,1.0,Confus_Tao,0,0.0
5863,2005,Russian Federation,764015973481.11,Europe,0.0,1.0,Confus_Tao,0,0.0
5864,2010,Russian Federation,1524916715223.95,Europe,0.797,1.0,Confus_Tao,0,0.0
5952,1990,Senegal,7390967360.42121,Africa,0.371,1.0,Confus_Tao,0,0.0
5953,1995,Senegal,6326342633.4034,Africa,0.0,1.0,Confus_Tao,0,0.0
5954,2000,Senegal,6013185003.97525,Africa,0.388,1.0,Confus_Tao,0,0.0
5955,2005,Senegal,11009033437.939,Africa,0.0,0.0,Confus_Tao,0,0.0
5956,2010,Senegal,16121315909.0758,Africa,0.47,0.0,Confus_Tao,0,0.0
5987,1990,Liberia,384400000.0,Africa,0.434,1.0,Confus_Tao,0,0.0
5988,1995,Liberia,134800000.0,Africa,0.0,1.0,Confus_Tao,0,0.0
5989,2000,Liberia,874000000.0,Africa,0.434,1.0,Confus_Tao,0,0.0
5990,2005,Liberia,949000000.0,Africa,0.0,0.0,Confus_Tao,0,0.0
5991,2010,Liberia,1998000000.0,Africa,0.46,0.0,Confus_Tao,0,0.0
6027,1990,Chad,1738605557.76313,Africa,0.292,1.0,Confus_Tao,0,0.0
6028,1995,Chad,1445919894.57661,Africa,0.0,0.0,Confus_Tao,0,0.0
6029,2000,Chad,1388506771.58756,Africa,0.292,1.0,Confus_Tao,0,0.0
6030,2005,Chad,8655892392.92919,Africa,0.0,1.0,Confus_Tao,0,0.0
6031,2010,Chad,14058506663.7252,Africa,0.364,1.0,Confus_Tao,0,0.0
6037,1990,Democratic Republic Of The Congo,9349764580.41173,Africa,0.377,0.0,Confus_Tao,0,0.0
6038,1995,Democratic Republic Of The Congo,5643439376.10491,Africa,0.0,0.0,Confus_Tao,0,0.0
6039,2000,Democratic Republic Of The Congo,19088046305.7971,Africa,0.376,1.0,Confus_Tao,0,0.0
6040,2005,Democratic Republic Of The Congo,12609728573.1032,Africa,0.0,1.0,Confus_Tao,0,0.0
6041,2010,Democratic Republic Of The Congo,24161641931.0331,Africa,0.424,1.0,Confus_Tao,0,0.0
6042,1990,Uganda,4304399310.30967,Africa,0.329,1.0,Confus_Tao,1650,0.00010620356932817746
6043,1995,Uganda,5755818842.49246,Africa,0.0,1.0,Confus_Tao,1800,0.00010094655339865174
6044,2000,Uganda,6193246837.09687,Africa,0.392,1.0,Confus_Tao,2004,9.713330722431396e-05
6045,2005,Uganda,9239221763.05793,Africa,0.0,1.0,Confus_Tao,2461,0.00010023671505100912
6046,2010,Uganda,26673441430.7857,Africa,0.5,0.0,Confus_Tao,2863,9.592895989753996e-05
6057,1990,Burundi,1132101252.51817,Africa,0.285,0.0,Confus_Tao,0,0.0
6058,1995,Burundi,1000428393.88528,Africa,0.0,1.0,Confus_Tao,0,0.0
6059,2000,Burundi,870486065.883137,Africa,0.298,1.0,Confus_Tao,0,0.0
6060,2005,Burundi,1117113079.73645,Africa,0.0,1.0,Confus_Tao,0,0.0
6061,2010,Burundi,2032135192.01248,Africa,0.404,0.0,Confus_Tao,0,0.0
6067,1990,Somalia,1031282081.16683,Africa,0.38,1.0,Confus_Tao,0,0.0
6068,1995,Somalia,1534756134.55022,Africa,0.0,1.0,Confus_Tao,0,0.0
6069,2000,Somalia,3412797450.20112,Africa,0.38,0.0,Confus_Tao,0,0.0
6070,2005,Somalia,4683246454.10048,Africa,0.0,1.0,Confus_Tao,0,0.0
6071,2010,Somalia,2687807003.73935,Africa,0.38,1.0,Confus_Tao,0,0.0
6077,1990,Ethiopia,12478943895.1691,Africa,0.286,1.0,Confus_Tao,0,0.0
6078,1995,Ethiopia,7855205206.93405,Africa,0.0,0.0,Confus_Tao,0,0.0
6079,2000,Ethiopia,8242349617.8638,Africa,0.286,1.0,Confus_Tao,0,0.0
6080,2005,Ethiopia,12401139453.9738,Africa,0.0,1.0,Confus_Tao,0,0.0
6081,2010,Ethiopia,29933790334.3418,Africa,0.409,1.0,Confus_Tao,0,0.0
6086,1990,Angola,11229515599.3048,Africa,0.38,1.0,Confus_Tao,0,0.0
6087,1995,Angola,5538749259.94714,Africa,0.0,1.0,Confus_Tao,0,0.0
6088,2000,Angola,9129594970.15301,Africa,0.38,1.0,Confus_Tao,0,0.0
6089,2005,Angola,41396636383.3725,Africa,0.0,0.0,Confus_Tao,0,0.0
6090,2010,Angola,95546919754.7633,Africa,0.516,0.0,Confus_Tao,0,0.0
6161,1990,Algeria,62048507531.3357,Africa,0.593,0.0,Confus_Tao,0,0.0
6162,1995,Algeria,41764291671.7711,Africa,0.0,1.0,Confus_Tao,0,0.0
6163,2000,Algeria,54790398570.3282,Africa,0.652,1.0,Confus_Tao,0,0.0
6164,2005,Algeria,107046618669.707,Africa,0.0,1.0,Confus_Tao,0,0.0
6165,2010,Algeria,177785053939.531,Africa,0.721,1.0,Confus_Tao,0,0.0
6176,1990,Sudan,33641222222.2222,Africa,0.322,1.0,Confus_Tao,0,0.0
6177,1995,Sudan,13830363899.9163,Africa,0.0,1.0,Confus_Tao,0,0.0
6178,2000,Sudan,12257299147.2936,Africa,0.42,1.0,Confus_Tao,0,0.0
6179,2005,Sudan,35182711987.974,Africa,0.0,1.0,Confus_Tao,0,0.0
6180,2010,Sudan,58962978034.4828,Africa,0.489,1.0,Confus_Tao,0,0.0
6181,1990,Iran (Islamic Republic Of),124813263926.225,Asia,0.613,1.0,Confus_Tao,0,0.0
6182,1995,Iran (Islamic Republic Of),96419225743.6737,Asia,0.0,0.0,Confus_Tao,0,0.0
6183,2000,Iran (Islamic Republic Of),109591707802.216,Asia,0.692,1.0,Confus_Tao,0,0.0
6184,2005,Iran (Islamic Republic Of),224970371324.67,Asia,0.0,1.0,Confus_Tao,0,0.0
6185,2010,Iran (Islamic Republic Of),487069570463.768,Asia,0.756,1.0,Confus_Tao,0,0.0
6186,1990,Turkey,150655500191.644,Asia,0.598,1.0,Confus_Tao,0,0.0
6187,1995,Turkey,234699627004.035,Asia,0.0,1.0,Confus_Tao,0,0.0
6188,2000,Turkey,274748463178.502,Asia,0.669,1.0,Confus_Tao,0,0.0
6189,2005,Turkey,508314210212.544,Asia,0.0,1.0,Confus_Tao,0,0.0
6190,2010,Turkey,782545664268.333,Asia,0.75,0.0,Confus_Tao,0,0.0
6191,1990,Iraq,180408064516.129,Asia,0.497,1.0,Confus_Tao,0,0.0
6192,1995,Iraq,12894029888.1122,Asia,0.0,1.0,Confus_Tao,0,0.0
6193,2000,Iraq,48364250943.9051,Asia,0.583,0.0,Confus_Tao,0,0.0
6194,2005,Iraq,50065104667.8159,Asia,0.0,1.0,Confus_Tao,0,0.0
6195,2010,Iraq,138516722649.573,Asia,0.629,1.0,Confus_Tao,0,0.0
6216,1990,Israel,62016729540.7093,Asia,0.781,1.0,Confus_Tao,0,0.0
6217,1995,Israel,105497418058.646,Asia,0.0,1.0,Confus_Tao,0,0.0
6218,2000,Israel,136512300542.025,Asia,0.835,1.0,Confus_Tao,0,0.0
6219,2005,Israel,147519922009.047,Asia,0.0,1.0,Confus_Tao,0,0.0
6220,2010,Israel,239679036634.372,Asia,0.887,1.0,Confus_Tao,0,0.0
6258,1990,Afghanistan,0.0,Asia,0.284,1.0,Confus_Tao,0,0.0
6259,1995,Afghanistan,0.0,Asia,0.0,1.0,Confus_Tao,0,0.0
6260,2000,Afghanistan,3521418059.92345,Asia,0.34,1.0,Confus_Tao,0,0.0
6261,2005,Afghanistan,6203256538.70967,Asia,0.0,1.0,Confus_Tao,0,0.0
6262,2010,Afghanistan,15856668555.8336,Asia,0.449,1.0,Confus_Tao,0,0.0
6308,1990,India,320979026420.035,Asia,0.434,1.0,Confus_Tao,3800000,0.00490628594245826
6309,1995,India,360281909643.489,Asia,0.0,1.0,Confus_Tao,4003348,0.004717003602472425
6310,2000,India,468395521654.458,Asia,0.49,1.0,Confus_Tao,4225000,0.004217893701128126
6311,2005,India,820383763511.445,Asia,0.0,1.0,Confus_Tao,4566598,0.004217895186381861
6312,2010,India,1675615519484.96,Asia,0.572,1.0,Confus_Tao,4908196,0.0042178964612719595
6318,1990,Pakistan,40010423970.4576,Asia,0.394,1.0,Confus_Tao,0,0.0
6319,1995,Pakistan,60636071684.1918,Asia,0.0,1.0,Confus_Tao,0,0.0
6320,2000,Pakistan,99484802344.5277,Asia,0.434,1.0,Confus_Tao,0,0.0
6321,2005,Pakistan,145208562960.767,Asia,0.0,1.0,Confus_Tao,0,0.0
6322,2010,Pakistan,196709621849.586,Asia,0.496,1.0,Confus_Tao,0,0.0
6328,1990,Myanmar,2115193513.29556,Asia,0.333,1.0,Confus_Tao,2700,7.441911744439238e-05
6329,1995,Myanmar,5289174942.53404,Asia,0.0,1.0,Confus_Tao,2491,6.380747856948602e-05
6330,2000,Myanmar,8905066163.58643,Asia,0.407,1.0,Confus_Tao,2281,5.703728868384694e-05
6331,2005,Myanmar,11986972418.5103,Asia,0.0,1.0,Confus_Tao,2891,6.009186926453663e-05
6332,2010,Myanmar,49540813342.4834,Asia,0.506,1.0,Confus_Tao,3070,6.0124543193011596e-05
6333,1990,Sri Lanka,8032551173.24014,Asia,0.641,1.0,Confus_Tao,0,0.0
6334,1995,Sri Lanka,13029697560.9756,Asia,0.0,1.0,Confus_Tao,0,0.0
6335,2000,Sri Lanka,16595882818.6857,Asia,0.689,1.0,Confus_Tao,0,0.0
6336,2005,Sri Lanka,24405791044.7761,Asia,0.0,1.0,Confus_Tao,0,0.0
6337,2010,Sri Lanka,58636049434.1871,Asia,0.735,0.0,Confus_Tao,0,0.0
6383,1990,Philippines,50508286641.5746,Asia,0.598,1.0,Confus_Tao,0,0.0
6384,1995,Philippines,84644328727.4825,Asia,0.0,1.0,Confus_Tao,0,0.0
6385,2000,Philippines,83669788376.9213,Asia,0.635,1.0,Confus_Tao,0,0.0
6386,2005,Philippines,107419977318.166,Asia,0.0,1.0,Confus_Tao,0,0.0
6387,2010,Philippines,208368893151.144,Asia,0.673,1.0,Confus_Tao,0,0.0
6388,1990,Indonesia,106140727333.636,Asia,0.526,1.0,Confus_Tao,0,0.0
6389,1995,Indonesia,202132028723.115,Asia,0.0,0.0,Confus_Tao,0,0.0
6390,2000,Indonesia,165021012077.81,Asia,0.597,1.0,Confus_Tao,0,0.0
6391,2005,Indonesia,285868619196.085,Asia,0.0,1.0,Confus_Tao,0,0.0
6392,2010,Indonesia,755094157621.936,Asia,0.667,0.0,Confus_Tao,0,0.0
