ID;Year;Latitude;Longitude;Radius;Conflict site;Conflict territory;Version
1;1946;-16,5;-68,15;50;145;Bolivia;avr-06
1;1952;-16,5;-68,15;50;145;Bolivia;avr-06
1;1967;-21;-66;250;145;Bolivia;avr-06
2;1946;12,5;105;350;220,811;French colony of Cambodia;avr-06
2;1947;12,5;105;350;220,811;French colony of Cambodia;avr-06
2;1948;12,5;105;350;220,811;French colony of Cambodia;avr-06
2;1949;12,5;105;350;220,811;French colony of Cambodia;avr-06
2;1950;12,5;105;350;220,811;French colony of Cambodia;avr-06
2;1951;12,5;105;350;220,811;French colony of Cambodia;avr-06
2;1952;12,5;105;350;220,811;French colony of Cambodia;avr-06
2;1953;12,5;105;350;220,811;French colony of Cambodia;avr-06
3;1946;35;110;2000;710;China;avr-06
3;1947;35;110;2000;710;China;avr-06
3;1948;35;110;2000;710;China;avr-06
3;1949;35;110;2000;710;China;avr-06
4;1946;39,5;22,5;200;350;Greece;avr-06
4;1947;39,5;22,5;200;350;Greece;avr-06
4;1948;39,5;22,5;200;350;Greece;avr-06
4;1949;39,5;22,5;200;350;Greece;avr-06
5;1946;0;110;1800;210,85;Dutch colony of Indonesia;avr-06
5;1947;0;110;1800;210,85;Dutch colony of Indonesia;avr-06
5;1948;0;110;1800;210,85;Dutch colony of Indonesia;avr-06
5;1949;0;110;1800;210,85;Dutch colony of Indonesia;avr-06
6;1946;37;46;300;630;Iran;avr-06
6;1966;37;46;300;630;Iran;avr-06
6;1967;37;46;300;630;Iran;avr-06
6;1968;37;46;300;630;Iran;avr-06
6;1979;37;46;300;630;Iran;avr-06
6;1980;37;46;300;630;Iran;avr-06
6;1981;37;46;300;630;Iran;avr-06
6;1982;37;46;300;630;Iran;avr-06
6;1983;37;46;300;630;Iran;avr-06
6;1984;37;46;300;630;Iran;avr-06
6;1985;37;46;300;630;Iran;avr-06
6;1986;37;46;300;630;Iran;avr-06
6;1987;37;46;300;630;Iran;avr-06
6;1988;37;46;300;630;Iran;avr-06
6;1990;37;46;300;630;Iran;avr-06
6;1993;37;46;300;630;Iran;avr-06
6;1996;37;46;300;630;Iran;avr-06
7;1946;39;47;200;630;Iran;avr-06
8;1946;32;35;150;200,666;Pre Israel;avr-06
9;1946;18;104;600;220,812;French colony of Laos;avr-06
9;1947;18;104;600;220,812;French colony of Laos;avr-06
9;1948;18;104;600;220,812;French colony of Laos;avr-06
9;1949;18;104;600;220,812;French colony of Laos;avr-06
9;1950;18;104;600;220,812;French colony of Laos;avr-06
9;1951;18;104;600;220,812;French colony of Laos;avr-06
9;1952;18;104;600;220,812;French colony of Laos;avr-06
9;1953;18;104;600;220,812;French colony of Laos;avr-06
10;1946;17;122;300;840;Philippines;avr-06
10;1947;17;122;300;840;Philippines;avr-06
10;1948;17;122;300;840;Philippines;avr-06
10;1949;17;122;300;840;Philippines;avr-06
10;1950;17;122;300;840;Philippines;avr-06
10;1951;17;122;300;840;Philippines;avr-06
10;1952;17;122;300;840;Philippines;avr-06
10;1953;17;122;300;840;Philippines;avr-06
10;1954;17;122;300;840;Philippines;avr-06
10;1972;13;123;800;840;Philippines;avr-06
10;1973;13;123;800;840;Philippines;avr-06
10;1974;13;123;800;840;Philippines;avr-06
10;1975;13;123;800;840;Philippines;avr-06
10;1976;13;123;800;840;Philippines;avr-06
10;1977;13;123;800;840;Philippines;avr-06
10;1978;13;123;800;840;Philippines;avr-06
10;1979;13;123;800;840;Philippines;avr-06
10;1980;13;123;800;840;Philippines;avr-06
10;1981;13;123;800;840;Philippines;avr-06
10;1982;13;123;800;840;Philippines;avr-06
10;1983;13;123;800;840;Philippines;avr-06
10;1984;13;123;800;840;Philippines;avr-06
10;1985;13;123;800;840;Philippines;avr-06
10;1986;13;123;800;840;Philippines;avr-06
10;1987;13;123;800;840;Philippines;avr-06
10;1988;13;123;800;840;Philippines;avr-06
10;1989;13;123;800;840;Philippines;avr-06
10;1990;13;123;800;840;Philippines;avr-06
10;1991;13;123;800;840;Philippines;avr-06
10;1992;13;123;800;840;Philippines;avr-06
10;1993;13;123;800;840;Philippines;avr-06
10;1994;13;123;800;840;Philippines;avr-06
10;1995;13;123;800;840;Philippines;avr-06
10;1997;13;123;800;840;Philippines;avr-06
10;1999;13;123;800;840;Philippines;avr-06
10;2000;13;123;800;840;Philippines;avr-06
10;2001;13;123;800;840;Philippines;avr-06
10;2002;13;123;800;840;Philippines;avr-06
10;2003;13;123;800;840;Philippines;avr-06
10;2005;12,4;122,5;400;840;Philippines;avr-06
10;2004;13;123;800;840;Philippines;avr-06
10;1969;13;123;800;840;Philippines;avr-06
10;1970;13;123;800;840;Philippines;avr-06
10;1971;13;123;800;840;Philippines;avr-06
11;1946;59;26;200;365;Soviet Union;avr-06
11;1947;59;26;200;365;Soviet Union;avr-06
11;1948;59;26;200;365;Soviet Union;avr-06
12;1946;57;25;250;365;Soviet Union;avr-06
12;1947;57;25;250;365;Soviet Union;avr-06
13;1946;55;24;200;365;Soviet Union;avr-06
13;1947;55;24;200;365;Soviet Union;avr-06
13;1948;55;24;150;365;Soviet Union;avr-06
14;1946;49;25;200;365;Soviet Union;avr-06
14;1947;49;25;200;365;Soviet Union;avr-06
14;1948;49;25;200;365;Soviet Union;avr-06
14;1949;49;25;200;365;Soviet Union;avr-06
14;1950;49;25;200;365;Soviet Union;avr-06
15;1946;16;105;400;220,8;French colony of Siam;avr-06
16;1946;39,75;19,75;50;339;Albania;avr-06
17;1946;17;107;800;220,816;French colony of Vietnam;avr-06
17;1947;17;107;800;220,816;French colony of Vietnam;avr-06
17;1948;17;107;800;220,816;French colony of Vietnam;avr-06
17;1949;17;107;800;220,816;French colony of Vietnam;avr-06
17;1950;17;107;800;220,816;French colony of Vietnam;avr-06
17;1951;17;107;800;220,816;French colony of Vietnam;avr-06
17;1952;17;107;800;220,816;French colony of Vietnam;avr-06
17;1953;17;107;800;220,816;French colony of Vietnam;avr-06
17;1954;17;107;800;220,816;French colony of Vietnam;avr-06
18;1947;23,5;121;200;710;China;avr-06
19;1947;17,5;78,5;300;750;Hyderabad;avr-06
19;1948;17,5;78,5;300;750;Hyderabad;avr-06
20;1948;34;76;250;750,77;India,Pakistan;avr-06
20;1964;34;76;250;750,77;India,Pakistan;avr-06
20;1965;34;76;250;750,77;India,Pakistan;avr-06
20;1971;27;82;1200;750,770,771;India,Pakistan,Bangladesh;avr-06
20;1984;34;76;250;750,77;India,Pakistan;avr-06
20;1987;34;76;250;750,77;India,Pakistan;avr-06
20;1989;34;76;250;750,77;India,Pakistan;avr-06
20;1990;34;76;250;750,77;India,Pakistan;avr-06
20;1991;34;76;250;750,77;India,Pakistan;avr-06
20;1992;34;76;250;750,77;India,Pakistan;avr-06
20;1996;34;76;250;750,77;India,Pakistan;avr-06
20;1997;34;76;250;750,77;India,Pakistan;avr-06
20;1998;34;76;250;750,77;India,Pakistan;avr-06
20;1999;34;76;250;750,77;India,Pakistan;avr-06
20;2000;34;76;250;750,77;India,Pakistan;avr-06
20;2001;34;76;250;750,77;India,Pakistan;avr-06
20;2002;34;76;250;750,77;India,Pakistan;avr-06
20;2003;34;76;250;750,77;India,Pakistan;avr-06
21;1947;-18,5;49;700;220,58;French colony of Madagascar;avr-06
22;1947;-25,27;-57,67;50;150;Paraguay;avr-06
22;1954;-24;-57;150;150;Paraguay;avr-06
22;1989;-25,27;-57,67;50;150;Paraguay;avr-06
23;1948;17;97,5;200;775;Burma;avr-06
23;1949;17;97,5;200;775;Burma;avr-06
23;1950;17;97,5;200;775;Burma;avr-06
23;1951;17;97,5;200;775;Burma;avr-06
23;1952;17;97,5;200;775;Burma;avr-06
23;1953;17;97,5;200;775;Burma;avr-06
23;1954;17;97,5;200;775;Burma;avr-06
23;1955;17;97,5;200;775;Burma;avr-06
23;1956;17;97,5;200;775;Burma;avr-06
23;1957;17;97,5;200;775;Burma;avr-06
23;1958;17;97,5;200;775;Burma;avr-06
23;1959;17;97,5;200;775;Burma;avr-06
23;1960;17;97,5;200;775;Burma;avr-06
23;1961;17;97,5;200;775;Burma;avr-06
23;1962;17;97,5;200;775;Burma;avr-06
23;1963;17;97,5;200;775;Burma;avr-06
23;1964;17;97,5;200;775;Burma;avr-06
23;1965;17;97,5;200;775;Burma;avr-06
23;1966;17;97,5;200;775;Burma;avr-06
23;1967;17;97,5;200;775;Burma;avr-06
23;1968;17;97,5;200;775;Burma;avr-06
23;1969;17;97,5;200;775;Burma;avr-06
23;1970;17;97,5;200;775;Burma;avr-06
23;1971;17;97,5;200;775;Burma;avr-06
23;1972;17;97,5;200;775;Burma;avr-06
23;1973;17;97,5;200;775;Burma;avr-06
23;1974;17;97,5;200;775;Burma;avr-06
23;1975;17;97,5;200;775;Burma;avr-06
23;1976;17;97,5;200;775;Burma;avr-06
23;1977;17;97,5;200;775;Burma;avr-06
23;1978;17;97,5;200;775;Burma;avr-06
23;1979;17;97,5;200;775;Burma;avr-06
23;1980;17;97,5;200;775;Burma;avr-06
23;1981;17;97,5;200;775;Burma;avr-06
23;1982;17;97,5;200;775;Burma;avr-06
23;1983;17;97,5;200;775;Burma;avr-06
23;1984;17;97,5;200;775;Burma;avr-06
23;1985;17;97,5;200;775;Burma;avr-06
23;1986;17;97,5;200;775;Burma;avr-06
23;1987;17;97,5;200;775;Burma;avr-06
23;1988;17;97,5;200;775;Burma;avr-06
23;1989;17;97,5;200;775;Burma;avr-06
23;1990;17;97,5;200;775;Burma;avr-06
23;1991;17;97,5;200;775;Burma;avr-06
23;1992;17;97,5;200;775;Burma;avr-06
23;1995;17;97,5;200;775;Burma;avr-06
23;1997;17;97,5;200;775;Burma;avr-06
23;1998;17;97,5;200;775;Burma;avr-06
23;1999;17;97,5;200;775;Burma;avr-06
23;2000;17;97,5;200;775;Burma;avr-06
23;2001;17;97,5;200;775;Burma;avr-06
23;2002;17;97,5;200;775;Burma;avr-06
23;2003;17;97,5;200;775;Burma;avr-06
23;2005;17,5;98;100;775;Burma;avr-06
24;1948;20;95;500;775;Burma;avr-06
24;1949;20;95;500;775;Burma;avr-06
24;1950;20;95;500;775;Burma;avr-06
24;1951;20;95;500;775;Burma;avr-06
24;1952;20;95;500;775;Burma;avr-06
24;1953;20;95;500;775;Burma;avr-06
24;1954;20;95;500;775;Burma;avr-06
24;1955;20;95;500;775;Burma;avr-06
24;1956;20;95;500;775;Burma;avr-06
24;1957;20;95;500;775;Burma;avr-06
24;1958;20;95;500;775;Burma;avr-06
24;1959;20;95;500;775;Burma;avr-06
24;1960;20;95;500;775;Burma;avr-06
24;1961;20;95;500;775;Burma;avr-06
24;1962;20;95;500;775;Burma;avr-06
24;1963;20;95;500;775;Burma;avr-06
24;1964;20;95;500;775;Burma;avr-06
24;1965;20;95;500;775;Burma;avr-06
24;1966;20;95;500;775;Burma;avr-06
24;1967;20;95;500;775;Burma;avr-06
24;1968;20;95;500;775;Burma;avr-06
24;1969;20;95;500;775;Burma;avr-06
24;1970;20;95;500;775;Burma;avr-06
24;1971;20;95;500;775;Burma;avr-06
24;1972;20;95;500;775;Burma;avr-06
24;1973;20;95;500;775;Burma;avr-06
24;1974;20;95;500;775;Burma;avr-06
24;1975;20;95;500;775;Burma;avr-06
24;1976;20;95;500;775;Burma;avr-06
24;1977;20;95;500;775;Burma;avr-06
24;1978;20;95;500;775;Burma;avr-06
24;1979;20;95;500;775;Burma;avr-06
24;1980;20;95;500;775;Burma;avr-06
24;1981;20;95;500;775;Burma;avr-06
24;1982;20;95;500;775;Burma;avr-06
24;1983;20;95;500;775;Burma;avr-06
24;1984;20;95;500;775;Burma;avr-06
24;1985;20;95;500;775;Burma;avr-06
24;1986;20;95;500;775;Burma;avr-06
24;1987;20;95;500;775;Burma;avr-06
24;1988;20;95;500;775;Burma;avr-06
24;1990;20;95;500;775;Burma;avr-06
24;1991;20;95;500;775;Burma;avr-06
24;1992;20;95;500;775;Burma;avr-06
24;1994;20;95;500;775;Burma;avr-06
25;1948;19;94;250;775;Burma;avr-06
25;1949;19;94;250;775;Burma;avr-06
25;1950;19;94;250;775;Burma;avr-06
25;1951;19;94;250;775;Burma;avr-06
25;1952;19;94;250;775;Burma;avr-06
25;1953;19;94;250;775;Burma;avr-06
25;1954;19;94;250;775;Burma;avr-06
25;1955;19;94;250;775;Burma;avr-06
25;1956;19;94;250;775;Burma;avr-06
25;1957;19;94;250;775;Burma;avr-06
25;1958;19;94;250;775;Burma;avr-06
25;1959;19;94;250;775;Burma;avr-06
25;1960;19;94;250;775;Burma;avr-06
25;1961;19;94;250;775;Burma;avr-06
25;1962;19;94;250;775;Burma;avr-06
25;1963;19;94;250;775;Burma;avr-06
25;1964;19;94;250;775;Burma;avr-06
25;1965;19;94;250;775;Burma;avr-06
25;1966;19;94;250;775;Burma;avr-06
25;1967;19;94;250;775;Burma;avr-06
25;1968;19;94;250;775;Burma;avr-06
25;1969;19;94;250;775;Burma;avr-06
25;1970;19;94;250;775;Burma;avr-06
25;1971;19;94;250;775;Burma;avr-06
25;1972;19;94;250;775;Burma;avr-06
25;1973;19;94;250;775;Burma;avr-06
25;1974;19;94;250;775;Burma;avr-06
25;1975;19;94;250;775;Burma;avr-06
25;1976;19;94;250;775;Burma;avr-06
25;1977;19;94;250;775;Burma;avr-06
25;1978;19;94;250;775;Burma;avr-06
25;1979;19;94;250;775;Burma;avr-06
25;1980;19;94;250;775;Burma;avr-06
25;1981;19;94;250;775;Burma;avr-06
25;1982;19;94;250;775;Burma;avr-06
25;1983;19;94;250;775;Burma;avr-06
25;1984;19;94;250;775;Burma;avr-06
25;1985;19;94;250;775;Burma;avr-06
25;1986;19;94;250;775;Burma;avr-06
25;1987;19;94;250;775;Burma;avr-06
25;1988;19;94;250;775;Burma;avr-06
25;1991;19;94;250;775;Burma;avr-06
25;1992;19;94;250;775;Burma;avr-06
25;1994;19;94;250;775;Burma;avr-06
26;1948;17,37;97,33;200;775;Burma;avr-06
26;1949;17,37;97,33;200;775;Burma;avr-06
26;1950;17,37;97,33;200;775;Burma;avr-06
26;1951;17,37;97,33;200;775;Burma;avr-06
26;1952;17,37;97,33;200;775;Burma;avr-06
26;1953;17,37;97,33;200;775;Burma;avr-06
26;1954;17,37;97,33;200;775;Burma;avr-06
26;1955;17,37;97,33;200;775;Burma;avr-06
26;1956;17,37;97,33;200;775;Burma;avr-06
26;1957;17,37;97,33;200;775;Burma;avr-06
26;1958;17,37;97,33;200;775;Burma;avr-06
26;1959;17,37;97,33;200;775;Burma;avr-06
26;1960;17,37;97,33;200;775;Burma;avr-06
26;1961;17,37;97,33;200;775;Burma;avr-06
26;1962;17,37;97,33;200;775;Burma;avr-06
26;1963;17,37;97,33;200;775;Burma;avr-06
26;1990;16,5;97;200;775;Burma;avr-06
26;1996;16,5;97;200;775;Burma;avr-06
27;1948;9,94;-84,08;50;94;Costa Rica;avr-06
28;1948;17,5;78,5;300;750;India;avr-06
29;1948;14;78;700;750;India;avr-06
29;1949;14;78;700;750;India;avr-06
29;1950;14;78;700;750;India;avr-06
29;1951;14;78;700;750;India;avr-06
29;1967;20;84;700;750;India;avr-06
29;1968;20;84;700;750;India;avr-06
29;1969;20;84;700;750;India;avr-06
29;1970;20;84;700;750;India;avr-06
29;1971;20;84;700;750;India;avr-06
29;1972;20;84;700;750;India;avr-06
29;1990;17;79;300;750;India;avr-06
29;1991;17;79;300;750;India;avr-06
29;1992;17;79;300;750;India;avr-06
29;1993;17;79;300;750;India;avr-06
29;1994;17;79;300;750;India;avr-06
29;1996;17;79;300;750;India;avr-06
29;1997;17;79;300;750;India;avr-06
29;1998;17;79;300;750;India;avr-06
29;1999;17;79;300;750;India;avr-06
29;2000;17;79;300;750;India;avr-06
29;2001;17;79;300;750;India;avr-06
29;2002;17;79;300;750;India;avr-06
29;2003;17;79;300;750;India;avr-06
29;2005;21,5;82,5;800;750;India;avr-06
29;2004;17;79;300;750;India;avr-06
30;1948;31,5;35;200;666;Israel;avr-06
30;1949;31,5;35;200;666;Israel;avr-06
31;1948;3;102;300;200,82;British colony of Malaysia;avr-06
31;1949;3;102;300;200,82;British colony of Malaysia;avr-06
31;1950;3;102;300;200,82;British colony of Malaysia;avr-06
31;1951;3;102;300;200,82;British colony of Malaysia;avr-06
31;1952;3;102;300;200,82;British colony of Malaysia;avr-06
31;1953;3;102;300;200,82;British colony of Malaysia;avr-06
31;1954;3;102;300;200,82;British colony of Malaysia;avr-06
31;1955;3;102;300;200,82;British colony of Malaysia;avr-06
31;1956;3;102;300;200,82;British colony of Malaysia;avr-06
31;1957;3;102;300;200,82;British colony of Malaysia;avr-06
32;1948;34,5;127,5;200;732;South Korea;avr-06
32;1949;34,5;127,5;200;732;South Korea;avr-06
32;1950;34,5;127,5;200;732;South Korea;avr-06
33;1948;16;44;200;678;Yemen (North);avr-06
33;1962;16;44;200;678;Yemen (North);avr-06
33;1963;16;44;200;678;Yemen (North);avr-06
33;1964;16;44;200;678;Yemen (North);avr-06
33;1965;16;44;200;678;Yemen (North);avr-06
33;1966;16;44;200;678;Yemen (North);avr-06
33;1967;16;44;200;678;Yemen (North);avr-06
33;1968;16;44;200;678;Yemen (North);avr-06
33;1969;16;44;200;678;Yemen (North);avr-06
33;1970;16;44;200;678;Yemen (North);avr-06
33;1980;16;44;200;678;Yemen (North);avr-06
33;1981;16;44;200;678;Yemen (North);avr-06
33;1982;16;44;200;678;Yemen (North);avr-06
34;1949;26;97;200;775;Burma;avr-06
34;1961;26;97;200;775;Burma;avr-06
34;1962;26;97;200;775;Burma;avr-06
34;1963;26;97;200;775;Burma;avr-06
34;1964;26;97;200;775;Burma;avr-06
34;1965;26;97;200;775;Burma;avr-06
34;1966;26;97;200;775;Burma;avr-06
34;1967;26;97;200;775;Burma;avr-06
34;1968;26;97;200;775;Burma;avr-06
34;1969;26;97;200;775;Burma;avr-06
34;1970;26;97;200;775;Burma;avr-06
34;1971;26;97;200;775;Burma;avr-06
34;1972;26;97;200;775;Burma;avr-06
34;1973;26;97;200;775;Burma;avr-06
34;1974;26;97;200;775;Burma;avr-06
34;1975;26;97;200;775;Burma;avr-06
34;1976;26;97;200;775;Burma;avr-06
34;1977;26;97;200;775;Burma;avr-06
34;1978;26;97;200;775;Burma;avr-06
34;1979;26;97;200;775;Burma;avr-06
34;1980;26;97;200;775;Burma;avr-06
34;1981;26;97;200;775;Burma;avr-06
34;1982;26;97;200;775;Burma;avr-06
34;1983;26;97;200;775;Burma;avr-06
34;1984;26;97;200;775;Burma;avr-06
34;1985;26;97;200;775;Burma;avr-06
34;1986;26;97;200;775;Burma;avr-06
34;1987;26;97;200;775;Burma;avr-06
34;1988;26;97;200;775;Burma;avr-06
34;1989;26;97;200;775;Burma;avr-06
34;1990;26;97;200;775;Burma;avr-06
34;1991;26;97;200;775;Burma;avr-06
34;1992;26;97;200;775;Burma;avr-06
35;1949;23,5;121;200;710,713;China,Taiwan;avr-06
35;1950;24,5;118,5;100;710,713;China,Taiwan;avr-06
35;1954;24,42;118,42;50;710,713;China,Taiwan;avr-06
35;1958;24,42;118,42;50;710,713;China,Taiwan;avr-06
36;1949;14,63;-90,52;50;90;Guatemala;avr-06
36;1954;15;-89,5;150;90;Guatemala;avr-06
36;1965;16;-90;300;90;Guatemala;avr-06
36;1966;16;-90;300;90;Guatemala;avr-06
36;1967;16;-90;300;90;Guatemala;avr-06
36;1968;16;-90;300;90;Guatemala;avr-06
36;1969;16;-90;300;90;Guatemala;avr-06
36;1970;16;-90;300;90;Guatemala;avr-06
36;1971;16;-90;300;90;Guatemala;avr-06
36;1972;16;-90;300;90;Guatemala;avr-06
36;1973;16;-90;300;90;Guatemala;avr-06
36;1974;16;-90;300;90;Guatemala;avr-06
36;1975;16;-90;300;90;Guatemala;avr-06
36;1976;16;-90;300;90;Guatemala;avr-06
36;1977;16;-90;300;90;Guatemala;avr-06
36;1978;16;-90;300;90;Guatemala;avr-06
36;1979;16;-90;300;90;Guatemala;avr-06
36;1980;16;-90;300;90;Guatemala;avr-06
36;1981;16;-90;300;90;Guatemala;avr-06
36;1982;16;-90;300;90;Guatemala;avr-06
36;1983;16;-90;300;90;Guatemala;avr-06
36;1984;16;-90;300;90;Guatemala;avr-06
36;1985;16;-90;300;90;Guatemala;avr-06
36;1986;16;-90;300;90;Guatemala;avr-06
36;1987;16;-90;300;90;Guatemala;avr-06
36;1988;16;-90;300;90;Guatemala;avr-06
36;1989;16;-90;300;90;Guatemala;avr-06
36;1990;16;-90;300;90;Guatemala;avr-06
36;1991;16;-90;300;90;Guatemala;avr-06
36;1992;16;-90;300;90;Guatemala;avr-06
36;1993;16;-90;300;90;Guatemala;avr-06
36;1994;16;-90;300;90;Guatemala;avr-06
36;1995;16;-90;300;90;Guatemala;avr-06
37;1949;32;35;150;666;Israel;avr-06
37;1950;32;35;150;666;Israel;avr-06
37;1951;32;35;150;666;Israel;avr-06
37;1952;32;35;150;666;Israel;avr-06
37;1953;32;35;150;666;Israel;avr-06
37;1954;32;35;150;666;Israel;avr-06
37;1955;32;35;150;666;Israel;avr-06
37;1956;32;35;150;666;Israel;avr-06
37;1957;32;35;150;666;Israel;avr-06
37;1958;32;35;150;666;Israel;avr-06
37;1959;32;35;150;666;Israel;avr-06
37;1960;32;35;150;666;Israel;avr-06
37;1961;32;35;150;666;Israel;avr-06
37;1962;32;35;150;666;Israel;avr-06
37;1963;32;35;150;666;Israel;avr-06
37;1964;32;35;150;666;Israel;avr-06
37;1965;32;35;150;666;Israel;avr-06
37;1966;32;35;150;666;Israel;avr-06
37;1967;32;35;150;666;Israel;avr-06
37;1968;32;35;150;666;Israel;avr-06
37;1969;32;35;150;666;Israel;avr-06
37;1970;32;35;150;666;Israel;avr-06
37;1971;32;35;150;666;Israel;avr-06
37;1972;32;35;150;666;Israel;avr-06
37;1973;32;35;150;666;Israel;avr-06
37;1974;32;35;150;666;Israel;avr-06
37;1975;32;35;150;666;Israel;avr-06
37;1976;32;35;150;666;Israel;avr-06
37;1977;32;35;150;666;Israel;avr-06
37;1978;32;35;150;666;Israel;avr-06
37;1979;32;35;150;666;Israel;avr-06
37;1980;32;35;150;666;Israel;avr-06
37;1981;32;35;150;666;Israel;avr-06
37;1982;32;35;150;666;Israel;avr-06
37;1983;32;35;150;666;Israel;avr-06
37;1984;32;35;150;666;Israel;avr-06
37;1985;32;35;150;666;Israel;avr-06
37;1986;32;35;150;666;Israel;avr-06
37;1987;32;35;150;666;Israel;avr-06
37;1988;32;35;150;666;Israel;avr-06
37;1989;32;35;150;666;Israel;avr-06
37;1990;32;35;150;666;Israel;avr-06
37;1991;32;35;150;666;Israel;avr-06
37;1992;32;35;150;666;Israel;avr-06
37;1993;32;35;150;666;Israel;avr-06
37;1994;32;35;150;666;Israel;avr-06
37;1995;32;35;150;666;Israel;avr-06
37;1996;32;35;150;666;Israel;avr-06
37;1997;32;35;150;666;Israel;avr-06
37;1998;32;35;150;666;Israel;avr-06
37;1999;32;35;150;666;Israel;avr-06
37;2000;32;35;150;666;Israel;avr-06
37;2001;32;35;150;666;Israel;avr-06
37;2002;32;35;150;666;Israel;avr-06
37;2003;32;35;150;666;Israel;avr-06
37;2004;32;35;150;666;Israel;avr-06
37;2005;32;35;150;666;Israel;avr-06
38;1949;38;127,5;100;731,732;North Korea,South Korea;avr-06
38;1950;38;127;400;731,732;North Korea,South Korea;avr-06
38;1951;38;127;150;731,732;North Korea,South Korea;avr-06
96;1972;16;108;600;817,816;South Vietnam,North Vietnam;avr-06
96;1973;16;108;600;817,816;South Vietnam,North Vietnam;avr-06
96;1974;16;108;600;817,816;South Vietnam,North Vietnam;avr-06
96;1975;16;108;600;817,816;South Vietnam,North Vietnam;avr-06
97;1966;14;102,5;200;811,8;Cambodia,Thailand;avr-06
97;1977;14;102,5;200;811,8;Cambodia,Thailand;avr-06
97;1978;14;102,5;200;811,8;Cambodia,Thailand;avr-06
98;1966;6;-1;200;452;Ghana;avr-06
98;1981;5,55;-0,22;50;452;Ghana;avr-06
98;1983;6;-1;200;452;Ghana;avr-06
99;1966;23;93;100;750;India;avr-06
99;1967;23;93;100;750;India;avr-06
99;1968;23;93;100;750;India;avr-06
100;1966;9;6;500;475;Nigeria;avr-06
101;1966;-20;18;600;560;South Africa;avr-06
101;1967;-20;18;600;560;South Africa;avr-06
101;1968;-20;18;600;560;South Africa;avr-06
101;1969;-20;18;600;560;South Africa;avr-06
101;1970;-20;18;600;560;South Africa;avr-06
101;1971;-20;18;600;560;South Africa;avr-06
101;1972;-20;18;600;560;South Africa;avr-06
101;1973;-20;18;600;560;South Africa;avr-06
101;1974;-20;18;600;560;South Africa;avr-06
101;1975;-20;18;600;560;South Africa;avr-06
101;1976;-20;18;600;560;South Africa;avr-06
101;1977;-20;18;600;560;South Africa;avr-06
101;1978;-20;18;600;560;South Africa;avr-06
101;1979;-20;18;700;560;South Africa;avr-06
101;1980;-20;18;700;560;South Africa;avr-06
101;1981;-20;18;700;560;South Africa;avr-06
101;1982;-20;18;700;560;South Africa;avr-06
101;1983;-20;18;700;560;South Africa;avr-06
101;1984;-20;18;700;560;South Africa;avr-06
101;1985;-20;18;700;560;South Africa;avr-06
38;1952;38;127;150;731,732;North Korea,South Korea;avr-06
38;1953;38;127;150;731,732;North Korea,South Korea;avr-06
39;1950;31,25;97,2;50;710;China;avr-06
39;1956;31;93;400;710;China;avr-06
39;1959;31;89;900;710;China;avr-06
40;1950;-3;129;200;850;Indonesia;avr-06
41;1950;18,5;-66,5;100;2;US territory of Puerto Rico;avr-06
42;1951;30,5;32,25;100;651;Egypt;avr-06
42;1952;30,5;32,25;100;651;Egypt;avr-06
43;1951;13,6;100,52;50;800;Thailand;avr-06
43;1974;17;100;500;800;Thailand;avr-06
43;1975;17;100;500;800;Thailand;avr-06
43;1976;17;100;500;800;Thailand;avr-06
43;1977;17;100;500;800;Thailand;avr-06
43;1978;17;100;500;800;Thailand;avr-06
43;1979;17;100;500;800;Thailand;avr-06
43;1980;17;100;500;800;Thailand;avr-06
43;1981;17;100;500;800;Thailand;avr-06
43;1982;17;100;500;800;Thailand;avr-06
44;1952;-1;36,5;200;200,501;British colony of Kenya;avr-06
44;1953;-1;36,5;200;200,501;British colony of Kenya;avr-06
44;1954;-1;36,5;200;200,501;British colony of Kenya;avr-06
44;1955;-1;36,5;200;200,501;British colony of Kenya;avr-06
44;1956;-1;36,5;200;200,501;British colony of Kenya;avr-06
45;1953;20,5;-76;150;40;Cuba;avr-06
45;1957;22;-79;500;40;Cuba;avr-06
45;1958;22;-79;500;40;Cuba;avr-06
45;1961;22,5;-82;100;40;Cuba;avr-06
46;1953;0;110;1800;850;Indonesia;avr-06
46;1958;0;110;1800;850;Indonesia;avr-06
46;1959;0;110;1800;850;Indonesia;avr-06
46;1960;0;110;1800;850;Indonesia;avr-06
46;1961;0;110;1800;850;Indonesia;avr-06
47;1953;32;-7;600;220,6;French colony of Morocco;avr-06
47;1954;32;-7;600;220,6;French colony of Morocco;avr-06
47;1955;32;-7;600;220,6;French colony of Morocco;avr-06
47;1956;32;-7;600;220,6;French colony of Morocco;avr-06
48;1953;33;9;300;220,616;French colony of Tunisia;avr-06
48;1954;33;9;300;220,616;French colony of Tunisia;avr-06
48;1955;33;9;300;220,616;French colony of Tunisia;avr-06
48;1956;33;9;300;220,616;French colony of Tunisia;avr-06
49;1954;35,5;3;400;220,615;French colony of Algeria;avr-06
49;1955;35,5;3;400;220,615;French colony of Algeria;avr-06
49;1956;35,5;3;400;220,615;French colony of Algeria;avr-06
49;1957;35,5;3;400;220,615;French colony of Algeria;avr-06
49;1958;35,5;3;400;220,615;French colony of Algeria;avr-06
49;1959;35,5;3;400;220,615;French colony of Algeria;avr-06
49;1960;35,5;3;400;220,615;French colony of Algeria;avr-06
49;1961;35,5;3;400;220,615;French colony of Algeria;avr-06
49;1962;35,5;3;400;615;French colony of Algeria;avr-06
50;1955;-34,6;-58,45;50;160;Argentina;avr-06
50;1963;-34,5;-58,5;100;160;Argentina;avr-06
50;1973;-31;-62;700;160;Argentina;avr-06
50;1974;-31;-62;700;160;Argentina;avr-06
50;1975;-31;-62;700;160;Argentina;avr-06
50;1976;-31;-62;700;160;Argentina;avr-06
50;1977;-31;-62;700;160;Argentina;avr-06
51;1955;35;33,5;150;200,352;British colony of Cyprus;avr-06
51;1956;35;33,5;150;200,352;British colony of Cyprus;avr-06
51;1957;35;33,5;150;200,352;British colony of Cyprus;avr-06
51;1958;35;33,5;150;200,352;British colony of Cyprus;avr-06
51;1959;35;33,5;150;200,352;British colony of Cyprus;avr-06
52;1955;11;108;500;817;South Vietnam;avr-06
52;1956;11;108;500;817;South Vietnam;avr-06
52;1957;11;108;500;817;South Vietnam;avr-06
52;1958;11;108;500;817;South Vietnam;avr-06
52;1959;11;108;500;817;South Vietnam;avr-06
52;1960;11;108;500;817;South Vietnam;avr-06
52;1961;11;108;500;817;South Vietnam;avr-06
52;1962;11;108;500;817;South Vietnam;avr-06
52;1963;11;108;500;817;South Vietnam;avr-06
52;1964;11;108;500;817;South Vietnam;avr-06
53;1956;47,5;19,08;50;310;Hungary;avr-06
54;1956;25,5;94;150;750;India;avr-06
54;1957;25,5;94;150;750;India;avr-06
54;1958;25,5;94;150;750;India;avr-06
54;1959;25,5;94;150;750;India;avr-06
54;1961;25,5;94;150;750;India;avr-06
54;1962;25,5;94;150;750;India;avr-06
54;1963;25,5;94;150;750;India;avr-06
54;1964;25,5;94;150;750;India;avr-06
54;1965;25,5;94;150;750;India;avr-06
54;1966;25,5;94;150;750;India;avr-06
54;1967;25,5;94;150;750;India;avr-06
54;1968;25,5;94;150;750;India;avr-06
54;1992;25,5;94;150;750;India;avr-06
54;1993;25,5;94;150;750;India;avr-06
54;1994;25,5;94;150;750;India;avr-06
54;1995;25,5;94;150;750;India;avr-06
54;1996;25,5;94;150;750;India;avr-06
54;1997;25,5;94;150;750;India;avr-06
54;2000;25,5;94;150;750;India;avr-06
54;2005;25,5;94;150;750;India;avr-06
55;1956;30,5;32,25;100;651;Egypt;avr-06
56;1957;19,5;97;100;775;Burma;avr-06
56;1992;19,5;97;100;775;Burma;avr-06
56;1996;19,5;97;100;775;Burma;avr-06
56;2005;19,25;98;100;775;Burma;avr-06
57;1957;4;11;150;200,471;French colony of Cameroon;avr-06
57;1958;4;11;150;200,471;French colony of Cameroon;avr-06
57;1959;4;11;150;200,471;French colony of Cameroon;avr-06
57;1960;4;11;150;200,471;French colony of Cameroon;avr-06
58;1957;15;-85;200;91,93;Honduras,Nicaragua;avr-06
59;1957;29;-10;300;600;Morocco;avr-06
59;1958;29;-10;300;600;Morocco;avr-06
60;1957;29;-10;200;600;Morocco;avr-06
61;1957;23;57,5;150;698;Oman;avr-06
62;1958;33,35;44,38;50;645;Iraq;avr-06
62;1959;36,33;43,13;50;645;Iraq;avr-06
62;1963;33;44;550;645;Iraq;avr-06
62;1982;31;46;250;645;Iraq;avr-06
62;1983;31;46;250;645;Iraq;avr-06
62;1984;31;46;250;645;Iraq;avr-06
62;1987;31;46;250;645;Iraq;avr-06
62;1991;31;46;250;645;Iraq;avr-06
62;1992;31;46;250;645;Iraq;avr-06
62;1993;31;46;250;645;Iraq;avr-06
62;1994;31;46;250;645;Iraq;avr-06
62;1995;31;46;250;645;Iraq;avr-06
62;1996;31;46;250;645;Iraq;avr-06
62;2005;33;44;500;645;Iraq;avr-06
62;2004;31;46;250;645;Iraq;avr-06
63;1958;33,5;35,5;50;660;Lebanon;avr-06
63;1975;33,5;35,5;50;660;Lebanon;avr-06
63;1976;33,5;35,5;50;660;Lebanon;avr-06
63;1977;33,5;35,5;50;660;Lebanon;avr-06
63;1978;33,5;35,5;50;660;Lebanon;avr-06
63;1979;33,5;35,5;50;660;Lebanon;avr-06
63;1980;33,5;35,5;50;660;Lebanon;avr-06
63;1981;33,5;35,5;50;660;Lebanon;avr-06
63;1982;33,5;35,5;50;660;Lebanon;avr-06
63;1983;33,5;35,5;50;660;Lebanon;avr-06
63;1984;33,5;35,5;50;660;Lebanon;avr-06
63;1985;33,5;35,5;50;660;Lebanon;avr-06
63;1986;33,5;35,5;50;660;Lebanon;avr-06
63;1987;33,5;35,5;50;660;Lebanon;avr-06
63;1988;33,5;35,5;50;660;Lebanon;avr-06
63;1989;33,5;35,5;50;660;Lebanon;avr-06
63;1990;33,5;35,5;50;660;Lebanon;avr-06
64;1958;4,5;102;200;820;Malaysia;avr-06
64;1959;4,5;102;200;820;Malaysia;avr-06
64;1960;4,5;102;200;820;Malaysia;avr-06
64;1974;4,5;102;200;820;Malaysia;avr-06
64;1975;4,5;102;200;820;Malaysia;avr-06
64;1981;4,5;102;200;820;Malaysia;avr-06
65;1959;18;104;600;812;Laos;avr-06
65;1960;18;104;600;812;Laos;avr-06
65;1961;18;104;600;812;Laos;avr-06
65;1963;18;104;600;812;Laos;avr-06
65;1964;18;104;600;812;Laos;avr-06
65;1965;18;104;600;812;Laos;avr-06
65;1966;18;104;600;812;Laos;avr-06
65;1967;18;104;600;812;Laos;avr-06
65;1968;18;104;600;812;Laos;avr-06
65;1969;18;104;600;812;Laos;avr-06
65;1970;18;104;600;812;Laos;avr-06
65;1971;18;104;600;812;Laos;avr-06
65;1972;18;104;600;812;Laos;avr-06
65;1973;18;104;600;812;Laos;avr-06
65;1989;20;103;300;812;Laos;avr-06
65;1990;20;103;300;812;Laos;avr-06
66;1961;-8;15;300;235,54;Portuguese colony of Angola;avr-06
66;1962;-8;15;300;235,54;Portuguese colony of Angola;avr-06
66;1963;-8;15;300;235,54;Portuguese colony of Angola;avr-06
66;1964;-8;15;300;235,54;Portuguese colony of Angola;avr-06
66;1965;-8;15;300;235,54;Portuguese colony of Angola;avr-06
66;1966;-11;18;800;235,54;Portuguese colony of Angola;avr-06
66;1967;-11;18;800;235,54;Portuguese colony of Angola;avr-06
66;1968;-11;18;800;235,54;Portuguese colony of Angola;avr-06
66;1969;-11;18;800;235,54;Portuguese colony of Angola;avr-06
66;1970;-11;18;800;235,54;Portuguese colony of Angola;avr-06
66;1971;-11;18;800;235,54;Portuguese colony of Angola;avr-06
66;1972;-11;18;800;235,54;Portuguese colony of Angola;avr-06
66;1973;-11;18;800;235,54;Portuguese colony of Angola;avr-06
66;1974;-11;18;800;235,54;Portuguese colony of Angola;avr-06
67;1960;22;98;250;775;Burma;avr-06
67;1961;22;98;250;775;Burma;avr-06
67;1962;22;98;250;775;Burma;avr-06
67;1963;22;98;250;775;Burma;avr-06
67;1964;22;98;250;775;Burma;avr-06
67;1965;22;98;250;775;Burma;avr-06
67;1966;22;98;250;775;Burma;avr-06
67;1967;22;98;250;775;Burma;avr-06
67;1968;22;98;250;775;Burma;avr-06
67;1969;22;98;250;775;Burma;avr-06
67;1970;22;98;250;775;Burma;avr-06
67;1976;22;98;250;775;Burma;avr-06
67;1977;22;98;250;775;Burma;avr-06
67;1978;22;98;250;775;Burma;avr-06
67;1979;22;98;250;775;Burma;avr-06
67;1980;22;98;250;775;Burma;avr-06
67;1981;22;98;250;775;Burma;avr-06
67;1982;22;98;250;775;Burma;avr-06
67;1983;22;98;250;775;Burma;avr-06
67;1984;22;98;250;775;Burma;avr-06
67;1985;22;98;250;775;Burma;avr-06
67;1986;22;98;250;775;Burma;avr-06
67;1987;22;98;250;775;Burma;avr-06
67;1988;22;98;250;775;Burma;avr-06
67;1993;22;98;250;775;Burma;avr-06
67;1994;22;98;250;775;Burma;avr-06
67;1995;22;98;250;775;Burma;avr-06
67;1996;22;98;250;775;Burma;avr-06
67;1997;22;98;300;775;Burma;avr-06
67;1998;22;98;300;775;Burma;avr-06
67;1999;22;98;300;775;Burma;avr-06
67;2000;22;98;300;775;Burma;avr-06
67;2001;22;98;300;775;Burma;avr-06
67;2002;22;98;300;775;Burma;avr-06
67;2005;20,75;98,25;150;775;Burma;avr-06
68;1960;-9;26;400;490;Congo/Zaire;avr-06
68;1961;-9;26;400;490;Congo/Zaire;avr-06
68;1962;-9;26;400;490;Congo/Zaire;avr-06
69;1960;-6;22;200;490;Congo/Zaire;avr-06
69;1961;-6;22;200;490;Congo/Zaire;avr-06
69;1962;-6;22;200;490;Congo/Zaire;avr-06
70;1960;9,02;38,77;50;530;Ethiopia;avr-06
70;1976;13,5;39,5;150;530;Ethiopia;avr-06
70;1977;13,5;39,5;150;530;Ethiopia;avr-06
70;1978;13,5;39,5;150;530;Ethiopia;avr-06
70;1979;13,5;39,5;150;530;Ethiopia;avr-06
70;1980;13,5;39,5;150;530;Ethiopia;avr-06
70;1981;13,5;39,5;150;530;Ethiopia;avr-06
70;1982;13,5;39,5;150;530;Ethiopia;avr-06
70;1983;13,5;39,5;150;530;Ethiopia;avr-06
70;1984;13,5;39,5;150;530;Ethiopia;avr-06
70;1985;13,5;39,5;150;530;Ethiopia;avr-06
70;1986;13,5;39,5;150;530;Ethiopia;avr-06
70;1987;13,5;39,5;150;530;Ethiopia;avr-06
70;1988;13,5;39,5;150;530;Ethiopia;avr-06
70;1989;13,5;39,5;150;530;Ethiopia;avr-06
70;1990;13,5;39,5;150;530;Ethiopia;avr-06
70;1991;13,5;39,5;150;530;Ethiopia;avr-06
71;1960;7,5;45;300;530;Ethiopia;avr-06
71;1964;7,5;45;300;530,531;Ethiopia,Somalia;avr-06
71;1973;7,5;45;300;530;Ethiopia;avr-06
71;1983;7,5;45;300;530;Ethiopia;avr-06
71;1987;7,5;45;300;530;Ethiopia;avr-06
72;1960;28;84,5;450;790;Nepal;avr-06
72;1961;28;84,5;450;790;Nepal;avr-06
72;1962;28;84,5;450;790;Nepal;avr-06
72;1996;29;82;200;790;Nepal;avr-06
72;1997;29;82;200;790;Nepal;avr-06
72;1998;29;82;200;790;Nepal;avr-06
72;1999;29;82;200;790;Nepal;avr-06
72;2000;29;82;200;790;Nepal;avr-06
72;2001;28,5;84;500;790;Nepal;avr-06
72;2002;28,5;84;500;790;Nepal;avr-06
72;2003;28,5;84;500;790;Nepal;avr-06
72;2005;28;84;350;790;Nepal;avr-06
72;2004;28,5;84;500;790;Nepal;avr-06
73;1961;48,87;2,33;50;220;France;avr-06
73;1962;48,87;2,33;50;220;France;avr-06
74;1961;36;44;250;645;Iraq;avr-06
74;1962;36;44;250;645;Iraq;avr-06
74;1963;36;44;250;645;Iraq;avr-06
74;1964;36;44;250;645;Iraq;avr-06
74;1965;36;44;250;645;Iraq;avr-06
74;1966;36;44;250;645;Iraq;avr-06
74;1967;36;44;250;645;Iraq;avr-06
74;1968;36;44;250;645;Iraq;avr-06
74;1969;36;44;250;645;Iraq;avr-06
74;1970;36;44;250;645;Iraq;avr-06
74;1973;36;44;250;645;Iraq;avr-06
74;1974;36;44;250;645;Iraq;avr-06
74;1975;36;44;250;645;Iraq;avr-06
74;1976;36;44;250;645;Iraq;avr-06
74;1977;36;44;250;645;Iraq;avr-06
74;1978;36;44;250;645;Iraq;avr-06
74;1979;36;44;250;645;Iraq;avr-06
74;1980;36;44;250;645;Iraq;avr-06
74;1981;36;44;250;645;Iraq;avr-06
74;1982;36;44;250;645;Iraq;avr-06
74;1983;36;44;250;645;Iraq;avr-06
74;1984;36;44;250;645;Iraq;avr-06
74;1985;36;44;250;645;Iraq;avr-06
74;1986;36;44;250;645;Iraq;avr-06
74;1987;36;44;250;645;Iraq;avr-06
74;1988;36;44;250;645;Iraq;avr-06
74;1989;36;44;250;645;Iraq;avr-06
74;1990;36;44;250;645;Iraq;avr-06
74;1991;36;44;250;645;Iraq;avr-06
74;1992;36;44;250;645;Iraq;avr-06
74;1993;36;44;250;645;Iraq;avr-06
74;1996;36;44;250;645;Iraq;avr-06
75;1961;36,5;10;50;616;Tunisia;avr-06
76;1962;4,5;114,5;150;200,835;British colony of Brunei;avr-06
77;1962;30;81;1000;750;India;avr-06
77;1967;27,4;88,8;50;710,75;China,India;avr-06
78;1962;14,5;40;400;530;Ethiopia;avr-06
78;1963;14,5;40;400;530;Ethiopia;avr-06
78;1964;14,5;40;400;530;Ethiopia;avr-06
78;1965;14,5;40;400;530;Ethiopia;avr-06
78;1966;14,5;40;400;530;Ethiopia;avr-06
78;1967;14,5;40;400;530;Ethiopia;avr-06
78;1968;14,5;40;400;530;Ethiopia;avr-06
78;1969;14,5;40;400;530;Ethiopia;avr-06
78;1970;14,5;40;400;530;Ethiopia;avr-06
78;1971;14,5;40;400;530;Ethiopia;avr-06
78;1972;14,5;40;400;530;Ethiopia;avr-06
78;1973;14,5;40;400;530;Ethiopia;avr-06
78;1974;14,5;40;400;530;Ethiopia;avr-06
78;1975;14,5;40;400;530;Ethiopia;avr-06
78;1976;14,5;40;400;530;Ethiopia;avr-06
78;1977;14,5;40;400;530;Ethiopia;avr-06
78;1978;14,5;40;400;530;Ethiopia;avr-06
78;1979;14,5;40;400;530;Ethiopia;avr-06
78;1980;14,5;40;400;530;Ethiopia;avr-06
78;1981;14,5;40;400;530;Ethiopia;avr-06
78;1982;14,5;40;400;530;Ethiopia;avr-06
78;1983;14,5;40;400;530;Ethiopia;avr-06
78;1984;14,5;40;400;530;Ethiopia;avr-06
78;1985;14,5;40;400;530;Ethiopia;avr-06
78;1986;14,5;40;400;530;Ethiopia;avr-06
78;1987;14,5;40;400;530;Ethiopia;avr-06
78;1988;14,5;40;400;530;Ethiopia;avr-06
78;1989;14,5;40;400;530;Ethiopia;avr-06
78;1990;14,5;40;400;530;Ethiopia;avr-06
78;1991;14,5;40;400;530;Ethiopia;avr-06
79;1962;-2;132;300;210;Indonesia;avr-06
80;1962;10;-67,5;500;101;Venezuela;avr-06
80;1992;10;-69,5;350;101;Venezuela;avr-06
81;1963;30;-5;400;615,6;Algeria,Morocco;avr-06
82;1963;12;-15;100;235,404;Portuguese colony of Guinea;avr-06
82;1964;12;-15;100;235,404;Portuguese colony of Guinea;avr-06
82;1965;12;-15;100;235,404;Portuguese colony of Guinea;avr-06
82;1966;12;-15;100;235,404;Portuguese colony of Guinea;avr-06
82;1967;12;-15;100;235,404;Portuguese colony of Guinea;avr-06
82;1968;12;-15;100;235,404;Portuguese colony of Guinea;avr-06
82;1969;12;-15;100;235,404;Portuguese colony of Guinea;avr-06
82;1970;12;-15;100;235,404;Portuguese colony of Guinea;avr-06
82;1971;12;-15;100;235,404;Portuguese colony of Guinea;avr-06
82;1972;12;-15;100;235,404;Portuguese colony of Guinea;avr-06
82;1973;12;-15;100;235,404;Portuguese colony of Guinea;avr-06
83;1963;2;113;200;820;Malaysia;avr-06
83;1964;2;113;200;820;Malaysia;avr-06
83;1965;2;113;200;820;Malaysia;avr-06
83;1966;2;113;200;820;Malaysia;avr-06
84;1963;2;113;200;820,85;Malaysia,Indonesia;avr-06
84;1964;2;113;200;820,85;Malaysia,Indonesia;avr-06
84;1965;2;113;200;820,85;Malaysia,Indonesia;avr-06
84;1966;2;113;200;820,85;Malaysia,Indonesia;avr-06
85;1963;9;30;800;625;Sudan;avr-06
85;1964;9;30;800;625;Sudan;avr-06
85;1965;9;30;800;625;Sudan;avr-06
85;1966;9;30;800;625;Sudan;avr-06
85;1967;9;30;800;625;Sudan;avr-06
85;1968;9;30;800;625;Sudan;avr-06
85;1969;9;30;800;625;Sudan;avr-06
85;1970;9;30;800;625;Sudan;avr-06
85;1971;9;30;800;625;Sudan;avr-06
85;1972;9;30;800;625;Sudan;avr-06
85;1983;9;30;800;625;Sudan;avr-06
85;1984;9;30;800;625;Sudan;avr-06
85;1985;9;30;800;625;Sudan;avr-06
85;1986;9;30;800;625;Sudan;avr-06
85;1987;9;30;800;625;Sudan;avr-06
85;1988;9;30;800;625;Sudan;avr-06
85;1989;9;30;800;625;Sudan;avr-06
85;1990;9;30;800;625;Sudan;avr-06
85;1991;9;30;800;625;Sudan;avr-06
85;1992;9;30;800;625;Sudan;avr-06
85;1993;9;30;800;625;Sudan;avr-06
85;1994;9;30;800;625;Sudan;avr-06
85;1995;9;30;800;625;Sudan;avr-06
85;1996;9;30;800;625;Sudan;avr-06
85;1997;9;30;800;625;Sudan;avr-06
85;1998;9;30;800;625;Sudan;avr-06
85;1999;9;30;800;625;Sudan;avr-06
85;2000;9;30;800;625;Sudan;avr-06
85;2001;9;30;800;625;Sudan;avr-06
85;2002;9;30;800;625;Sudan;avr-06
85;2003;9;30;800;625;Sudan;avr-06
85;2004;9;30;800;625;Sudan;avr-06
86;1964;-3,5;28;500;490;Congo/Zaire;avr-06
86;1965;-3,5;28;500;490;Congo/Zaire;avr-06
86;1967;-5;24;800;490;Congo/Zaire;avr-06
86;1977;-10;25;200;490;Congo/Zaire;avr-06
86;1978;-10;25;200;490;Congo/Zaire;avr-06
86;1996;-3;23;1100;490;Congo/Zaire;avr-06
86;1997;-3;23;1100;490;Congo/Zaire;avr-06
86;1998;-3;23;1100;490;Congo/Zaire;avr-06
86;1999;-3;23;1100;490;Congo/Zaire;avr-06
86;2000;-3;23;1100;490;Congo/Zaire;avr-06
86;2001;-3;23;1100;490;Congo/Zaire;avr-06
87;1964;0,38;9,45;50;481;Gabon;avr-06
88;1964;-13;37,5;450;235,541;Portuguese colony of Mozambique;avr-06
88;1965;-13;37,5;450;235,541;Portuguese colony of Mozambique;avr-06
88;1966;-15,5;36,5;650;235,541;Portuguese colony of Mozambique;avr-06
88;1967;-15,5;36,5;650;235,541;Portuguese colony of Mozambique;avr-06
88;1968;-15,5;36,5;650;235,541;Portuguese colony of Mozambique;avr-06
88;1969;-15,5;36,5;650;235,541;Portuguese colony of Mozambique;avr-06
88;1970;-15,5;36,5;650;235,541;Portuguese colony of Mozambique;avr-06
88;1971;-15,5;36,5;650;235,541;Portuguese colony of Mozambique;avr-06
88;1972;-15,5;36,5;650;235,541;Portuguese colony of Mozambique;avr-06
88;1973;-15,5;36,5;650;235,541;Portuguese colony of Mozambique;avr-06
88;1974;-15,5;36,5;650;235,541;Portuguese colony of Mozambique;avr-06
89;1964;13,5;45;150;200,68;British colony of Yemen;avr-06
89;1965;13,5;45;150;200,68;British colony of Yemen;avr-06
89;1966;13,5;45;150;200,68;British colony of Yemen;avr-06
89;1967;13,5;45;150;200,68;British colony of Yemen;avr-06
90;1965;-3,38;29,37;50;516;Burundi;avr-06
90;1991;-3;30;100;516;Burundi;avr-06
90;1992;-3;30;100;516;Burundi;avr-06
90;1994;-3;30;100;516;Burundi;avr-06
90;1995;-3;30;100;516;Burundi;avr-06
90;1996;-3;30;100;516;Burundi;avr-06
90;1997;-3;30;100;516;Burundi;avr-06
90;1998;-3;30;100;516;Burundi;avr-06
90;1999;-3;30;100;516;Burundi;avr-06
90;2000;-3;30;100;516;Burundi;avr-06
90;2001;-3;30;100;516;Burundi;avr-06
90;2002;-3;30;100;516;Burundi;avr-06
90;2003;-3;30;100;516;Burundi;avr-06
90;2004;-3;30;100;516;Burundi;avr-06
90;2005;-3,5;30;50;516;Burundi;avr-06
91;2005;13,5;22,25;100;483;Chad;avr-06
91;1965;15;19;800;483;Chad;avr-06
91;1966;15;19;800;483;Chad;avr-06
91;1967;15;19;800;483;Chad;avr-06
91;1968;15;19;800;483;Chad;avr-06
91;1969;15;19;800;483;Chad;avr-06
91;1970;15;19;800;483;Chad;avr-06
91;1971;15;19;800;483;Chad;avr-06
91;1972;15;19;800;483;Chad;avr-06
91;1973;15;19;800;483;Chad;avr-06
91;1974;15;19;800;483;Chad;avr-06
91;1975;15;19;800;483;Chad;avr-06
91;1976;15;19;800;483;Chad;avr-06
91;1977;15;19;800;483;Chad;avr-06
91;1978;15;19;800;483;Chad;avr-06
91;1979;15;19;800;483;Chad;avr-06
91;1980;15;19;800;483;Chad;avr-06
91;1981;15;19;800;483;Chad;avr-06
91;1982;15;19;800;483;Chad;avr-06
91;1983;15;19;800;483;Chad;avr-06
91;1984;15;19;800;483;Chad;avr-06
91;1985;15;19;800;483;Chad;avr-06
91;1986;15;19;800;483;Chad;avr-06
91;1987;15;19;800;483;Chad;avr-06
91;1988;15;19;800;483;Chad;avr-06
91;1989;13;21;350;483;Chad;avr-06
91;1990;13;21;350;483;Chad;avr-06
91;1991;11;17;400;483;Chad;avr-06
91;1992;11;17;400;483;Chad;avr-06
91;1993;11;17;400;483;Chad;avr-06
91;1994;11;17;400;483;Chad;avr-06
91;1997;15;19;800;483;Chad;avr-06
91;1998;15;19;800;483;Chad;avr-06
91;1999;15;19;800;483;Chad;avr-06
91;2000;15;19;800;483;Chad;avr-06
91;2001;15;19;800;483;Chad;avr-06
91;2002;15;19;800;483;Chad;avr-06
92;1966;4,5;-74;800;100;Colombia;avr-06
92;1967;4,5;-74;800;100;Colombia;avr-06
92;1968;4,5;-74;800;100;Colombia;avr-06
92;1969;4,5;-74;800;100;Colombia;avr-06
92;1970;4,5;-74;800;100;Colombia;avr-06
92;1971;4,5;-74;800;100;Colombia;avr-06
92;1972;4,5;-74;800;100;Colombia;avr-06
92;1973;4,5;-74;800;100;Colombia;avr-06
92;1974;4,5;-74;800;100;Colombia;avr-06
92;1975;4,5;-74;800;100;Colombia;avr-06
92;1976;4,5;-74;800;100;Colombia;avr-06
92;1977;4,5;-74;800;100;Colombia;avr-06
92;1978;4,5;-74;800;100;Colombia;avr-06
92;1979;4,5;-74;800;100;Colombia;avr-06
92;1980;4,5;-74;800;100;Colombia;avr-06
92;1981;4,5;-74;800;100;Colombia;avr-06
92;1982;4,5;-74;800;100;Colombia;avr-06
92;1983;4,5;-74;800;100;Colombia;avr-06
92;1984;4,5;-74;800;100;Colombia;avr-06
92;1985;4,5;-74;800;100;Colombia;avr-06
92;1986;4,5;-74;800;100;Colombia;avr-06
92;1987;4,5;-74;800;100;Colombia;avr-06
92;1988;4,5;-74;800;100;Colombia;avr-06
92;1989;4,5;-74;800;100;Colombia;avr-06
92;1990;4,5;-74;800;100;Colombia;avr-06
92;1991;4,5;-74;800;100;Colombia;avr-06
92;1992;4,5;-74;800;100;Colombia;avr-06
92;1993;4,5;-74;800;100;Colombia;avr-06
92;1994;4,5;-74;800;100;Colombia;avr-06
92;1995;4,5;-74;800;100;Colombia;avr-06
92;1996;4,5;-74;800;100;Colombia;avr-06
92;1997;4,5;-74;800;100;Colombia;avr-06
92;1998;4,5;-74;800;100;Colombia;avr-06
92;1999;4,5;-74;800;100;Colombia;avr-06
92;2000;4,5;-74;800;100;Colombia;avr-06
92;2001;4,5;-74;800;100;Colombia;avr-06
92;2002;4,5;-74;800;100;Colombia;avr-06
92;2003;4,5;-74;800;100;Colombia;avr-06
92;2005;4,5;-74;800;100;Colombia;avr-06
92;2004;4,5;-74;800;100;Colombia;avr-06
93;1965;18,47;-69,9;50;42;Dominican Republic;avr-06
94;1965;-4;137;500;850;Indonesia;avr-06
94;1976;-4;137;500;850;Indonesia;avr-06
94;1977;-4;137;500;850;Indonesia;avr-06
94;1978;-4;137;500;850;Indonesia;avr-06
94;1967;-4;137;500;850;Indonesia;avr-06
94;1969;-4;137;500;850;Indonesia;avr-06
94;1968;-4;137;500;850;Indonesia;avr-06
95;1965;-12;-73;400;135;Peru;avr-06
95;1966;-12;-73;400;135;Peru;avr-06
95;1981;-12;-74;750;135;Peru;avr-06
95;1982;-12;-74;750;135;Peru;avr-06
95;1983;-12;-74;750;135;Peru;avr-06
95;1984;-12;-74;750;135;Peru;avr-06
95;1985;-12;-74;750;135;Peru;avr-06
95;1986;-12;-74;750;135;Peru;avr-06
95;1987;-12;-74;750;135;Peru;avr-06
95;1988;-12;-74;750;135;Peru;avr-06
95;1989;-12;-74;750;135;Peru;avr-06
95;1990;-12;-74;750;135;Peru;avr-06
95;1991;-12;-74;750;135;Peru;avr-06
95;1992;-12;-74;750;135;Peru;avr-06
95;1993;-12;-74;750;135;Peru;avr-06
95;1994;-12;-74;750;135;Peru;avr-06
95;1995;-12;-74;750;135;Peru;avr-06
95;1996;-12;-74;750;135;Peru;avr-06
95;1997;-12;-74;750;135;Peru;avr-06
95;1998;-12;-74;750;135;Peru;avr-06
95;1999;-12;-74;750;135;Peru;avr-06
96;1965;16;108;600;817,816;South Vietnam,North Vietnam;avr-06
96;1966;16;108;600;817,816;South Vietnam,North Vietnam;avr-06
96;1967;16;108;600;817,816;South Vietnam,North Vietnam;avr-06
96;1968;16;108;600;817,816;South Vietnam,North Vietnam;avr-06
96;1969;16;108;600;817,816;South Vietnam,North Vietnam;avr-06
96;1970;16;108;600;817,816;South Vietnam,North Vietnam;avr-06
96;1971;16;108;600;817,816;South Vietnam,North Vietnam;avr-06
101;1986;-20;18;700;560;South Africa;avr-06
101;1987;-20;18;700;560;South Africa;avr-06
101;1988;-20;18;700;560;South Africa;avr-06
102;1966;35,5;37;100;652;Syria;avr-06
102;1979;35;37;250;652;Syria;avr-06
102;1980;35;37;250;652;Syria;avr-06
102;1981;35;37;250;652;Syria;avr-06
102;1982;35;37;250;652;Syria;avr-06
103;1967;13;104;250;811;Cambodia;avr-06
103;1968;13;104;250;811;Cambodia;avr-06
103;1969;13;104;250;811;Cambodia;avr-06
103;1970;12,5;105;350;811;Cambodia;avr-06
103;1971;12,5;105;350;811;Cambodia;avr-06
103;1972;12,5;105;350;811;Cambodia;avr-06
103;1973;12,5;105;350;811;Cambodia;avr-06
103;1974;13;103;200;811;Cambodia;avr-06
103;1975;13;103;200;811;Cambodia;avr-06
103;1978;13;104;250;811;Cambodia;avr-06
103;1979;13;104;250;811;Cambodia;avr-06
103;1980;13;104;250;811;Cambodia;avr-06
103;1981;13;104;250;811;Cambodia;avr-06
103;1982;13;104;250;811;Cambodia;avr-06
103;1983;13;104;250;811;Cambodia;avr-06
103;1984;13;104;250;811;Cambodia;avr-06
103;1985;13;104;250;811;Cambodia;avr-06
103;1986;13;104;250;811;Cambodia;avr-06
103;1987;13;104;250;811;Cambodia;avr-06
103;1988;13;104;250;811;Cambodia;avr-06
103;1989;13;104;250;811;Cambodia;avr-06
103;1990;13;104;250;811;Cambodia;avr-06
103;1991;13;104;250;811;Cambodia;avr-06
103;1992;13;104;250;811;Cambodia;avr-06
103;1993;13;104;250;811;Cambodia;avr-06
103;1994;13;104;250;811;Cambodia;avr-06
103;1995;13;104;250;811;Cambodia;avr-06
103;1996;13;104;250;811;Cambodia;avr-06
103;1997;13;104;250;811;Cambodia;avr-06
103;1998;13;104;250;811;Cambodia;avr-06
104;1967;30;34;200;651;Egypt;avr-06
104;1969;30,5;32,33;100;651;Egypt;avr-06
104;1970;30,5;32,33;100;651;Egypt;avr-06
104;1973;30;34;200;651;Egypt;avr-06
105;1967;31,84;35,17;50;666,663;Israel,Jordan;avr-06
106;1967;33;35,5;50;666,652;Israel,Syria;avr-06
106;1973;33;35,5;50;666,652;Israel,Syria;avr-06
107;1967;7;8;250;475;Nigeria;avr-06
107;1968;7;8;250;475;Nigeria;avr-06
107;1969;7;8;250;475;Nigeria;avr-06
107;1970;7;8;250;475;Nigeria;avr-06
108;1969;27,5;97;300;710,775;China,Burma;avr-06
109;1969;46,5;134;50;710,365;China,Soviet Union;avr-06
110;1969;14;-88,5;100;92,91;El Salvador,Honduras;avr-06
111;1970;11;-13,5;200;438;Guinea;avr-06
111;2000;11;-13,5;200;438;Guinea;avr-06
111;2001;11;-13,5;200;438;Guinea;avr-06
112;1970;7;122;500;840;Philippines;avr-06
112;1971;7;122;500;840;Philippines;avr-06
112;1972;7;122;500;840;Philippines;avr-06
112;1973;7;122;500;840;Philippines;avr-06
112;1974;7;122;500;840;Philippines;avr-06
112;1975;7;122;500;840;Philippines;avr-06
112;1976;7;122;500;840;Philippines;avr-06
112;1977;7;122;500;840;Philippines;avr-06
112;1978;7;122;500;840;Philippines;avr-06
112;1979;7;122;500;840;Philippines;avr-06
112;1980;7;122;500;840;Philippines;avr-06
112;1981;7;122;500;840;Philippines;avr-06
112;1982;7;122;500;840;Philippines;avr-06
112;1983;7;122;500;840;Philippines;avr-06
112;1984;7;122;500;840;Philippines;avr-06
112;1985;7;122;500;840;Philippines;avr-06
112;1986;7;122;500;840;Philippines;avr-06
112;1987;7;122;500;840;Philippines;avr-06
112;1988;7;122;500;840;Philippines;avr-06
112;1989;7;122;500;840;Philippines;avr-06
112;1990;7;122;500;840;Philippines;avr-06
112;1993;7;122;500;840;Philippines;avr-06
112;1994;7;122;500;840;Philippines;avr-06
112;1995;7;122;500;840;Philippines;avr-06
112;1996;7;122;500;840;Philippines;avr-06
112;1997;7;122;500;840;Philippines;avr-06
112;1998;7;122;500;840;Philippines;avr-06
112;1999;7;122;500;840;Philippines;avr-06
112;2000;7;122;500;840;Philippines;avr-06
112;2001;7;122;500;840;Philippines;avr-06
112;2002;7;122;500;840;Philippines;avr-06
112;2003;7;122;500;840;Philippines;avr-06
112;2004;7;122;500;840;Philippines;avr-06
112;2005;10,25;123;650;840;Philippines;avr-06
113;2005;12,5;26;400;625;Sudan;avr-06
113;2004;13;24;500;625;Sudan;avr-06
113;1971;15,6;32,53;50;625;Sudan;avr-06
113;1976;15,6;32,53;50;625;Sudan;avr-06
113;2003;13;24;500;625;Sudan;avr-06
114;1971;-23;44;300;580;Madagascar;avr-06
115;1971;34;-6,8;50;600;Morocco;avr-06
116;1971;24;90;300;770;Pakistan;avr-06
117;1971;7,5;81;250;780;Sri Lanka;avr-06
117;1989;7;80,5;150;780;Sri Lanka;avr-06
117;1990;7;80,5;150;780;Sri Lanka;avr-06
118;1971;1,5;33,5;250;500;Uganda;avr-06
118;1972;0;32;150;500;Uganda;avr-06
118;1977;0,32;32,58;50;500;Uganda;avr-06
118;1978;0;32;150;500;Uganda;avr-06
118;1979;0;32;150;500;Uganda;avr-06
118;1981;1,5;32,5;300;500;Uganda;avr-06
118;1982;1,5;32,5;300;500;Uganda;avr-06
118;1983;1,5;32,5;300;500;Uganda;avr-06
118;1984;1,5;32,5;300;500;Uganda;avr-06
118;1985;1,5;32,5;300;500;Uganda;avr-06
118;1986;1,5;32,5;300;500;Uganda;avr-06
118;1987;1,5;32,5;300;500;Uganda;avr-06
118;1988;1,5;32,5;300;500;Uganda;avr-06
118;1989;2;32,5;200;500;Uganda;avr-06
118;1990;2;32,5;200;500;Uganda;avr-06
118;1991;2;32,5;200;500;Uganda;avr-06
118;1994;3;32,5;200;500;Uganda;avr-06
118;1995;3;32,5;200;500;Uganda;avr-06
118;1996;3;32,5;200;500;Uganda;avr-06
118;1997;3;32,5;200;500;Uganda;avr-06
118;1998;3;32,5;200;500;Uganda;avr-06
118;1999;3;32,5;200;500;Uganda;avr-06
118;2000;3;32,5;200;500;Uganda;avr-06
118;2001;3;32,5;200;500;Uganda;avr-06
118;2002;3;32,5;200;500;Uganda;avr-06
118;2003;3;32,5;200;500;Uganda;avr-06
118;2004;3;32,5;200;500;Uganda;avr-06
118;2005;2,75;31,5;150;500;Uganda;avr-06
119;1971;54,67;-6;100;200;United Kingdom;avr-06
119;1972;54,67;-6;100;200;United Kingdom;avr-06
119;1973;54,67;-6;100;200;United Kingdom;avr-06
119;1974;54,67;-6;100;200;United Kingdom;avr-06
119;1975;54,67;-6;100;200;United Kingdom;avr-06
119;1976;54,67;-6;100;200;United Kingdom;avr-06
119;1977;54,67;-6;100;200;United Kingdom;avr-06
119;1978;54,67;-6;100;200;United Kingdom;avr-06
119;1979;54,67;-6;100;200;United Kingdom;avr-06
119;1980;54,67;-6;100;200;United Kingdom;avr-06
119;1981;54,67;-6;100;200;United Kingdom;avr-06
119;1982;54,67;-6;100;200;United Kingdom;avr-06
119;1983;54,67;-6;100;200;United Kingdom;avr-06
119;1984;54,67;-6;100;200;United Kingdom;avr-06
119;1985;54,67;-6;100;200;United Kingdom;avr-06
119;1986;54,67;-6;100;200;United Kingdom;avr-06
119;1987;54,67;-6;100;200;United Kingdom;avr-06
119;1988;54,67;-6;100;200;United Kingdom;avr-06
119;1989;54,67;-6;100;200;United Kingdom;avr-06
119;1990;54,67;-6;100;200;United Kingdom;avr-06
119;1991;54,67;-6;100;200;United Kingdom;avr-06
119;1998;54,67;-6;100;200;United Kingdom;avr-06
120;1972;13,7;-89,2;50;92;El Salvador;avr-06
120;1979;14;-89;100;92;El Salvador;avr-06
120;1980;14;-89;100;92;El Salvador;avr-06
120;1981;14;-89;100;92;El Salvador;avr-06
120;1982;14;-89;100;92;El Salvador;avr-06
120;1983;14;-89;100;92;El Salvador;avr-06
120;1984;14;-89;100;92;El Salvador;avr-06
120;1985;14;-89;100;92;El Salvador;avr-06
120;1986;14;-89;100;92;El Salvador;avr-06
120;1987;14;-89;100;92;El Salvador;avr-06
120;1988;14;-89;100;92;El Salvador;avr-06
120;1989;14;-89;100;92;El Salvador;avr-06
120;1990;14;-89;100;92;El Salvador;avr-06
120;1991;14;-89;100;92;El Salvador;avr-06
121;1972;18;55;300;698;Oman;avr-06
121;1973;18;55;300;698;Oman;avr-06
121;1974;18;55;300;698;Oman;avr-06
121;1975;18;55;300;698;Oman;avr-06
122;1972;-17,5;30;300;552;Rhodesia;avr-06
122;1973;-17,5;30;300;552;Rhodesia;avr-06
122;1974;-17,5;30;300;552;Rhodesia;avr-06
122;1975;-17,5;30;300;552;Rhodesia;avr-06
122;1976;-18,5;30;400;552;Rhodesia;avr-06
122;1977;-18,5;30;400;552;Rhodesia;avr-06
122;1978;-18,5;30;400;552;Rhodesia;avr-06
122;1979;-18,5;30;400;552;Rhodesia;avr-06
123;1972;-34,89;-56,18;50;165;Uruguay;avr-06
124;1972;14;44;200;678;North Yemen;avr-06
124;1978;14;44;200;678;North Yemen;avr-06
124;1979;14;44;200;678;North Yemen;avr-06
125;1973;-34;-70,5;150;155;Chile;avr-06
126;1974;22,33;92;150;771;Bangladesh;avr-06
126;1975;22,33;92;150;771;Bangladesh;avr-06
126;1976;22,33;92;150;771;Bangladesh;avr-06
126;1977;22,33;92;150;771;Bangladesh;avr-06
126;1978;22,33;92;150;771;Bangladesh;avr-06
126;1979;22,33;92;150;771;Bangladesh;avr-06
126;1980;22,33;92;150;771;Bangladesh;avr-06
126;1981;22,33;92;150;771;Bangladesh;avr-06
126;1982;22,33;92;150;771;Bangladesh;avr-06
126;1983;22,33;92;150;771;Bangladesh;avr-06
126;1984;22,33;92;150;771;Bangladesh;avr-06
126;1985;22,33;92;150;771;Bangladesh;avr-06
126;1986;22,33;92;150;771;Bangladesh;avr-06
126;1987;22,33;92;150;771;Bangladesh;avr-06
126;1988;22,33;92;150;771;Bangladesh;avr-06
126;1989;22,33;92;150;771;Bangladesh;avr-06
126;1990;22,33;92;150;771;Bangladesh;avr-06
126;1991;22,33;92;150;771;Bangladesh;avr-06
126;1992;22,33;92;150;771;Bangladesh;avr-06
127;1974;35,2;33,5;100;352;Cyprus;avr-06
128;1974;33;46;450;630,645;Iran,Iraq;avr-06
128;1980;33;46;450;630,645;Iran,Iraq;avr-06
128;1981;33;46;450;630,645;Iran,Iraq;avr-06
128;1982;33;46;450;630,645;Iran,Iraq;avr-06
128;1983;33;46;450;630,645;Iran,Iraq;avr-06
128;1984;33;46;450;630,645;Iran,Iraq;avr-06
128;1985;33;46;450;630,645;Iran,Iraq;avr-06
128;1986;33;46;450;630,645;Iran,Iraq;avr-06
128;1987;33;46;450;630,645;Iran,Iraq;avr-06
128;1988;33;46;450;630,645;Iran,Iraq;avr-06
129;1974;27,5;65;400;770;Pakistan;avr-06
129;1975;27,5;65;400;770;Pakistan;avr-06
129;1976;27,5;65;400;770;Pakistan;avr-06
129;1977;27,5;65;400;770;Pakistan;avr-06
130;1997;15;37;50;531;Eritrea;avr-06
130;1999;15;37;50;531;Eritrea;avr-06
130;2003;15;37;50;531;Eritrea;avr-06
131;1975;-11;18;800;540;Angola;avr-06
131;1976;-11;18;800;540;Angola;avr-06
131;1977;-11;18;800;540;Angola;avr-06
131;1978;-11;18;800;540;Angola;avr-06
131;1979;-11;18;800;540;Angola;avr-06
131;1980;-11;18;800;540;Angola;avr-06
131;1981;-11;18;800;540;Angola;avr-06
131;1982;-11;18;800;540;Angola;avr-06
131;1983;-11;18;800;540;Angola;avr-06
131;1984;-11;18;800;540;Angola;avr-06
131;1985;-11;18;800;540;Angola;avr-06
131;1986;-11;18;800;540;Angola;avr-06
131;1987;-11;18;800;540;Angola;avr-06
131;1988;-11;18;800;540;Angola;avr-06
131;1989;-11;18;800;540;Angola;avr-06
131;1990;-13;19;700;540;Angola;avr-06
131;1991;-13;19;700;540;Angola;avr-06
131;1992;-13;19;700;540;Angola;avr-06
131;1993;-13;19;700;540;Angola;avr-06
131;1994;-13;19;700;540;Angola;avr-06
131;1995;-13;18;600;540;Angola;avr-06
131;1998;-10;16;600;540;Angola;avr-06
131;1999;-10;16;600;540;Angola;avr-06
131;2000;-10;16;600;540;Angola;avr-06
131;2001;-10;16;600;540;Angola;avr-06
131;2002;-10;16;600;540;Angola;avr-06
132;1975;11;106;200;811,816;Cambodia,Vietnam;avr-06
132;1976;11;106;200;811,816;Cambodia,Vietnam;avr-06
132;1977;11;106;200;811,816;Cambodia,Vietnam;avr-06
133;1975;7,5;45;300;530;Ethiopia;avr-06
133;1976;7,5;45;300;530;Ethiopia;avr-06
133;1977;7,5;45;300;530;Ethiopia;avr-06
133;1978;7,5;45;300;530;Ethiopia;avr-06
133;1979;7,5;45;300;530;Ethiopia;avr-06
133;1980;7,5;45;300;530;Ethiopia;avr-06
133;1981;7,5;45;300;530;Ethiopia;avr-06
133;1982;7,5;45;300;530;Ethiopia;avr-06
133;1983;7,5;45;300;530;Ethiopia;avr-06
133;1996;7,5;45;300;530;Ethiopia;avr-06
133;1998;7,5;45;300;530;Ethiopia;avr-06
133;1999;7,5;45;300;530;Ethiopia;avr-06
133;2000;7,5;45;300;530;Ethiopia;avr-06
133;2001;7,5;45;300;530;Ethiopia;avr-06
133;2002;7,5;45;300;530;Ethiopia;avr-06
133;2005;6,5;45,5;200;530;Ethiopia;avr-06
133;2004;7,5;45;300;530;Ethiopia;avr-06
134;1975;-9;126;150;850;Indonesia;avr-06
134;1976;-9;126;150;850;Indonesia;avr-06
134;1977;-9;126;150;850;Indonesia;avr-06
134;1978;-9;126;150;850;Indonesia;avr-06
134;1979;-9;126;150;850;Indonesia;avr-06
134;1980;-9;126;150;850;Indonesia;avr-06
134;1981;-9;126;150;850;Indonesia;avr-06
134;1982;-9;126;150;850;Indonesia;avr-06
134;1983;-9;126;150;850;Indonesia;avr-06
134;1984;-9;126;150;850;Indonesia;avr-06
134;1985;-9;126;150;850;Indonesia;avr-06
134;1986;-9;126;150;850;Indonesia;avr-06
134;1987;-9;126;150;850;Indonesia;avr-06
134;1988;-9;126;150;850;Indonesia;avr-06
134;1989;-9;126;150;850;Indonesia;avr-06
134;1992;-9;126;150;850;Indonesia;avr-06
134;1997;-9;126;150;850;Indonesia;avr-06
134;1998;-9;126;150;850;Indonesia;avr-06
135;1975;25;-14;500;600;Morocco;avr-06
135;1976;25;-14;500;600;Morocco;avr-06
135;1977;25;-14;500;600;Morocco;avr-06
135;1978;25;-14;500;600;Morocco;avr-06
135;1979;25;-14;500;600;Morocco;avr-06
135;1980;25;-14;500;600;Morocco;avr-06
135;1981;25;-14;500;600;Morocco;avr-06
135;1982;25;-14;500;600;Morocco;avr-06
135;1983;25;-14;500;600;Morocco;avr-06
135;1984;25;-14;500;600;Morocco;avr-06
135;1985;25;-14;500;600;Morocco;avr-06
135;1986;25;-14;500;600;Morocco;avr-06
135;1987;25;-14;500;600;Morocco;avr-06
135;1988;25;-14;500;600;Morocco;avr-06
135;1989;25;-14;500;600;Morocco;avr-06
136;1977;-15,5;36,5;650;541;Mozambique;avr-06
136;1978;-15,5;36,5;650;541;Mozambique;avr-06
136;1979;-15,5;36,5;650;541;Mozambique;avr-06
136;1980;-15,5;36,5;650;541;Mozambique;avr-06
136;1981;-20;35;800;541;Mozambique;avr-06
136;1982;-20;35;800;541;Mozambique;avr-06
136;1983;-20;35;800;541;Mozambique;avr-06
136;1984;-20;35;800;541;Mozambique;avr-06
136;1985;-20;35;800;541;Mozambique;avr-06
136;1986;-20;35;800;541;Mozambique;avr-06
136;1987;-20;35;800;541;Mozambique;avr-06
136;1988;-20;35;800;541;Mozambique;avr-06
136;1989;-20;35;800;541;Mozambique;avr-06
136;1990;-20;35;800;541;Mozambique;avr-06
136;1991;-20;35;800;541;Mozambique;avr-06
136;1992;-20;35;800;541;Mozambique;avr-06
137;1978;35;67;600;700;Afghanistan;avr-06
137;1979;35;67;600;700;Afghanistan;avr-06
137;1980;35;67;600;700;Afghanistan;avr-06
137;1981;35;67;600;700;Afghanistan;avr-06
137;1982;35;67;600;700;Afghanistan;avr-06
137;1983;35;67;600;700;Afghanistan;avr-06
137;1984;35;67;600;700;Afghanistan;avr-06
137;1985;35;67;600;700;Afghanistan;avr-06
137;1986;35;67;600;700;Afghanistan;avr-06
137;1987;35;67;600;700;Afghanistan;avr-06
137;1988;35;67;600;700;Afghanistan;avr-06
137;1989;35;67;600;700;Afghanistan;avr-06
137;1990;35;67;600;700;Afghanistan;avr-06
137;1991;35;67;600;700;Afghanistan;avr-06
137;1992;35;67;600;700;Afghanistan;avr-06
137;1993;35;67;600;700;Afghanistan;avr-06
137;1994;35;67;600;700;Afghanistan;avr-06
137;1995;35;67;600;700;Afghanistan;avr-06
137;1996;35;67;600;700;Afghanistan;avr-06
137;1997;35;67;600;700;Afghanistan;avr-06
137;1998;35;67;600;700;Afghanistan;avr-06
137;1999;35;67;600;700;Afghanistan;avr-06
137;2000;35;67;600;700;Afghanistan;avr-06
141;1989;5;45;900;520;Somalia;avr-06
141;1990;5;45;900;520;Somalia;avr-06
141;1991;5;45;900;520;Somalia;avr-06
141;1992;5;45;900;520;Somalia;avr-06
141;1993;5;45;900;520;Somalia;avr-06
141;1994;5;45;900;520;Somalia;avr-06
141;1995;5;45;900;520;Somalia;avr-06
141;1996;5;45;900;520;Somalia;avr-06
141;2001;5;45;900;520;Somalia;avr-06
141;2002;5;45;900;520;Somalia;avr-06
142;1979;1,5;10;100;411;Equatorial Guinea;avr-06
143;1979;34;46;200;630;Iran;avr-06
143;1980;34;46;200;630;Iran;avr-06
143;1981;34;46;200;630;Iran;avr-06
143;1982;34;46;200;630;Iran;avr-06
143;1986;35;49;400;630;Iran;avr-06
143;1987;35;49;400;630;Iran;avr-06
143;1988;35;49;400;630;Iran;avr-06
143;1991;35;49;400;630;Iran;avr-06
143;1992;35;49;400;630;Iran;avr-06
143;1993;35;49;400;630;Iran;avr-06
143;1997;35;49;400;630;Iran;avr-06
143;1999;35;49;400;630;Iran;avr-06
143;2000;35,5;52;100;630;Iran;avr-06
143;2001;35,5;52;100;630;Iran;avr-06
143;2005;36;47;200;630;Iran;avr-06
144;1979;31;49;150;630;Iran;avr-06
144;1980;31;49;150;630;Iran;avr-06
145;1979;21,45;39,82;50;670;Saudi Arabia;avr-06
146;1980;6,32;-10,8;50;450;Liberia;avr-06
146;1989;6;-10;300;450;Liberia;avr-06
146;1990;6;-10;300;450;Liberia;avr-06
146;1991;6;-10;300;450;Liberia;avr-06
146;1992;6;-10;300;450;Liberia;avr-06
146;1993;6;-10;300;450;Liberia;avr-06
146;1994;6;-10;300;450;Liberia;avr-06
146;1995;6;-10;300;450;Liberia;avr-06
146;2000;7,5;-10,5;150;450;Liberia;avr-06
146;2001;7,5;-10,5;150;450;Liberia;avr-06
146;2002;7,5;-10,5;150;450;Liberia;avr-06
146;2003;7,5;-10,5;150;450;Liberia;avr-06
147;1980;43;-2,5;100;230;Spain;avr-06
147;1981;43;-2,5;100;230;Spain;avr-06
147;1987;43;-2,5;100;230;Spain;avr-06
147;1991;43;-2,5;100;230;Spain;avr-06
147;1992;43;-2,5;100;230;Spain;avr-06
148;1980;34,5;9;50;616;Tunisia;avr-06
149;1981;13,45;-16,58;50;420;Gambia;avr-06
150;1981;-30;26;900;560;South Africa;avr-06
150;1982;-30;26;900;560;South Africa;avr-06
150;1983;-30;26;900;560;South Africa;avr-06
150;1984;-30;26;900;560;South Africa;avr-06
150;1985;-30;26;900;560;South Africa;avr-06
150;1986;-30;26;900;560;South Africa;avr-06
150;1987;-30;26;900;560;South Africa;avr-06
150;1988;-30;26;900;560;South Africa;avr-06
151;1982;-52;-60;300;200;British Territory of Falkland;avr-06
152;1982;24,5;94;150;750;India;avr-06
152;1983;24,5;94;150;750;India;avr-06
152;1984;24,5;94;150;750;India;avr-06
152;1985;24,5;94;150;750;India;avr-06
152;1986;24,5;94;150;750;India;avr-06
152;1987;24,5;94;150;750;India;avr-06
152;1988;24,5;94;150;750;India;avr-06
152;1992;24,5;94;150;750;India;avr-06
152;1993;24,5;94;150;750;India;avr-06
152;1994;24,5;94;150;750;India;avr-06
152;1995;24,5;94;150;750;India;avr-06
152;1996;24,5;94;150;750;India;avr-06
152;1997;24,5;94;150;750;India;avr-06
152;1998;24,5;94;150;750;India;avr-06
152;1999;24,5;94;150;750;India;avr-06
152;2000;24,5;94;150;750;India;avr-06
152;2003;24,5;94;150;750;India;avr-06
152;2004;24,5;94;150;750;India;avr-06
152;2005;24,5;94;150;750;India;avr-06
153;1982;-1;37;100;501;Kenya;avr-06
154;1983;13,5;13,35;50;483,475;Nigeria,Chad;avr-06
155;1983;12,12;-61,67;50;22;Grenada;avr-06
156;1983;31;76;150;750;India;avr-06
156;1984;31;76;150;750;India;avr-06
156;1985;31;76;150;750;India;avr-06
156;1986;31;76;150;750;India;avr-06
156;1987;31;76;150;750;India;avr-06
156;1988;31;76;150;750;India;avr-06
156;1989;31;76;150;750;India;avr-06
156;1990;31;76;150;750;India;avr-06
156;1991;31;76;150;750;India;avr-06
156;1992;31;76;150;750;India;avr-06
156;1993;31;76;150;750;India;avr-06
157;1983;8,5;80,5;200;780;Sri Lanka;avr-06
157;1984;8,5;80,5;200;780;Sri Lanka;avr-06
157;1985;8,5;80,5;200;780;Sri Lanka;avr-06
157;1986;8,5;80,5;200;780;Sri Lanka;avr-06
157;1987;8,5;80,5;200;780;Sri Lanka;avr-06
157;1988;8,5;80,5;200;780;Sri Lanka;avr-06
157;1989;8,5;80,5;200;780;Sri Lanka;avr-06
157;1990;8,5;80,5;200;780;Sri Lanka;avr-06
157;1991;8,5;80,5;200;780;Sri Lanka;avr-06
157;1992;8,5;80,5;200;780;Sri Lanka;avr-06
157;1993;8,5;80,5;200;780;Sri Lanka;avr-06
157;1994;8,5;80,5;200;780;Sri Lanka;avr-06
157;1995;8,5;80,5;200;780;Sri Lanka;avr-06
157;1996;8,5;80,5;200;780;Sri Lanka;avr-06
157;1997;8,5;80,5;200;780;Sri Lanka;avr-06
157;1998;8,5;80,5;200;780;Sri Lanka;avr-06
157;1999;8,5;80,5;200;780;Sri Lanka;avr-06
157;2000;8,5;80,5;200;780;Sri Lanka;avr-06
157;2001;8,5;80,5;200;780;Sri Lanka;avr-06
157;2003;8,5;80,5;200;780;Sri Lanka;avr-06
157;2005;8,5;80,5;200;780;Sri Lanka;avr-06
158;1984;3,87;11,52;50;471;Cameroon;avr-06
159;1984;37,5;43;200;640;Turkey;avr-06
159;1985;37,5;43;200;640;Turkey;avr-06
159;1986;37,5;43;200;640;Turkey;avr-06
159;1987;37,5;43;200;640;Turkey;avr-06
159;1988;37,5;43;200;640;Turkey;avr-06
159;1989;37,5;43;200;640;Turkey;avr-06
159;1990;37,5;43;200;640;Turkey;avr-06
137;2001;35;67;600;700;Afghanistan;avr-06
137;2003;35;67;600;700;Afghanistan;avr-06
137;2004;35;67;600;700;Afghanistan;avr-06
137;2005;35;67;600;700;Afghanistan;avr-06
138;1978;23;105;200;710,816;China,Vietnam;avr-06
138;1979;23;105;200;710,816;China,Vietnam;avr-06
138;1980;23;105;200;710,816;China,Vietnam;avr-06
138;1981;23;105;200;710,816;China,Vietnam;avr-06
138;1983;23;105;350;710,816;China,Vietnam;avr-06
138;1984;23;105;350;710,816;China,Vietnam;avr-06
138;1986;23;105;350;710,816;China,Vietnam;avr-06
138;1987;23;105;350;710,816;China,Vietnam;avr-06
138;1988;23;105;350;710,816;China,Vietnam;avr-06
139;1978;24;92;100;750;India;avr-06
139;1979;24;92;100;750;India;avr-06
139;1980;24;92;100;750;India;avr-06
139;1981;24;92;100;750;India;avr-06
139;1982;24;92;100;750;India;avr-06
139;1983;24;92;100;750;India;avr-06
139;1984;24;92;100;750;India;avr-06
139;1985;24;92;100;750;India;avr-06
139;1986;24;92;100;750;India;avr-06
139;1987;24;92;100;750;India;avr-06
139;1988;24;92;100;750;India;avr-06
139;1992;24;92;100;750;India;avr-06
139;1993;24;92;100;750;India;avr-06
139;1995;24;92;100;750;India;avr-06
139;1997;24;92;100;750;India;avr-06
139;1998;24;92;100;750;India;avr-06
139;1999;24;92;100;750;India;avr-06
139;2000;24;92;100;750;India;avr-06
139;2001;24;92;100;750;India;avr-06
139;2002;24;92;100;750;India;avr-06
139;2003;24;92;100;750;India;avr-06
139;2004;24;92;100;750;India;avr-06
140;1978;13;-85;300;93;Nicaragua;avr-06
140;1979;13;-85;300;93;Nicaragua;avr-06
140;1981;13;-85;300;93;Nicaragua;avr-06
140;1982;13;-85;300;93;Nicaragua;avr-06
140;1983;13;-85;300;93;Nicaragua;avr-06
140;1984;13;-85;300;93;Nicaragua;avr-06
140;1985;13;-85;300;93;Nicaragua;avr-06
140;1986;13;-85;300;93;Nicaragua;avr-06
140;1987;13;-85;300;93;Nicaragua;avr-06
140;1988;13;-85;300;93;Nicaragua;avr-06
140;1989;13;-85;300;93;Nicaragua;avr-06
141;1978;2,03;45,37;50;520;Somalia;avr-06
141;1981;2;43;400;520;Somalia;avr-06
141;1982;2;43;400;520;Somalia;avr-06
141;1983;2;43;400;520;Somalia;avr-06
141;1984;2;43;400;520;Somalia;avr-06
141;1985;2;43;400;520;Somalia;avr-06
141;1986;2;43;400;520;Somalia;avr-06
141;1987;10;46;350;520;Somalia;avr-06
141;1988;10;46;350;520;Somalia;avr-06
159;1991;37,5;43;200;640;Turkey;avr-06
159;1992;37,5;43;200;640;Turkey;avr-06
159;1993;37,5;43;200;640;Turkey;avr-06
159;1994;37,5;43;200;640;Turkey;avr-06
159;1995;37,5;43;200;640;Turkey;avr-06
159;1996;37,5;43;200;640;Turkey;avr-06
159;1997;37,5;43;200;640;Turkey;avr-06
159;1998;37,5;43;200;640;Turkey;avr-06
159;1999;37,5;43;200;640;Turkey;avr-06
159;2000;37,5;43;200;640;Turkey;avr-06
159;2001;37,5;43;200;640;Turkey;avr-06
159;2002;37,5;43;200;640;Turkey;avr-06
159;2003;37,5;43;200;640;Turkey;avr-06
159;2005;37,5;43;200;640;Turkey;avr-06
159;2004;37,5;43;200;640;Turkey;avr-06
160;1985;13,5;-4;300;439,432;Burkino Faso,Mali;avr-06
161;1986;17,5;101;100;812,8;Laos,Thailand;avr-06
161;1987;17,5;101;100;812,8;Laos,Thailand;avr-06
161;1988;17,5;101;100;812,8;Laos,Thailand;avr-06
162;1986;4;-55;200;115;Surinam;avr-06
162;1987;4;-55;200;115;Surinam;avr-06
162;1988;4;-55;200;115;Surinam;avr-06
163;1986;6,13;1,22;50;461;Togo;avr-06
163;1991;6,13;1,22;50;461;Togo;avr-06
164;1986;12,77;45,01;50;680;Yemen (South);avr-06
165;1987;12,37;-1,52;50;439;Burkina Faso;avr-06
166;1987;21;18;300;483;Chad;avr-06
167;1989;-11,68;43,27;50;581;Comoros;avr-06
168;1989;12,5;42,5;100;530;Ethiopia;avr-06
168;1990;12,5;42,5;100;530;Ethiopia;avr-06
168;1991;12,5;42,5;100;530;Ethiopia;avr-06
168;1996;12,5;42,5;100;530;Ethiopia;avr-06
169;1989;33;77;250;750;India;avr-06
169;1990;33;77;250;750;India;avr-06
169;1991;33;77;250;750;India;avr-06
169;1992;33;77;250;750;India;avr-06
169;1993;33;77;250;750;India;avr-06
169;1994;33;77;250;750;India;avr-06
169;1995;33;77;250;750;India;avr-06
169;1996;33;77;250;750;India;avr-06
169;1997;33;77;250;750;India;avr-06
169;1998;33;77;250;750;India;avr-06
169;1999;33;77;250;750;India;avr-06
169;2000;33;77;250;750;India;avr-06
169;2001;33;77;250;750;India;avr-06
169;2002;33;77;250;750;India;avr-06
169;2003;33;77;250;750;India;avr-06
169;2004;33;77;250;750;India;avr-06
169;2005;33;77;250;750;India;avr-06
170;2005;26;93;150;750;India;avr-06
170;2004;26;93;150;750;India;avr-06
170;1990;26;93;150;750;India;avr-06
170;1991;26;93;150;750;India;avr-06
170;1994;26;93;150;750;India;avr-06
170;1995;26;93;150;750;India;avr-06
170;1996;26;93;150;750;India;avr-06
170;1997;26;93;150;750;India;avr-06
170;1998;26;93;150;750;India;avr-06
170;1999;26;93;150;750;India;avr-06
170;2000;26;93;150;750;India;avr-06
170;2001;26;93;150;750;India;avr-06
170;2002;26;93;150;750;India;avr-06
170;2003;26;93;150;750;India;avr-06
171;1990;4;97;250;850;Indonesia;avr-06
171;1991;4;97;250;850;Indonesia;avr-06
171;1999;4;97;250;850;Indonesia;avr-06
171;2000;4;97;250;850;Indonesia;avr-06
171;2001;4;97;250;850;Indonesia;avr-06
171;2002;4;97;250;850;Indonesia;avr-06
171;2003;4;97;250;850;Indonesia;avr-06
171;2004;4;97;250;850;Indonesia;avr-06
171;2005;4;97;250;850;Indonesia;avr-06
172;1989;8,97;-79,52;50;95;Panama;avr-06
173;1989;9;-79,5;100;95;Panama;avr-06
174;1989;-6;155;100;910;Papua New Guinea;avr-06
174;1990;-6;155;100;910;Papua New Guinea;avr-06
174;1992;-6;155;100;910;Papua New Guinea;avr-06
174;1993;-6;155;100;910;Papua New Guinea;avr-06
174;1994;-6;155;100;910;Papua New Guinea;avr-06
174;1995;-6;155;100;910;Papua New Guinea;avr-06
174;1996;-6;155;100;910;Papua New Guinea;avr-06
175;1989;46;25;300;360;Romania;avr-06
176;1990;30;47;150;690;Kuwait;avr-06
176;1991;31;46;350;645,69;Iraq,Kuwait;avr-06
177;1990;19;-1;500;432;Mali;avr-06
177;1994;19;-1;500;432;Mali;avr-06
178;1992;19;9;500;436;Niger;avr-06
178;1994;19;9;500;436;Niger;avr-06
178;1997;19;9;500;436;Niger;avr-06
179;1990;-1,5;30;100;517;Rwanda;avr-06
179;1991;-1,3;30;100;517;Rwanda;avr-06
179;1992;-1,3;30;100;517;Rwanda;avr-06
179;1993;-2;30;100;517;Rwanda;avr-06
179;1994;-2;30;100;517;Rwanda;avr-06
179;1997;-2;30;100;517;Rwanda;avr-06
179;1998;-2;30;100;517;Rwanda;avr-06
179;1999;-2;30;100;517;Rwanda;avr-06
179;2000;-2;30;100;517;Rwanda;avr-06
179;2001;-2;30;100;517;Rwanda;avr-06
179;2002;-2;30;100;517;Rwanda;avr-06
180;1990;13;-15;200;433;Senegal;avr-06
180;1992;13;-15;200;433;Senegal;avr-06
180;1993;13;-15;200;433;Senegal;avr-06
180;1995;13;-15;200;433;Senegal;avr-06
180;1997;13;-15;200;433;Senegal;avr-06
180;1998;13;-15;200;433;Senegal;avr-06
180;1999;13;-15;200;433;Senegal;avr-06
180;2000;13;-15;200;433;Senegal;avr-06
180;2001;13;-15;200;433;Senegal;avr-06
180;2003;13;-15;200;433;Senegal;avr-06
181;1990;39,92;46,75;50;365;Soviet Union;avr-06
181;1991;39,92;46,75;50;365;Soviet Union;avr-06
182;1990;40,5;47,5;250;365;Soviet Union;avr-06
183;1990;10,65;-61,52;50;52;Trinidad and Tobago;avr-06
184;1991;12;42,5;150;522;Djibouti;avr-06
184;1992;12;42,5;150;522;Djibouti;avr-06
184;1993;12;42,5;150;522;Djibouti;avr-06
184;1994;12;42,5;150;522;Djibouti;avr-06
184;1999;12;42,5;150;522;Djibouti;avr-06
185;1991;42;43;150;372;Georgia;avr-06
185;1992;42;43;150;372;Georgia;avr-06
185;1993;42;43;150;372;Georgia;avr-06
186;1989;19;-73;150;41;Haiti;avr-06
186;1991;19;-73;150;41;Haiti;avr-06
186;2004;19;-73;150;41;Haiti;avr-06
187;1991;8;-12;150;451;Sierra Leone;avr-06
187;1992;8;-12;150;451;Sierra Leone;avr-06
187;1993;8;-12;150;451;Sierra Leone;avr-06
187;1994;8;-12;150;451;Sierra Leone;avr-06
187;1995;8;-12;150;451;Sierra Leone;avr-06
187;1996;8;-12;150;451;Sierra Leone;avr-06
187;1997;8;-12;150;451;Sierra Leone;avr-06
187;1998;8;-12;150;451;Sierra Leone;avr-06
187;1999;8;-12;150;451;Sierra Leone;avr-06
187;2000;8;-12;150;451;Sierra Leone;avr-06
188;1991;39;32;500;640;Turkey;avr-06
188;1992;39;32;500;640;Turkey;avr-06
188;2005;39;39;100;640;Turkey;avr-06
189;1991;46;15;150;345;Yugoslavia;avr-06
190;1991;44,5;15,5;300;345;Yugoslavia;avr-06
191;1991;35;3;600;615;Algeria;avr-06
191;1992;35;3;600;615;Algeria;avr-06
191;1993;35;3;600;615;Algeria;avr-06
191;1994;35;3;600;615;Algeria;avr-06
191;1995;35;3;600;615;Algeria;avr-06
191;1996;35;3;600;615;Algeria;avr-06
191;1997;35;3;600;615;Algeria;avr-06
191;1998;35;3;600;615;Algeria;avr-06
191;1999;35;3;600;615;Algeria;avr-06
191;2000;35;3;600;615;Algeria;avr-06
191;2001;35;3;600;615;Algeria;avr-06
191;2002;35;3;600;615;Algeria;avr-06
191;2003;35;3;600;615;Algeria;avr-06
191;2004;35;3;600;615;Algeria;avr-06
191;2005;34,5;5,5;250;615;Algeria;avr-06
192;2004;-5;12;100;540;Angola;avr-06
192;1991;-5;12;100;540;Angola;avr-06
192;1994;-5;12;100;540;Angola;avr-06
192;1996;-5;12;100;540;Angola;avr-06
192;1997;-5;12;100;540;Angola;avr-06
192;1998;-5;12;100;540;Angola;avr-06
192;2002;-5;12;100;540;Angola;avr-06
193;1992;39,5;46,5;100;373;Azerbaijan;avr-06
193;1993;39,5;46,5;100;373;Azerbaijan;avr-06
193;1994;39,5;46,5;100;373;Azerbaijan;avr-06
193;2005;39,75;46,75;100;373;Azerbaijan;avr-06
194;1992;44;17,5;200;346;Bosnia and Herzegovina;avr-06
194;1993;44;17,5;200;346;Bosnia and Herzegovina;avr-06
194;1994;44;17,5;200;346;Bosnia and Herzegovina;avr-06
194;1995;44;17,5;200;346;Bosnia and Herzegovina;avr-06
195;1992;45;15,5;200;344;Croatia;avr-06
195;1993;45;15,5;200;344;Croatia;avr-06
195;1995;45;15,5;200;344;Croatia;avr-06
196;1993;28;32;400;651;Egypt;avr-06
196;1994;28;32;400;651;Egypt;avr-06
196;1995;28;32;400;651;Egypt;avr-06
196;1996;28;32;400;651;Egypt;avr-06
196;1997;28;32;400;651;Egypt;avr-06
196;1998;28;32;400;651;Egypt;avr-06
197;1992;43;41;50;372;Georgia;avr-06
197;1993;43;41;100;372;Georgia;avr-06
198;1992;42,33;44;50;372;Georgia;avr-06
198;2004;42,33;44;50;372;Georgia;avr-06
199;1992;47;29,5;50;359;Moldova;avr-06
200;1992;38;69;150;702;Tajikistan;avr-06
200;1993;38;69;150;702;Tajikistan;avr-06
200;1994;38;69;150;702;Tajikistan;avr-06
200;1995;38;69;150;702;Tajikistan;avr-06
200;1996;38;69;150;702;Tajikistan;avr-06
200;1998;39;70;200;702;Tajikistan;avr-06
201;1993;40,35;48;200;373;Azerbaijan;avr-06
201;1995;40,38;49,51;50;373;Azerbaijan;avr-06
202;1993;44,81;15,85;100;346;Bosnia and Herzegovina;avr-06
202;1994;44,81;15,85;100;346;Bosnia and Herzegovina;avr-06
202;1995;44,81;15,85;100;346;Bosnia and Herzegovina;avr-06
203;1993;44;17,5;200;346;Bosnia and Herzegovina;avr-06
203;1994;44;17,5;200;346;Bosnia and Herzegovina;avr-06
204;1993;55,75;35,58;50;365;Russia;avr-06
205;1994;17;-92,5;200;70;Mexico;avr-06
205;1996;17;-92,5;200;70;Mexico;avr-06
206;1994;43,25;45,5;100;365;Russia;avr-06
206;1995;43,25;45,5;100;365;Russia;avr-06
206;1996;43,25;45,5;100;365;Russia;avr-06
206;1999;43,25;45,5;100;365;Russia;avr-06
206;2000;43,25;45,5;100;365;Russia;avr-06
206;2001;43,25;45,5;100;365;Russia;avr-06
206;2002;43,25;45,5;100;365;Russia;avr-06
206;2003;43,25;45,5;100;365;Russia;avr-06
206;2004;43,25;45,5;100;365;Russia;avr-06
206;2005;43,25;45,5;100;365;Russia;avr-06
207;1994;14;44;250;679;Yemen;avr-06
208;1995;-3,5;-78,5;50;130,135;Ecuador,Peru;avr-06
209;1990;24,87;67,03;50;770;Pakistan;avr-06
209;1995;24,87;67,03;50;770;Pakistan;avr-06
209;1996;24,87;67,03;50;770;Pakistan;avr-06
210;1996;5;9;150;471,475;Cameroon,Nigeria;avr-06
211;1996;7,5;44;400;530;Ethiopia;avr-06
211;1997;7,5;44;400;530;Ethiopia;avr-06
211;1999;7,5;44;400;530;Ethiopia;avr-06
212;1996;18;13;500;436;Niger;avr-06
212;1997;18;13;500;436;Niger;avr-06
213;1997;-12,25;44,42;50;581;Comoros;avr-06
214;1993;-3;14;200;484;Congo-Brazzaville;avr-06
214;1994;-3;14;200;484;Congo-Brazzaville;avr-06
214;1997;-3;14;200;484;Congo-Brazzaville;avr-06
214;1998;-3;14;200;484;Congo-Brazzaville;avr-06
214;1999;-3;14;200;484;Congo-Brazzaville;avr-06
214;2002;-3;14;200;484;Congo-Brazzaville;avr-06
215;1998;15;39;300;531,53;Eritrea,Ethiopia;avr-06
215;1999;15;39;300;531,53;Eritrea,Ethiopia;avr-06
215;2000;15;39;300;531,53;Eritrea,Ethiopia;avr-06
216;1998;11,85;-15,58;50;404;Guinea-Bissau;avr-06
216;1999;11,85;-15,58;50;404;Guinea-Bissau;avr-06
217;1998;-29,47;27,48;50;570;Lesotho;avr-06
218;1998;42,5;21;100;345;Yugoslavia;avr-06
218;1999;42,5;21;100;345;Yugoslavia;avr-06
219;1989;8;39;500;530;Ethiopia;avr-06
219;1990;8;39;500;530;Ethiopia;avr-06
219;1991;8;39;500;530;Ethiopia;avr-06
219;1999;8;39;500;530;Ethiopia;avr-06
219;2000;8;39;500;530;Ethiopia;avr-06
219;2001;8;39;500;530;Ethiopia;avr-06
219;2002;8;39;500;530;Ethiopia;avr-06
219;2003;8;39;500;530;Ethiopia;avr-06
219;2005;8;39;500;530;Ethiopia;avr-06
219;2004;8;39;500;530;Ethiopia;avr-06
220;1999;43;47;250;365;Russia;avr-06
221;2000;41;69,5;50;704;Uzbekistan;avr-06
221;2004;41;69,5;50;704;Uzbekistan;avr-06
222;2001;4,73;18,58;50;482;Central African Republic;avr-06
222;2002;4,73;18,58;50;482;Central African Republic;avr-06
223;2001;41,5;21,5;100;343;Macedonia;avr-06
224;2001;40;-77;300;2;USA;avr-06
224;2002;35;67;600;700;Afghanistan;avr-06
224;2004;35;67;600;700;Afghanistan;avr-06
224;2005;;;;700;Afghanistan;avr-06
225;2004;7,5;-5,5;400;437;Ivory Coast;avr-06
225;2002;7,5;-5,5;400;437;Ivory Coast;avr-06
225;2003;7,5;-5,5;400;437;Ivory Coast;avr-06
226;2003;33;44;550;645;Iraq;avr-06
227;1989;26;93;150;750;India;avr-06
227;1990;26;93;150;750;India;avr-06
227;1993;26;93;150;750;India;avr-06
227;1994;26;93;150;750;India;avr-06
227;1995;26;93;150;750;India;avr-06
227;1996;26;93;150;750;India;avr-06
227;1997;26;93;150;750;India;avr-06
227;1998;26;93;150;750;India;avr-06
227;1999;26;93;150;750;India;avr-06
227;2000;26;93;150;750;India;avr-06
227;2001;26;93;150;750;India;avr-06
227;2002;26;93;150;750;India;avr-06
227;2003;26;93;150;750;India;avr-06
227;2004;26;93;150;750;India;avr-06
228;1997;22,5;97;50;775;Myanmar;avr-06
248;2005;6,5;101,25;100;800;Thailand;avr-06
248;2003;6,5;101,25;100;800;Thailand;avr-06
248;2004;6,5;101,25;100;800;Thailand;avr-06
249;2004;11,5;12;250;475;Nigeria;avr-06
250;2004;4,75;7;150;475;Nigeria;avr-06
